2026-07-23 11:52:11,045 main WARN Advanced terminal features are not available in this environment
[11:52:11] [main/INFO] [cp.mo.mo.Launcher/MODLAUNCHER]: ModLauncher running: args [--username, Ic2SmokeTest, --version, Forge 1.19.2, --gameDir, C:\Users\mot\AppData\Roaming\.minecraft\ic2-experimental-port\smoke-instance, --assetsDir, C:\Users\mot\AppData\Roaming\.minecraft\assets, --assetIndex, 1.19, --uuid, 00000000000000000000000000000001, --accessToken, ????????, --clientId, 0, --xuid, 0, --userType, legacy, --versionType, modified, --width, 854, --height, 480, --launchTarget, forgeclient, --fml.forgeVersion, 43.5.2, --fml.mcVersion, 1.19.2, --fml.forgeGroup, net.minecraftforge, --fml.mcpVersion, 20220805.130853]
[11:52:11] [main/INFO] [cp.mo.mo.Launcher/MODLAUNCHER]: ModLauncher 10.0.8+10.0.8+main.0ef7e830 starting: java version 17.0.15 by Microsoft; OS Windows 10 arch amd64 version 10.0
[11:52:11] [main/INFO] [mixin/]: SpongePowered MIXIN Subsystem Version=0.8.5 Source=union:/C:/Users/mot/AppData/Roaming/.minecraft/libraries/org/spongepowered/mixin/0.8.5/mixin-0.8.5.jar%2398!/ Service=ModLauncher Env=CLIENT
[11:52:11] [main/WARN] [ne.mi.fm.lo.mo.ModFileParser/LOADING]: Mod file C:\Users\mot\AppData\Roaming\.minecraft\libraries\net\minecraftforge\fmlcore\1.19.2-43.5.2\fmlcore-1.19.2-43.5.2.jar is missing mods.toml file
[11:52:11] [main/WARN] [ne.mi.fm.lo.mo.ModFileParser/LOADING]: Mod file C:\Users\mot\AppData\Roaming\.minecraft\libraries\net\minecraftforge\javafmllanguage\1.19.2-43.5.2\javafmllanguage-1.19.2-43.5.2.jar is missing mods.toml file
[11:52:11] [main/WARN] [ne.mi.fm.lo.mo.ModFileParser/LOADING]: Mod file C:\Users\mot\AppData\Roaming\.minecraft\libraries\net\minecraftforge\lowcodelanguage\1.19.2-43.5.2\lowcodelanguage-1.19.2-43.5.2.jar is missing mods.toml file
[11:52:11] [main/WARN] [ne.mi.fm.lo.mo.ModFileParser/LOADING]: Mod file C:\Users\mot\AppData\Roaming\.minecraft\libraries\net\minecraftforge\mclanguage\1.19.2-43.5.2\mclanguage-1.19.2-43.5.2.jar is missing mods.toml file
[11:52:12] [main/WARN] [ne.mi.ja.se.JarSelector/]: Attempted to select a dependency jar for JarJar which was passed in as source: ritchiesprojectilelib. Using Mod File: C:\Users\mot\AppData\Roaming\.minecraft\ic2-experimental-port\smoke-instance\mods\ritchiesprojectilelib-2.0.0-dev+mc.1.19.2-forge-build.181.jar
[11:52:12] [main/INFO] [ne.mi.fm.lo.mo.JarInJarDependencyLocator/]: Found 17 dependencies adding them to mods collection
[11:52:13] [main/ERROR] [mixin/]: Mixin config dynamiclightsreforged.mixins.json does not specify "minVersion" property
[11:52:13] [main/INFO] [mixin/]: Compatibility level set to JAVA_17
[11:52:13] [main/ERROR] [mixin/]: Mixin config cameraoverhaul.mixins.json does not specify "minVersion" property
[11:52:13] [main/ERROR] [mixin/]: Mixin config entity_model_features.mixins.json does not specify "minVersion" property
[11:52:13] [main/ERROR] [mixin/]: Mixin config mixins.oculus.compat.sodium.json does not specify "minVersion" property
[11:52:13] [main/INFO] [mixin/]: Successfully loaded Mixin Connector [com.sonicether.soundphysics.MixinConnector]
[11:52:13] [main/INFO] [mixin/]: Successfully loaded Mixin Connector [org.tlauncher.MixinConnector]
[11:52:13] [main/INFO] [cp.mo.mo.LaunchServiceHandler/MODLAUNCHER]: Launching target 'forgeclient' with arguments [--version, Forge 1.19.2, --gameDir, C:\Users\mot\AppData\Roaming\.minecraft\ic2-experimental-port\smoke-instance, --assetsDir, C:\Users\mot\AppData\Roaming\.minecraft\assets, --uuid, 00000000000000000000000000000001, --username, Ic2SmokeTest, --assetIndex, 1.19, --accessToken, ????????, --clientId, 0, --xuid, 0, --userType, legacy, --versionType, modified, --width, 854, --height, 480]
[11:52:13] [main/INFO] [Embeddium/]: Loaded configuration file for Embeddium: 107 options available, 1 override(s) found
[11:52:13] [main/WARN] [mixin/]: Reference map 'ambientsounds.mixins.refmap.json' for ambientsounds.mixins.json could not be read. If this is a development environment you can ignore this message
[11:52:13] [main/WARN] [mixin/]: Reference map '${refmap_target}refmap.json' for corgilib.forge.mixins.json could not be read. If this is a development environment you can ignore this message
net.minecraft.world.level.block.entity.BlockEntityType --- dev.lambdaurora.lambdynlights.mixin.BlockEntityTypeMixin
net.minecraft.client.multiplayer.ClientLevel --- dev.lambdaurora.lambdynlights.mixin.ClientWorldMixin
net.minecraft.client.renderer.LevelRenderer --- dev.lambdaurora.lambdynlights.mixin.CommonWorldRendererMixin
net.minecraft.client.gui.components.DebugScreenOverlay --- dev.lambdaurora.lambdynlights.mixin.DebugHudMixin
net.minecraft.client.renderer.entity.EntityRenderer --- dev.lambdaurora.lambdynlights.mixin.EntityRendererMixin
net.minecraft.world.entity.EntityType --- dev.lambdaurora.lambdynlights.mixin.EntityTypeMixin
net.minecraft.client.Minecraft --- dev.lambdaurora.lambdynlights.mixin.MinecraftClientMixin
net.minecraft.world.level.Level --- dev.lambdaurora.lambdynlights.mixin.WorldMixin
net.minecraft.client.renderer.LevelRenderer --- dev.lambdaurora.lambdynlights.mixin.WorldRendererMixin
net.minecraft.world.entity.decoration.HangingEntity --- dev.lambdaurora.lambdynlights.mixin.lightsource.AbstractDecorationEntityMixin
net.minecraft.world.entity.vehicle.AbstractMinecart --- dev.lambdaurora.lambdynlights.mixin.lightsource.AbstractMinecartEntityMixin
net.minecraft.world.level.block.entity.BlockEntity --- dev.lambdaurora.lambdynlights.mixin.lightsource.BlockEntityMixin
net.minecraft.world.entity.Entity --- dev.lambdaurora.lambdynlights.mixin.lightsource.EntityMixin
net.minecraft.world.entity.projectile.AbstractHurtingProjectile --- dev.lambdaurora.lambdynlights.mixin.lightsource.ExplosiveProjectileEntityMixin
net.minecraft.world.entity.LivingEntity --- dev.lambdaurora.lambdynlights.mixin.lightsource.LivingEntityMixin
net.minecraft.world.entity.player.Player --- dev.lambdaurora.lambdynlights.mixin.lightsource.PlayerEntityMixin
net.minecraft.world.entity.item.PrimedTnt --- dev.lambdaurora.lambdynlights.mixin.lightsource.TntEntityMixin
me.jellysquid.mods.sodium.client.gui.SodiumOptionsGUI --- dev.lambdaurora.lambdynlights.mixin.sodium.SodiumSettingsMixin
[Tough As Nails Transformer]: Transforming m_36399_ (F)V in net/minecraft/world/entity/player/Player
[Tough As Nails Transformer]: Successfully patched causeFoodExhaustion
[11:52:13] [main/WARN] [mixin/]: Error loading class: com/illusivesoulworks/comforts/common/block/BaseComfortsBlock (java.lang.ClassNotFoundException: com.illusivesoulworks.comforts.common.block.BaseComfortsBlock)
[11:52:13] [main/WARN] [mixin/]: @Mixin target com.illusivesoulworks.comforts.common.block.BaseComfortsBlock was not found undeadnights.mixins.json:BaseComfortBlocksMixin
[11:52:13] [main/WARN] [mixin/]: Error loading class: net/raphimc/immediatelyfast/feature/core/ImmediateAdapter (java.lang.ClassNotFoundException: net.raphimc.immediatelyfast.feature.core.ImmediateAdapter)
[11:52:13] [main/WARN] [mixin/]: Error loading class: dev/tr7zw/skinlayers/render/CustomizableModelPart (java.lang.ClassNotFoundException: dev.tr7zw.skinlayers.render.CustomizableModelPart)
[11:52:13] [main/WARN] [mixin/]: Error loading class: mekanism/client/render/entity/RenderFlame (java.lang.ClassNotFoundException: mekanism.client.render.entity.RenderFlame)
[11:52:13] [main/WARN] [mixin/]: Error loading class: mekanism/client/render/armor/MekaSuitArmor (java.lang.ClassNotFoundException: mekanism.client.render.armor.MekaSuitArmor)
############ Journeymap Coremod Potion Effects Renderer: Injected ############
[Tough As Nails Transformer]: Transforming m_168700_ (Lcom/mojang/blaze3d/vertex/PoseStack;Lnet/minecraft/client/gui/Gui$HeartType;IIIZZ)V in net/minecraft/client/gui/Gui
[Tough As Nails Transformer]: Successfully patched renderHeart
[11:52:13] [main/WARN] [IMixinConfigPlugin/]: Inventory Profiles Next: Doing our own dependency resolving! Because Forge is being Forge....: https://github.com/MinecraftForge/MinecraftForge/issues/9088
[11:52:13] [main/WARN] [mixin/]: Error loading class: de/maxhenkel/easyvillagers/blocks/tileentity/TraderTileentityBase (java.lang.ClassNotFoundException: de.maxhenkel.easyvillagers.blocks.tileentity.TraderTileentityBase)
[11:52:13] [main/WARN] [mixin/]: @Mixin target de.maxhenkel.easyvillagers.blocks.tileentity.TraderTileentityBase was not found mixins.ipnext.json:MixinTraderTileEntityBase
[11:52:13] [main/WARN] [Embeddium/]: Force-disabling mixin 'features.sky.MixinWorldRenderer' as rule 'mixin.features.sky' (added by mods [oculus]) disables it and children
[11:52:13] [main/INFO] [MixinExtras|Service/]: Initializing MixinExtras via com.llamalad7.mixinextras.service.MixinExtrasServiceImpl(version=0.5.0).
[Tough As Nails Transformer]: Transforming m_36399_ (F)V in net/minecraft/world/entity/player/Player
[Tough As Nails Transformer]: Successfully patched causeFoodExhaustion
[Tough As Nails Transformer]: Transforming m_36399_ (F)V in net/minecraft/world/entity/player/Player
[Tough As Nails Transformer]: Successfully patched causeFoodExhaustion
[11:52:15] [pool-3-thread-1/INFO] [minecraft/DataFixers]: Building unoptimized datafixer
############ Journeymap Coremod Potion Effects Renderer: Injected ############
[Tough As Nails Transformer]: Transforming m_168700_ (Lcom/mojang/blaze3d/vertex/PoseStack;Lnet/minecraft/client/gui/Gui$HeartType;IIIZZ)V in net/minecraft/client/gui/Gui
[Tough As Nails Transformer]: Successfully patched renderHeart
[11:52:17] [Render thread/WARN] [minecraft/VanillaPackResources]: Assets URL 'union:/C:/Users/mot/AppData/Roaming/.minecraft/libraries/net/minecraft/client/1.19.2-20220805.130853/client-1.19.2-20220805.130853-srg.jar%23292!/assets/.mcassetsroot' uses unexpected schema
[11:52:17] [Render thread/WARN] [minecraft/VanillaPackResources]: Assets URL 'union:/C:/Users/mot/AppData/Roaming/.minecraft/libraries/net/minecraft/client/1.19.2-20220805.130853/client-1.19.2-20220805.130853-srg.jar%23292!/data/.mcassetsroot' uses unexpected schema
[11:52:17] [Render thread/INFO] [mojang/YggdrasilAuthenticationService]: Environment: authHost='https://authserver.mojang.com', accountsHost='https://api.mojang.com', sessionHost='https://sessionserver.mojang.com', servicesHost='https://api.minecraftservices.com', name='PROD'
[11:52:17] [Render thread/INFO] [minecraft/Minecraft]: Setting user: Ic2SmokeTest
[11:52:17] [Render thread/INFO] [minecraft/Minecraft]: Backend library: LWJGL version 3.3.1 build 7
[11:52:17] [Render thread/INFO] [Oculus/]: Debug functionality is disabled.
[11:52:17] [Render thread/INFO] [Oculus/]: ARB_direct_state_access detected, enabling DSA.
[11:52:17] [Render thread/INFO] [Oculus/]: Shaders are disabled because no valid shaderpack is selected
[11:52:17] [Render thread/INFO] [Oculus/]: Shaders are disabled
[11:52:17] [modloading-worker-0/INFO] [dynamiclightsreforged/]: [LambDynLights] Initializing Dynamic Lights Reforged...
[11:52:17] [modloading-worker-0/INFO] [ne.pe.un.UndeadNights/]: Loading undeadnights horde mobs config
[11:52:17] [modloading-worker-0/INFO] [ne.pe.un.UndeadNights/]: No target entities specified in horde mob config, no additional entities will be targeted.
[11:52:17] [modloading-worker-0/INFO] [ne.pe.un.UndeadNights/]: Default horde mob undeadnights:horde_zombie was read from config.
[11:52:17] [modloading-worker-0/INFO] [ne.pe.un.UndeadNights/]: Horde mob undeadnights:elite_zombie with chance 3% was read from config.
[11:52:17] [modloading-worker-0/INFO] [ne.pe.un.UndeadNights/]: Horde mob undeadnights:demolition_zombie with chance 6% was read from config.
[11:52:17] [modloading-worker-0/INFO] [hordes/]: Trying to load common config
[11:52:17] [modloading-worker-0/INFO] [hordes/]: Trying to load client config
[11:52:17] [modloading-worker-0/INFO] [hordes/]: Config files are up to date, skipping data/asset generation
[11:52:17] [modloading-worker-0/INFO] [ne.pe.un.UndeadNights/]: Setting current difficulty level to: Level 1
[11:52:17] [modloading-worker-0/INFO] [ne.pe.un.UndeadNights/]: Loaded difficulty config with 1 difficulty levels.
[11:52:17] [modloading-worker-0/WARN] [ne.mi.co.ForgeConfigSpec/CORE]: Detected a comment that is all whitespace for config option debugConsole, which causes obscure bugs in Forge's config system and will cause a crash in the future. Please report this to the mod author.
[11:52:17] [modloading-worker-0/WARN] [ne.mi.co.ForgeConfigSpec/CORE]: Detected a comment that is all whitespace for config option debugConsoleOmniscient, which causes obscure bugs in Forge's config system and will cause a crash in the future. Please report this to the mod author.
[11:52:17] [modloading-worker-0/WARN] [ne.mi.co.ForgeConfigSpec/CORE]: Detected a comment that is all whitespace for config option debugConsoleSuperDetailed, which causes obscure bugs in Forge's config system and will cause a crash in the future. Please report this to the mod author.
[11:52:17] [modloading-worker-0/WARN] [ne.mi.co.ForgeConfigSpec/CORE]: Detected a comment that is all whitespace for config option client_renderBlood, which causes obscure bugs in Forge's config system and will cause a crash in the future. Please report this to the mod author.
[11:52:17] [modloading-worker-0/WARN] [ne.mi.co.ForgeConfigSpec/CORE]: Detected a comment that is all whitespace for config option client_debugSensesVisual, which causes obscure bugs in Forge's config system and will cause a crash in the future. Please report this to the mod author.
[11:52:17] [modloading-worker-0/WARN] [ne.mi.co.ForgeConfigSpec/CORE]: Detected a comment that is all whitespace for config option soundAlerts, which causes obscure bugs in Forge's config system and will cause a crash in the future. Please report this to the mod author.
[11:52:17] [modloading-worker-0/WARN] [ne.mi.co.ForgeConfigSpec/CORE]: Detected a comment that is all whitespace for config option soundInvestigates, which causes obscure bugs in Forge's config system and will cause a crash in the future. Please report this to the mod author.
[11:52:17] [modloading-worker-0/INFO] [ne.mi.co.ForgeMod/FORGEMOD]: Forge mod loading, version 43.5.2, for MC 1.19.2 with MCP 20220805.130853
[11:52:17] [modloading-worker-0/INFO] [ne.mi.co.MinecraftForge/FORGE]: MinecraftForge v43.5.2 Initialized
[11:52:17] [modloading-worker-0/INFO] [Entity Texture Features/]: Loading Entity Texture Features, not to be confused with CIT, seriously, why does that keep happening?
[11:52:17] [modloading-worker-0/INFO] [tr.en.EMF/]: Loading Entity Model Features, ,serutaeF ledoM ytitnE gnidoaL
[11:52:17] [modloading-worker-0/INFO] [de.ke.ko.Konkrete/]: [KONKRETE] Successfully initialized!
[11:52:17] [modloading-worker-0/WARN] [mixin/]: Static binding violation: PRIVATE @Overwrite method m_104290_ in embeddium.mixins.json:features.entity.fast_render.MixinModelPart cannot reduce visibiliy of PUBLIC target method, visibility will be upgraded.
[11:52:17] [modloading-worker-0/INFO] [de.ke.ko.Konkrete/]: [KONKRETE] Server-side libs ready to use!
[Mouse Tweaks] Main.initialize()
[Mouse Tweaks] Initialized.
[11:52:17] [modloading-worker-0/INFO] [co.jo.fl.ba.Backend/]: Oculus detected.
[11:52:17] [modloading-worker-0/INFO] [Entity Texture Features/]: 6 new ETF Random Properties registered by entity_model_features.
[11:52:18] [modloading-worker-0/INFO] [Collective/]: Loading Collective version 6.66.
[11:52:18] [modloading-worker-0/ERROR] [ap.cl.gu.Guide/]: Specified invalid page id in system property guideDev.ae2guide.startupPage
[11:52:18] [modloading-worker-0/INFO] [th.ko.te.KotlinForForge/]: Kotlin For Forge Enabled!
[11:52:18] [modloading-worker-0/INFO] [Inventory Profiles Next/]: [Inventory Profiles Next] Inventory Profiles Next - init in Kotlin
[11:52:18] [modloading-worker-0/INFO] [libIPN/]: [libIPN] libIPN - init in Kotlin
[Tough As Nails Transformer]: Transforming m_38710_ (Lnet/minecraft/world/entity/player/Player;)V in net/minecraft/world/food/FoodData
[Tough As Nails Transformer]: Successfully patched tick
Training completed in 2 milliseconds.
0.85% 0
[2.0, 4.0, 2.0, 3.0, 4.0, 3.0, 2.0, 3.0, 3.0, 0.0, 0.0, 0.0, 0.0, 0.0, 0.0, 1.0, 1.0, 0.0, 2.0, 0.0, 0.0, 2.0, 2.0, 2.0, 3.0, 3.0, 3.0, 3.0, 3.0, 4.0, 4.0, 0.0, 0.0, 0.0, 0.0, 2.0, 3.0, 1.0, 1.0, 0.0, 0.0, 2.0, 2.0, 3.0, 3.0, 4.0, 2.0, 2.0, 1.0, 0.0, 2.0, 0.0, 0.0, 0.0, 0.0, 0.0, 3.0, 3.0, 0.0, 0.0]
[2.0, 4.0, 2.0, 3.0, 4.0, 3.0, 2.0, 0.0, 3.0, 0.0, 0.0, 0.0, 0.0, 0.0, 0.0, 0.0, 0.0, 0.0, 2.0, 0.0, 0.0, 2.0, 2.0, 2.0, 2.0, 2.0, 3.0, 3.0, 3.0, 4.0, 4.0, 0.0, 0.0, 2.0, 0.0, 2.0, 3.0, 1.0, 1.0, 0.0, 0.0, 2.0, 4.0, 0.0, 3.0, 4.0, 2.0, 2.0, 2.0, 0.0, 2.0, 0.0, 0.0, 0.0, 0.0, 0.0, 3.0, 3.0, 0.0, 0.0]
4685419461166510361
[11:52:24] [Render thread/INFO] [Oculus/]: Hardware information:
[11:52:24] [Render thread/INFO] [Oculus/]: CPU: 12x AMD Ryzen 5 7600X 6-Core Processor 
[11:52:24] [Render thread/INFO] [Oculus/]: GPU: NVIDIA GeForce RTX 5070/PCIe/SSE2 (Supports OpenGL 3.2.0 NVIDIA 610.74)
[11:52:24] [Render thread/INFO] [Oculus/]: OS: Windows 10 (10.0)
[11:52:24] [Render thread/INFO] [bi.fo.FogLooksGoodNowMod/]: Initialized Density Manager
[11:52:25] [Render thread/INFO] [me.je.li.lo.PluginCaller/]: Sending ConfigManager: jei:minecraft ...
[11:52:25] [Render thread/INFO] [me.je.li.lo.PluginCaller/]: Sending ConfigManager: jei:minecraft took 22.30 ?s
[11:52:25] [Render thread/INFO] [me.je.li.lo.PluginCaller/]: Sending ConfigManager: createbigcannons:jei_plugin ...
[11:52:25] [Render thread/INFO] [me.je.li.lo.PluginCaller/]: Sending ConfigManager: createbigcannons:jei_plugin took 3.100 ?s
[11:52:25] [Render thread/INFO] [me.je.li.lo.PluginCaller/]: Sending ConfigManager: quarryplus:jei_recipe ...
[11:52:25] [Render thread/INFO] [me.je.li.lo.PluginCaller/]: Sending ConfigManager: quarryplus:jei_recipe took 3.001 ?s
[11:52:25] [Render thread/INFO] [me.je.li.lo.PluginCaller/]: Sending ConfigManager: tacz:jei ...
[11:52:25] [Render thread/INFO] [me.je.li.lo.PluginCaller/]: Sending ConfigManager: tacz:jei took 2.899 ?s
[11:52:25] [Render thread/INFO] [me.je.li.lo.PluginCaller/]: Sending ConfigManager: waystones:jei ...
[11:52:25] [Render thread/INFO] [me.je.li.lo.PluginCaller/]: Sending ConfigManager: waystones:jei took 2.900 ?s
[11:52:25] [Render thread/INFO] [me.je.li.lo.PluginCaller/]: Sending ConfigManager: hordes:infection ...
[11:52:25] [Render thread/INFO] [me.je.li.lo.PluginCaller/]: Sending ConfigManager: hordes:infection took 2.800 ?s
[11:52:25] [Render thread/INFO] [me.je.li.lo.PluginCaller/]: Sending ConfigManager: minecraft:jeresources ...
[11:52:25] [Render thread/INFO] [me.je.li.lo.PluginCaller/]: Sending ConfigManager: minecraft:jeresources took 2.601 ?s
[11:52:25] [Render thread/INFO] [me.je.li.lo.PluginCaller/]: Sending ConfigManager: cofh_core:default ...
[11:52:25] [Render thread/INFO] [me.je.li.lo.PluginCaller/]: Sending ConfigManager: cofh_core:default took 2.500 ?s
[11:52:25] [Render thread/INFO] [me.je.li.lo.PluginCaller/]: Sending ConfigManager: thermal:core ...
[11:52:25] [Render thread/INFO] [me.je.li.lo.PluginCaller/]: Sending ConfigManager: thermal:core took 2.900 ?s
[11:52:25] [Render thread/INFO] [me.je.li.lo.PluginCaller/]: Sending ConfigManager: waila:jei ...
[11:52:25] [Render thread/INFO] [me.je.li.lo.PluginCaller/]: Sending ConfigManager: waila:jei took 2.500 ?s
[11:52:25] [Render thread/INFO] [me.je.li.lo.PluginCaller/]: Sending ConfigManager: curios:curios ...
[11:52:25] [Render thread/INFO] [me.je.li.lo.PluginCaller/]: Sending ConfigManager: curios:curios took 2.700 ?s
[11:52:25] [Render thread/INFO] [me.je.li.lo.PluginCaller/]: Sending ConfigManager: create:jei_plugin ...
[11:52:25] [Render thread/INFO] [me.je.li.lo.PluginCaller/]: Sending ConfigManager: create:jei_plugin took 2.600 ?s
[11:52:25] [Render thread/INFO] [me.je.li.lo.PluginCaller/]: Sending ConfigManager: ic2:plugin ...
[11:52:25] [Render thread/INFO] [me.je.li.lo.PluginCaller/]: Sending ConfigManager: ic2:plugin took 2.600 ?s
[11:52:25] [Render thread/INFO] [me.je.li.lo.PluginCaller/]: Sending ConfigManager: almostunified:jei ...
[11:52:25] [Render thread/INFO] [me.je.li.lo.PluginCaller/]: Sending ConfigManager: almostunified:jei took 2.500 ?s
[11:52:25] [Render thread/INFO] [me.je.li.lo.PluginCaller/]: Sending ConfigManager: jei:debug ...
[11:52:25] [Render thread/INFO] [me.je.li.lo.PluginCaller/]: Sending ConfigManager: jei:debug took 2.499 ?s
[11:52:25] [Render thread/INFO] [me.je.li.lo.PluginCaller/]: Sending ConfigManager: jei:gui ...
[11:52:25] [Render thread/INFO] [me.je.li.lo.PluginCaller/]: Sending ConfigManager: jei:gui took 2.701 ?s
[11:52:25] [Render thread/INFO] [me.je.li.lo.PluginCaller/]: Sending ConfigManager: jei:forge_gui ...
[11:52:25] [Render thread/INFO] [me.je.li.lo.PluginCaller/]: Sending ConfigManager: jei:forge_gui took 2.601 ?s
[11:52:25] [Render thread/INFO] [me.je.li.lo.PluginCaller/]: Sending ConfigManager: ae2:core ...
[11:52:25] [Render thread/INFO] [me.je.li.lo.PluginCaller/]: Sending ConfigManager: ae2:core took 2.800 ?s
[11:52:25] [Render thread/INFO] [me.je.li.lo.PluginCaller/]: Sending ConfigManager: industrialupgrade:jei ...
[11:52:25] [Render thread/INFO] [me.je.li.lo.PluginCaller/]: Sending ConfigManager: industrialupgrade:jei took 2.900 ?s
[11:52:25] [Render thread/INFO] [me.je.li.lo.PluginCaller/]: Sending ConfigManager: thermal:expansion ...
[11:52:25] [Render thread/INFO] [me.je.li.lo.PluginCaller/]: Sending ConfigManager: thermal:expansion took 2.601 ?s
[11:52:25] [Render thread/INFO] [me.je.li.lo.PluginCaller/]: Sending ConfigManager: jei:internal ...
[11:52:25] [Render thread/INFO] [me.je.li.lo.PluginCaller/]: Sending ConfigManager: jei:internal took 2.600 ?s
[11:52:25] [Render thread/INFO] [journeymap/]: Registering Keybinds
[11:52:25] [Worker-Main-1/ERROR] [minecraft/ProfileKeyPairManager]: Failed to retrieve profile key pair
java.io.IOException: Could not retrieve profile key pair
	at net.minecraft.client.multiplayer.ProfileKeyPairManager.m_233789_(ProfileKeyPairManager.java:152) ~[client-1.19.2-20220805.130853-srg.jar%23292!/:?] {re:classloading,pl:runtimedistcleaner:A}
	at net.minecraft.client.multiplayer.ProfileKeyPairManager.m_243396_(ProfileKeyPairManager.java:75) ~[client-1.19.2-20220805.130853-srg.jar%23292!/:?] {re:classloading,pl:runtimedistcleaner:A}
	at java.util.concurrent.CompletableFuture$AsyncSupply.run(CompletableFuture.java:1768) ~[?:?] {}
	at java.util.concurrent.CompletableFuture$AsyncSupply.exec(CompletableFuture.java:1760) ~[?:?] {}
	at java.util.concurrent.ForkJoinTask.doExec(ForkJoinTask.java:373) ~[?:?] {}
	at java.util.concurrent.ForkJoinPool$WorkQueue.topLevelExec(ForkJoinPool.java:1182) ~[?:?] {}
	at java.util.concurrent.ForkJoinPool.scan(ForkJoinPool.java:1655) ~[?:?] {}
	at java.util.concurrent.ForkJoinPool.runWorker(ForkJoinPool.java:1622) ~[?:?] {}
	at java.util.concurrent.ForkJoinWorkerThread.run(ForkJoinWorkerThread.java:165) ~[?:?] {}
[11:52:25] [Render thread/INFO] [minecraft/ReloadableResourceManager]: Reloading ResourceManager: Default, TACZ Resources, Mod Resources, hordes
[11:52:25] [modloading-worker-0/INFO] [bi.fo.FogLooksGoodNowMod/]: Initialized Config Values
[11:52:26] [Worker-Main-7/INFO] [ne.pe.un.UndeadNights/]: Initializing the UndeadNights Mod (common setup)
[11:52:26] [Worker-Main-11/INFO] [journeymap/]: Found @Ljourneymap/client/api/ClientPlugin;: net.blay09.mods.waystones.compat.JourneyMapAddon
[11:52:26] [Worker-Main-7/INFO] [lostcities/]: Creating standard profiles into 'config/lostcities/profiles'
[11:52:26] [Worker-Main-7/INFO] [lostcities/]: Reading existing profiles from 'config/lostcities/profiles'
[11:52:26] [Worker-Main-10/INFO] [CorgiLib/]: Initializing network...
[11:52:26] [Worker-Main-10/INFO] [CorgiLib/]: Initialized network!
[11:52:26] [Forge Version Check/INFO] [ne.mi.fm.VersionChecker/]: [quarryplus] Starting version check at https://version.kotori316.com/get-version/1.19.2/forge/quarryplus
[11:52:26] [Render thread/INFO] [tacz/SYNCED_ENTITY_DATA_TAC_COPY]: Registered synced data key tacz:shoot_cool_down for minecraft:living_entity
[11:52:26] [Render thread/INFO] [tacz/SYNCED_ENTITY_DATA_TAC_COPY]: Registered synced data key tacz:melee_cool_down for minecraft:living_entity
[11:52:26] [Render thread/INFO] [tacz/SYNCED_ENTITY_DATA_TAC_COPY]: Registered synced data key tacz:reload_state for minecraft:living_entity
[11:52:26] [Render thread/INFO] [tacz/SYNCED_ENTITY_DATA_TAC_COPY]: Registered synced data key tacz:aiming_progress for minecraft:living_entity
[11:52:26] [Render thread/INFO] [tacz/SYNCED_ENTITY_DATA_TAC_COPY]: Registered synced data key tacz:draw_cool_down for minecraft:living_entity
[11:52:26] [Render thread/INFO] [tacz/SYNCED_ENTITY_DATA_TAC_COPY]: Registered synced data key tacz:is_aiming for minecraft:living_entity
[11:52:26] [Render thread/INFO] [tacz/SYNCED_ENTITY_DATA_TAC_COPY]: Registered synced data key tacz:sprint_time for minecraft:living_entity
[11:52:26] [Render thread/INFO] [tacz/SYNCED_ENTITY_DATA_TAC_COPY]: Registered synced data key tacz:is_bolting for minecraft:living_entity
[11:52:26] [Render thread/INFO] [journeymap/]: Initializing Packet Registries
[IC2-FIDELITY-CROPS] restored=15
[11:52:27] [Render thread/INFO] [terrablender/]: Registered region minecraft:overworld to index 0 for type OVERWORLD
[11:52:27] [Render thread/INFO] [terrablender/]: Registered region minecraft:nether to index 0 for type NETHER
[11:52:27] [Render thread/INFO] [terrablender/]: Registered region byg:region_0 to index 1 for type OVERWORLD
[11:52:27] [Render thread/INFO] [terrablender/]: Registered region byg:region_1 to index 2 for type OVERWORLD
[11:52:27] [Render thread/INFO] [terrablender/]: Registered region byg:region_2 to index 3 for type OVERWORLD
[11:52:27] [Render thread/INFO] [terrablender/]: Registered region byg:region_3 to index 4 for type OVERWORLD
[11:52:27] [Worker-Main-9/INFO] [Sound Physics - General/]: Reloading reverb parameters
[11:52:27] [Worker-Main-7/INFO] [de.ke.ko.Konkrete/]: [KONKRETE] Client-side libs ready to use!
[11:52:27] [Worker-Main-7/INFO] [PFSolver/]: Presence Footsteps starting
[11:52:27] [Worker-Main-9/INFO] [Sound Physics - General/]: Using Cloth Config GUI
[11:52:27] [Worker-Main-7/INFO] [PFSolver/]: Skipping non-result value minecraft:lantern=UNASSIGNED
[11:52:27] [Worker-Main-7/INFO] [PFSolver/]: Skipping non-result value minecraft:soul_lantern=UNASSIGNED
[11:52:27] [Render thread/INFO] [journeymap/]: Journeymap Initializing
[11:52:27] [Forge Version Check/INFO] [ne.mi.fm.VersionChecker/]: [quarryplus] Found status: BETA_OUTDATED Current: 1192.4.65 Target: 1192.4.96
[11:52:27] [Forge Version Check/INFO] [ne.mi.fm.VersionChecker/]: [journeymap] Starting version check at https://forge.curseupdate.com/32274/journeymap
[11:52:27] [Forge Version Check/INFO] [ne.mi.fm.VersionChecker/]: [journeymap] Found status: OUTDATED Current: 5.9.7 Target: 5.9.8
[11:52:27] [Forge Version Check/INFO] [ne.mi.fm.VersionChecker/]: [configured] Starting version check at https://mrcrayfish.com/modupdatejson?id=configured
[11:52:28] [Worker-Main-4/WARN] [minecraft/ModelBakery]: Unable to load model: 'ic2:block/cf/obscured_wall' referenced from: ic2:obscured_wall#: java.io.FileNotFoundException: ic2:models/block/cf/obscured_wall.json
[11:52:29] [Forge Version Check/WARN] [ne.mi.fm.VersionChecker/]: Failed to process update information
com.google.gson.JsonSyntaxException: java.lang.IllegalStateException: Expected BEGIN_OBJECT but was STRING at line 1 column 1 path $
	at com.google.gson.Gson.fromJson(Gson.java:975) ~[gson-2.8.9.jar%23130!/:?] {re:mixin}
	at com.google.gson.Gson.fromJson(Gson.java:928) ~[gson-2.8.9.jar%23130!/:?] {re:mixin}
	at com.google.gson.Gson.fromJson(Gson.java:877) ~[gson-2.8.9.jar%23130!/:?] {re:mixin}
	at com.google.gson.Gson.fromJson(Gson.java:848) ~[gson-2.8.9.jar%23130!/:?] {re:mixin}
	at net.minecraftforge.fml.VersionChecker$1.process(VersionChecker.java:183) ~[fmlcore-1.19.2-43.5.2.jar%23293!/:?] {}
	at java.lang.Iterable.forEach(Iterable.java:75) ~[?:?] {re:mixin}
	at net.minecraftforge.fml.VersionChecker$1.run(VersionChecker.java:114) ~[fmlcore-1.19.2-43.5.2.jar%23293!/:?] {}
Caused by: java.lang.IllegalStateException: Expected BEGIN_OBJECT but was STRING at line 1 column 1 path $
	at com.google.gson.stream.JsonReader.beginObject(JsonReader.java:384) ~[gson-2.8.9.jar%23130!/:?] {}
	at com.google.gson.internal.bind.MapTypeAdapterFactory$Adapter.read(MapTypeAdapterFactory.java:183) ~[gson-2.8.9.jar%23130!/:?] {}
	at com.google.gson.internal.bind.MapTypeAdapterFactory$Adapter.read(MapTypeAdapterFactory.java:145) ~[gson-2.8.9.jar%23130!/:?] {}
	at com.google.gson.Gson.fromJson(Gson.java:963) ~[gson-2.8.9.jar%23130!/:?] {re:mixin}
	... 6 more
[11:52:29] [Forge Version Check/INFO] [ne.mi.fm.VersionChecker/]: [hordes] Starting version check at https://raw.githubusercontent.com/SmileycorpMC/The-Hordes/1.19/update.json
[11:52:29] [Forge Version Check/INFO] [ne.mi.fm.VersionChecker/]: [hordes] Found status: UP_TO_DATE Current: 1.5.4 Target: null
[11:52:29] [Forge Version Check/INFO] [ne.mi.fm.VersionChecker/]: [cameraoverhaul] Starting version check at https://github.com/Mirsario/Minecraft-CameraOverhaul/blob/dev/meta/ForgeUpdateCheck.json?raw=true
[11:52:30] [Forge Version Check/INFO] [ne.mi.fm.VersionChecker/]: [cameraoverhaul] Found status: AHEAD Current: 2.1.1-forge+mc.1.19-1.19.2 Target: null
[11:52:30] [Forge Version Check/INFO] [ne.mi.fm.VersionChecker/]: [sound_physics_remastered] Starting version check at https://update.maxhenkel.de/forge/sound_physics_remastered
[11:52:31] [Forge Version Check/INFO] [ne.mi.fm.VersionChecker/]: [sound_physics_remastered] Found status: AHEAD Current: 1.19.2-1.4.5 Target: null
[11:52:31] [Forge Version Check/INFO] [ne.mi.fm.VersionChecker/]: [forge] Starting version check at https://files.minecraftforge.net/net/minecraftforge/forge/promotions_slim.json
[11:52:31] [Worker-Main-4/WARN] [minecraft/ModelBakery]: Unable to load model: 'diamondvein:block/diamond_deposits/deposits_diamond' referenced from: diamondvein:diamond_deposits/deposits_diamond#waterlogged=true: com.google.gson.JsonSyntaxException: com.google.gson.stream.MalformedJsonException: Unterminated object at line 5 column 4 path $.textures.0
[11:52:31] [Forge Version Check/INFO] [ne.mi.fm.VersionChecker/]: [forge] Found status: AHEAD Current: 43.5.2 Target: null
[11:52:31] [Forge Version Check/INFO] [ne.mi.fm.VersionChecker/]: [cofh_core] Starting version check at https://raw.github.com/cofh/version/main/cofh_core/update.json
[11:52:32] [Forge Version Check/INFO] [ne.mi.fm.VersionChecker/]: [cofh_core] Found status: UP_TO_DATE Current: 10.3.0 Target: null
[11:52:32] [Forge Version Check/INFO] [ne.mi.fm.VersionChecker/]: [thermal] Starting version check at https://raw.github.com/cofh/version/main/thermal/update.json
[11:52:32] [Worker-Main-4/WARN] [minecraft/ModelBakery]: Unable to load model: 'ic2:uu_matter_bucket#inventory' referenced from: ic2:uu_matter_bucket#inventory: java.io.FileNotFoundException: ic2:models/item/uu_matter_bucket.json
[11:52:32] [Worker-Main-4/WARN] [minecraft/ModelBakery]: Unable to load model: 'ic2:coolant_bucket#inventory' referenced from: ic2:coolant_bucket#inventory: java.io.FileNotFoundException: ic2:models/item/coolant_bucket.json
[11:52:32] [Worker-Main-4/WARN] [minecraft/ModelBakery]: Unable to load model: 'ic2:creosote_bucket#inventory' referenced from: ic2:creosote_bucket#inventory: java.io.FileNotFoundException: ic2:models/item/creosote_bucket.json
[11:52:32] [Worker-Main-4/WARN] [minecraft/ModelBakery]: Unable to load model: 'ic2:hot_coolant_bucket#inventory' referenced from: ic2:hot_coolant_bucket#inventory: java.io.FileNotFoundException: ic2:models/item/hot_coolant_bucket.json
[11:52:32] [Worker-Main-4/WARN] [minecraft/ModelBakery]: Unable to load model: 'ic2:biogas_bucket#inventory' referenced from: ic2:biogas_bucket#inventory: java.io.FileNotFoundException: ic2:models/item/biogas_bucket.json
[11:52:32] [Worker-Main-4/WARN] [minecraft/ModelBakery]: Unable to load model: 'ic2:distilled_water_bucket#inventory' referenced from: ic2:distilled_water_bucket#inventory: java.io.FileNotFoundException: ic2:models/item/distilled_water_bucket.json
[11:52:32] [Worker-Main-4/WARN] [minecraft/ModelBakery]: Unable to load model: 'ic2:superheated_steam_bucket#inventory' referenced from: ic2:superheated_steam_bucket#inventory: java.io.FileNotFoundException: ic2:models/item/superheated_steam_bucket.json
[11:52:32] [Worker-Main-4/WARN] [minecraft/ModelBakery]: Unable to load model: 'ic2:steam_bucket#inventory' referenced from: ic2:steam_bucket#inventory: java.io.FileNotFoundException: ic2:models/item/steam_bucket.json
[11:52:32] [Worker-Main-4/WARN] [minecraft/ModelBakery]: Unable to load model: 'ic2:hot_water_bucket#inventory' referenced from: ic2:hot_water_bucket#inventory: java.io.FileNotFoundException: ic2:models/item/hot_water_bucket.json
[11:52:32] [Worker-Main-4/WARN] [minecraft/ModelBakery]: Unable to load model: 'ic2:weed_ex_bucket#inventory' referenced from: ic2:weed_ex_bucket#inventory: java.io.FileNotFoundException: ic2:models/item/weed_ex_bucket.json
[11:52:32] [Worker-Main-4/WARN] [minecraft/ModelBakery]: Unable to load model: 'ic2:air_bucket#inventory' referenced from: ic2:air_bucket#inventory: java.io.FileNotFoundException: ic2:models/item/air_bucket.json
[11:52:32] [Worker-Main-4/WARN] [minecraft/ModelBakery]: Unable to load model: 'ic2:hydrogen_bucket#inventory' referenced from: ic2:hydrogen_bucket#inventory: java.io.FileNotFoundException: ic2:models/item/hydrogen_bucket.json
[11:52:32] [Worker-Main-4/WARN] [minecraft/ModelBakery]: Unable to load model: 'ic2:oxygen_bucket#inventory' referenced from: ic2:oxygen_bucket#inventory: java.io.FileNotFoundException: ic2:models/item/oxygen_bucket.json
[11:52:32] [Worker-Main-4/WARN] [minecraft/ModelBakery]: Unable to load model: 'ic2:heavy_water_bucket#inventory' referenced from: ic2:heavy_water_bucket#inventory: java.io.FileNotFoundException: ic2:models/item/heavy_water_bucket.json
[11:52:32] [Worker-Main-4/WARN] [minecraft/ModelBakery]: Unable to load model: 'minecraft:applelogo' referenced from: tacticalvests:applelogo#inventory: java.io.FileNotFoundException: minecraft:models/applelogo.json
[11:52:32] [Worker-Main-4/WARN] [minecraft/ModelBakery]: Unable to load model: 'diamondvein:diamond_deposits/deposits_diamond#inventory' referenced from: diamondvein:diamond_deposits/deposits_diamond#inventory: com.google.gson.JsonSyntaxException: com.google.gson.stream.MalformedJsonException: Unterminated object at line 5 column 4 path $.textures.0
[11:52:32] [Forge Version Check/INFO] [ne.mi.fm.VersionChecker/]: [thermal] Found status: UP_TO_DATE Current: 10.3.0 Target: null
[11:52:32] [Forge Version Check/INFO] [ne.mi.fm.VersionChecker/]: [flywheel] Starting version check at https://api.modrinth.com/updates/flywheel/forge_updates.json
[11:52:33] [Forge Version Check/INFO] [ne.mi.fm.VersionChecker/]: [flywheel] Found status: AHEAD Current: 0.6.11-22 Target: null
[11:52:33] [Forge Version Check/INFO] [ne.mi.fm.VersionChecker/]: [thermal_foundation] Starting version check at https://raw.github.com/cofh/version/main/thermal/update_foundation.json
[11:52:34] [Forge Version Check/INFO] [ne.mi.fm.VersionChecker/]: [thermal_foundation] Found status: AHEAD Current: 10.3.1 Target: null
[11:52:34] [Forge Version Check/INFO] [ne.mi.fm.VersionChecker/]: [thermal_expansion] Starting version check at https://raw.github.com/cofh/version/main/thermal/update_expansion.json
[11:52:34] [Forge Version Check/INFO] [ne.mi.fm.VersionChecker/]: [thermal_expansion] Found status: AHEAD Current: 10.3.1 Target: null
[11:52:34] [Forge Version Check/INFO] [ne.mi.fm.VersionChecker/]: [atlaslib] Starting version check at https://raw.githubusercontent.com/SmileycorpMC/Atlas-Lib/1.19/update.json
[11:52:34] [Forge Version Check/INFO] [ne.mi.fm.VersionChecker/]: [atlaslib] Found status: OUTDATED Current: 1.1.5a Target: 1.1.6
[11:52:34] [Forge Version Check/INFO] [ne.mi.fm.VersionChecker/]: [presencefootsteps] Starting version check at https://forge.curseupdate.com/433068/presencefootsteps
[11:52:34] [Forge Version Check/INFO] [ne.mi.fm.VersionChecker/]: [presencefootsteps] Found status: OUTDATED Current: 1.19.2-1.6.4 Target: 1.19.2-1.6.4.1
[11:52:35] [Worker-Main-4/WARN] [minecraft/ModelBakery]: Unable to resolve texture reference: #missing in byg:block/clover_patch
[11:52:35] [Worker-Main-4/WARN] [minecraft/ModelBakery]: Unable to resolve texture reference: #missing in byg:block/clover_patch2
[11:52:35] [Worker-Main-4/WARN] [minecraft/ModelBakery]: Unable to resolve texture reference: #missing in byg:block/clover_patch3
[11:52:35] [Worker-Main-4/WARN] [minecraft/ModelBakery]: Unable to resolve texture reference: #missing in byg:block/clover_patch4
[11:52:35] [Worker-Main-4/WARN] [minecraft/ModelBakery]: Unable to resolve texture reference: #missing in byg:block/flower_patch
[11:52:35] [Worker-Main-4/WARN] [minecraft/ModelBakery]: Unable to resolve texture reference: #missing in byg:block/flower_patch2
[11:52:35] [Worker-Main-4/WARN] [minecraft/ModelBakery]: Unable to resolve texture reference: #missing in byg:block/flower_patch3
[11:52:35] [Worker-Main-1/ERROR] [minecraft/TextureAtlas]: Using missing texture, file industrialupgrade:textures/items/crafting_506_element.png not found
[11:52:35] [Worker-Main-5/ERROR] [minecraft/TextureAtlas]: Using missing texture, file industrialupgrade:textures/items/crafting_507_element.png not found
[11:52:35] [Worker-Main-9/ERROR] [minecraft/TextureAtlas]: Using missing texture, file industrialupgrade:textures/fluid/neutron_flow.png not found
[11:52:35] [Worker-Main-5/ERROR] [minecraft/TextureAtlas]: Using missing texture, file industrialupgrade:textures/items/crafting_500_element.png not found
[11:52:35] [Worker-Main-4/WARN] [minecraft/TextureAtlas]: Texture tacticalvests:item/vest20 with size 372x430 limits mip level from 4 to 1
[11:52:35] [Worker-Main-4/WARN] [minecraft/TextureAtlas]: Texture tacticalvests:item/vest19 with size 217x241 limits mip level from 1 to 0
[11:52:36] [Worker-Main-10/WARN] [minecraft/TextureAtlasSprite]: Unused frames in sprite ic2:blocks/fluid/coolant_still: [20, 21, 22, 23, 24, 25, 26, 27, 28, 29, 30, 31]
[11:52:36] [Worker-Main-7/WARN] [minecraft/TextureAtlasSprite]: Unused frames in sprite ic2:blocks/fluid/fluid_3_still: [20, 21, 22, 23, 24, 25, 26, 27, 28, 29, 30, 31]
[11:52:36] [Worker-Main-3/WARN] [minecraft/TextureAtlasSprite]: Unused frames in sprite ic2:blocks/fluid/hot_coolant_still: [20, 21, 22, 23, 24, 25, 26, 27, 28, 29, 30, 31]
[11:52:36] [Worker-Main-6/WARN] [minecraft/TextureAtlasSprite]: Unused frames in sprite ic2:blocks/fluid/uu_matter_still: [20, 21, 22, 23, 24, 25, 26, 27, 28, 29, 30, 31]
Reloading Dynamic Lights
[11:52:36] [Render thread/INFO] [co.jo.fl.ba.Backend/]: Loaded all shader sources.
[11:52:36] [Worker-Main-3/INFO] [ic.General/]: ic2 version 2.9.162+ex119 loaded.
[11:52:36] [Worker-Main-10/WARN] [mc.mo.wa.pl.PluginInfo/]: [WTHIT] Plugin net.blay09.mods.waystones.compat.ForgeWTHITWaystonesPlugin is using the default namespace minecraft:waystones
[IC2-FIDELITY-REGISTRY-ITEMS] ic2:advanced_batpack,ic2:advanced_charging_re_battery,ic2:advanced_circuit,ic2:advanced_ejector_upgrade,ic2:advanced_heat_exchanger,ic2:advanced_heat_vent,ic2:advanced_machine,ic2:advanced_miner,ic2:advanced_pulling_upgrade,ic2:advanced_re_battery,ic2:advanced_scanner,ic2:air_bucket,ic2:air_cell,ic2:alloy,ic2:alloy_chestplate,ic2:ashes,ic2:barrel,ic2:basalt,ic2:batbox,ic2:batbox_chargepad,ic2:batch_crafter,ic2:batpack,ic2:bio_cell,ic2:bio_chaff,ic2:biofuel_cell,ic2:biogas_bucket,ic2:biomass_bucket,ic2:black_painter,ic2:black_wall,ic2:blank_tfbp,ic2:blast_furnace,ic2:block_cutter,ic2:blue_painter,ic2:blue_wall,ic2:bobs_yer_uncle_ranks_berry,ic2:booze_mug,ic2:broken_rubber_boat,ic2:bronze_axe,ic2:bronze_block,ic2:bronze_boots,ic2:bronze_casing,ic2:bronze_chestplate,ic2:bronze_dust,ic2:bronze_helmet,ic2:bronze_hoe,ic2:bronze_ingot,ic2:bronze_leggings,ic2:bronze_pickaxe,ic2:bronze_plate,ic2:bronze_rotor,ic2:bronze_rotor_blade,ic2:bronze_shaft,ic2:bronze_shovel,ic2:bronze_storage_box,ic2:bronze_sword,ic2:bronze_tank,ic2:brown_painter,ic2:brown_wall,ic2:canner,ic2:carbon_boat,ic2:carbon_fibre,ic2:carbon_mesh,ic2:carbon_plate,ic2:carbon_rotor,ic2:carbon_rotor_blade,ic2:centrifuge,ic2:cesu,ic2:cesu_chargepad,ic2:cf_pack,ic2:cf_powder,ic2:chainsaw,ic2:charging_energy_crystal,ic2:charging_lapotron_crystal,ic2:charging_re_battery,ic2:chilling_tfbp,ic2:chunk_loader,ic2:circuit,ic2:classic_canner,ic2:classic_cropmatron,ic2:classic_electrolyzer,ic2:classic_mass_fabricator,ic2:classic_mfe,ic2:classic_mfsu,ic2:classic_nuke,ic2:clay_dust,ic2:coal_ball,ic2:coal_block,ic2:coal_chunk,ic2:coal_dust,ic2:coal_fuel_dust,ic2:coalfuel_cell,ic2:coffee_beans,ic2:coffee_mug,ic2:coffee_powder,ic2:coil,ic2:coin,ic2:coke,ic2:coke_kiln,ic2:coke_kiln_grate,ic2:coke_kiln_hatch,ic2:cold_coffee_mug,ic2:compacted_electric_jetpack,ic2:compacted_nuclear_jetpack,ic2:component_heat_exchanger,ic2:component_heat_vent,ic2:compressed_hydrated_coal,ic2:compressed_plants,ic2:compressor,ic2:condenser,ic2:construction_foam_bucket,ic2:containment_box,ic2:containment_reactor_plating,ic2:coolant_bucket,ic2:copper_boiler,ic2:copper_cable,ic2:copper_casing,ic2:copper_dust,ic2:copper_ingot,ic2:copper_plate,ic2:cover,ic2:creative_generator,ic2:creosote_bucket,ic2:crop_harvester,ic2:crop_seed_bag,ic2:crop_stick,ic2:cropmatron,ic2:cropnalyzer,ic2:crowbar,ic2:crushed_copper,ic2:crushed_gold,ic2:crushed_iron,ic2:crushed_lead,ic2:crushed_silver,ic2:crushed_tin,ic2:crushed_uranium,ic2:crystal_memory,ic2:cultivation_tfbp,ic2:cutter,ic2:cyan_painter,ic2:cyan_wall,ic2:dark_coffee_mug,ic2:debug_item,ic2:deepslate_lead_ore,ic2:deepslate_tin_ore,ic2:deepslate_uranium_ore,ic2:dense_bronze_plate,ic2:dense_copper_plate,ic2:dense_gold_plate,ic2:dense_iron_plate,ic2:dense_lapis_plate,ic2:dense_lead_plate,ic2:dense_obsidian_plate,ic2:dense_steel_plate,ic2:dense_tin_plate,ic2:depleted_dual_mox_fuel_rod,ic2:depleted_dual_uranium_fuel_rod,ic2:depleted_isotope_fuel_rod,ic2:depleted_mox_fuel_rod,ic2:depleted_quad_mox_fuel_rod,ic2:depleted_quad_uranium_fuel_rod,ic2:depleted_uranium_fuel_rod,ic2:desertification_tfbp,ic2:detector_cable,ic2:diamond_cutting_blade,ic2:diamond_drill,ic2:diamond_dust,ic2:distilled_water_bucket,ic2:double_insulated_gold_cable,ic2:double_insulated_iron_cable,ic2:drill,ic2:dual_mox_fuel_rod,ic2:dual_uranium_fuel_rod,ic2:dynamite,ic2:dynamite_sticky,ic2:ejector_upgrade,ic2:electric_boat,ic2:electric_furnace,ic2:electric_heat_generator,ic2:electric_hoe,ic2:electric_kinetic_generator,ic2:electric_motor,ic2:electric_treetap,ic2:electric_wrench,ic2:electrolyzed_water_cell,ic2:electrolyzer,ic2:emerald_dust,ic2:empty_cell,ic2:empty_fuel_can,ic2:empty_mug,ic2:ender_eye_dust,ic2:ender_pearl_dust,ic2:energium_dust,ic2:energy_crystal,ic2:energy_o_mat,ic2:energy_pack,ic2:energy_storage_upgrade,ic2:ev_transformer,ic2:extractor,ic2:fermenter,ic2:fertilizer,ic2:filled_fuel_can,ic2:filled_tin_can,ic2:flatification_tfbp,ic2:fluid_bottler,ic2:fluid_cell,ic2:fluid_distributor,ic2:fluid_ejector_upgrade,ic2:fluid_heat_generator,ic2:fluid_pulling_upgrade,ic2:fluid_regulator,ic2:foam,ic2:foam_sprayer,ic2:forge_hammer,ic2:frequency_transmitter,ic2:fuel_rod,ic2:generator,ic2:geo_generator,ic2:glass_fibre_cable,ic2:gold_cable,ic2:gold_casing,ic2:gold_dust,ic2:gold_plate,ic2:gray_painter,ic2:gray_wall,ic2:green_painter,ic2:green_wall,ic2:grin_powder,ic2:hazmat_chestplate,ic2:hazmat_helmet,ic2:hazmat_leggings,ic2:heat_conductor,ic2:heat_exchanger,ic2:heat_vent,ic2:heatpack,ic2:heavy_water_bucket,ic2:hops,ic2:hot_coolant_bucket,ic2:hot_water_bucket,ic2:hv_transformer,ic2:hydrated_coal_cell,ic2:hydrated_tin_dust,ic2:hydration_cell,ic2:hydrogen_bucket,ic2:induction_furnace,ic2:industrial_diamond,ic2:industrial_workbench,ic2:insulated_copper_cable,ic2:insulated_gold_cable,ic2:insulated_iron_cable,ic2:insulated_tin_cable,ic2:iodine,ic2:iodine_tablet,ic2:iridium,ic2:iridium_drill,ic2:iridium_neutron_reflector,ic2:iridium_ore,ic2:iridium_shard,ic2:iridium_storage_box,ic2:iridium_tank,ic2:iron_cable,ic2:iron_casing,ic2:iron_cutting_blade,ic2:iron_dust,ic2:iron_fence,ic2:iron_furnace,ic2:iron_plate,ic2:iron_rotor,ic2:iron_rotor_blade,ic2:iron_scaffold,ic2:iron_shaft,ic2:iron_storage_box,ic2:iron_tank,ic2:irrigation_tfbp,ic2:item_buffer,ic2:itnt,ic2:jetpack,ic2:jetpack_attachment_plate,ic2:jetpack_electric,ic2:kinetic_generator,ic2:lapis_dust,ic2:lapis_plate,ic2:lapotron_crystal,ic2:lappack,ic2:lava_cell,ic2:lava_sheet,ic2:lead_block,ic2:lead_casing,ic2:lead_dust,ic2:lead_ingot,ic2:lead_ore,ic2:lead_plate,ic2:light_blue_painter,ic2:light_blue_wall,ic2:light_gray_painter,ic2:light_gray_wall,ic2:lime_painter,ic2:lime_wall,ic2:liquid_heat_exchanger,ic2:lithium_dust,ic2:lithium_fuel_rod,ic2:luminator_flat,ic2:lv_transformer,ic2:lzh_condensator,ic2:macerator,ic2:machine,ic2:magenta_painter,ic2:magenta_wall,ic2:magnetizer,ic2:manual_kinetic_generator,ic2:mass_fabricator,ic2:matter_generator,ic2:metal_former,ic2:meter,ic2:mfe,ic2:mfe_chargepad,ic2:mfsu,ic2:mfsu_chargepad,ic2:milk_dust,ic2:milk_wart,ic2:miner,ic2:mining_laser,ic2:mining_pipe,ic2:mixed_metal_ingot,ic2:mox,ic2:mox_fuel_rod,ic2:mox_pellet,ic2:mushroom_tfbp,ic2:mv_transformer,ic2:nano_boots,ic2:nano_chestplate,ic2:nano_helmet,ic2:nano_leggings,ic2:nano_saber,ic2:near_depleted_uranium,ic2:netherrack_dust,ic2:neutron_reflector,ic2:night_vision_goggles,ic2:nuclear_jetpack,ic2:nuclear_reactor,ic2:nuke,ic2:obscurator,ic2:obsidian_dust,ic2:obsidian_plate,ic2:oil_berry,ic2:orange_painter,ic2:orange_wall,ic2:ore_washing_plant,ic2:overclocked_heat_vent,ic2:overclocker_upgrade,ic2:oxygen_bucket,ic2:pahoehoe_lava_bucket,ic2:painter,ic2:pattern_storage,ic2:pellet,ic2:personal_chest,ic2:pink_painter,ic2:pink_wall,ic2:pipe,ic2:plant_ball,ic2:plutonium,ic2:power_unit,ic2:pulling_upgrade,ic2:pump,ic2:purified_copper,ic2:purified_gold,ic2:purified_iron,ic2:purified_lead,ic2:purified_silver,ic2:purified_tin,ic2:purified_uranium,ic2:purple_painter,ic2:purple_wall,ic2:quad_mox_fuel_rod,ic2:quad_uranium_fuel_rod,ic2:quantum_boots,ic2:quantum_chestplate,ic2:quantum_helmet,ic2:quantum_leggings,ic2:raw_crystal_memory,ic2:raw_lead,ic2:raw_lead_block,ic2:raw_tin,ic2:raw_tin_block,ic2:raw_uranium,ic2:raw_uranium_block,ic2:rci_lzh,ic2:rci_rsh,ic2:re_battery,ic2:re_enriched_uranium,ic2:reactor_access_hatch,ic2:reactor_chamber,ic2:reactor_coolant_cell,ic2:reactor_fluid_port,ic2:reactor_heat_exchanger,ic2:reactor_heat_plating,ic2:reactor_heat_vent,ic2:reactor_plating,ic2:reactor_redstone_port,ic2:reactor_vessel,ic2:recycler,ic2:red_painter,ic2:red_wall,ic2:redstone_inverter_upgrade,ic2:refined_iron_ingot,ic2:refractory_bricks,ic2:reinforced_door,ic2:reinforced_glass,ic2:reinforced_iron_scaffold,ic2:reinforced_stone,ic2:reinforced_wooden_scaffold,ic2:remote,ic2:remote_interface_upgrade,ic2:replicator,ic2:resin,ic2:resin_sheet,ic2:rsh_condensator,ic2:rt_generator,ic2:rt_heat_generator,ic2:rtg_pellet,ic2:rubber,ic2:rubber_boat,ic2:rubber_boots,ic2:rubber_button,ic2:rubber_door,ic2:rubber_fence,ic2:rubber_fence_gate,ic2:rubber_leaves,ic2:rubber_log,ic2:rubber_planks,ic2:rubber_pressure_plate,ic2:rubber_sapling,ic2:rubber_sheet,ic2:rubber_sign,ic2:rubber_slab,ic2:rubber_stairs,ic2:rubber_trapdoor,ic2:rubber_wood,ic2:scanner,ic2:scrap,ic2:scrap_box,ic2:semifluid_generator,ic2:sextuple_reactor_coolant_cell,ic2:silicon_dioxide_dust,ic2:silver_block,ic2:silver_dust,ic2:silver_ingot,ic2:single_use_battery,ic2:slag,ic2:small_bronze_dust,ic2:small_copper_dust,ic2:small_diamond_dust,ic2:small_emerald_dust,ic2:small_gold_dust,ic2:small_iron_dust,ic2:small_lapis_dust,ic2:small_lead_dust,ic2:small_lithium_dust,ic2:small_obsidian_dust,ic2:small_plutonium,ic2:small_power_unit,ic2:small_silver_dust,ic2:small_sulfur_dust,ic2:small_tin_dust,ic2:small_uranium_235,ic2:small_uranium_238,ic2:solar_distiller,ic2:solar_generator,ic2:solar_helmet,ic2:solid_canner,ic2:solid_heat_generator,ic2:sorting_machine,ic2:splitter_cable,ic2:static_boots,ic2:steam_bucket,ic2:steam_generator,ic2:steam_kinetic_generator,ic2:steam_repressurizer,ic2:steam_turbine,ic2:steam_turbine_blade,ic2:steel_block,ic2:steel_casing,ic2:steel_cutting_blade,ic2:steel_ingot,ic2:steel_plate,ic2:steel_rotor,ic2:steel_rotor_blade,ic2:steel_shaft,ic2:steel_storage_box,ic2:steel_tank,ic2:stirling_generator,ic2:stirling_kinetic_generator,ic2:stone_dust,ic2:stripped_rubber_log,ic2:stripped_rubber_wood,ic2:sulfur_dust,ic2:superheated_steam_bucket,ic2:tank,ic2:teleporter,ic2:terra_wart,ic2:terraformer,ic2:tesla_coil,ic2:thick_neutron_reflector,ic2:tin_block,ic2:tin_cable,ic2:tin_can,ic2:tin_casing,ic2:tin_dust,ic2:tin_ingot,ic2:tin_ore,ic2:tin_plate,ic2:tool_box,ic2:trade_o_mat,ic2:transformer_upgrade,ic2:treetap,ic2:triple_insulated_iron_cable,ic2:triple_reactor_coolant_cell,ic2:upgrade_kit,ic2:uranium,ic2:uranium_235,ic2:uranium_238,ic2:uranium_block,ic2:uranium_fuel_rod,ic2:uranium_ingot,ic2:uranium_ore,ic2:uranium_pellet,ic2:uu_assembly_bench,ic2:uu_matter,ic2:uu_matter_bucket,ic2:uu_scanner,ic2:water_cell,ic2:water_generator,ic2:water_kinetic_generator,ic2:water_sheet,ic2:weed,ic2:weed_ex_bucket,ic2:weed_ex_cell,ic2:weeding_trowel,ic2:weighted_fluid_distributor,ic2:weighted_item_distributor,ic2:white_painter,ic2:white_wall,ic2:wind_generator,ic2:wind_kinetic_generator,ic2:wind_meter,ic2:wooden_rotor,ic2:wooden_rotor_blade,ic2:wooden_scaffold,ic2:wooden_storage_box,ic2:wool_sheet,ic2:wrench,ic2:yellow_painter,ic2:yellow_wall
[IC2-FIDELITY-REGISTRY-BLOCKS] ic2:acacia_sapling_crop,ic2:advanced_machine,ic2:advanced_miner,ic2:aurelia_crop,ic2:barrel,ic2:basalt,ic2:batbox,ic2:batbox_chargepad,ic2:batch_crafter,ic2:beetroots_crop,ic2:birch_sapling_crop,ic2:black_wall,ic2:blackthorn_crop,ic2:blast_furnace,ic2:blazereed_crop,ic2:block_cutter,ic2:blue_wall,ic2:bobs_yer_uncle_ranks_berries_crop,ic2:bronze_block,ic2:bronze_storage_box,ic2:bronze_tank,ic2:brown_mushroom_crop,ic2:brown_wall,ic2:canner,ic2:carrots_crop,ic2:centrifuge,ic2:cesu,ic2:cesu_chargepad,ic2:chunk_loader,ic2:classic_canner,ic2:classic_cropmatron,ic2:classic_electrolyzer,ic2:classic_mass_fabricator,ic2:classic_mfe,ic2:classic_mfsu,ic2:classic_nuke,ic2:cocoa_crop,ic2:coffee_crop,ic2:coke_kiln,ic2:coke_kiln_grate,ic2:coke_kiln_hatch,ic2:compressor,ic2:condenser,ic2:copper_cable,ic2:copper_foam_cable,ic2:corium_crop,ic2:corpse_plant_crop,ic2:creative_generator,ic2:creeper_weed_crop,ic2:crop_harvester,ic2:crop_stick,ic2:cropmatron,ic2:cyan_wall,ic2:cyazint_crop,ic2:cyprium_crop,ic2:dandelion_crop,ic2:dark_oak_sapling_crop,ic2:deepslate_lead_ore,ic2:deepslate_tin_ore,ic2:deepslate_uranium_ore,ic2:detector_cable,ic2:detector_foam_cable,ic2:diareed_crop,ic2:double_insulated_gold_cable,ic2:double_insulated_gold_foam_cable,ic2:double_insulated_iron_cable,ic2:double_insulated_iron_foam_cable,ic2:dynamite,ic2:eating_plant_crop,ic2:egg_plant_crop,ic2:electric_furnace,ic2:electric_heat_generator,ic2:electric_kinetic_generator,ic2:electrolyzer,ic2:ender_blossom_crop,ic2:energy_o_mat,ic2:ev_transformer,ic2:extractor,ic2:fermenter,ic2:ferru_crop,ic2:flax_crop,ic2:fluid_bottler,ic2:fluid_distributor,ic2:fluid_heat_generator,ic2:fluid_pipe,ic2:fluid_regulator,ic2:foam,ic2:generator,ic2:geo_generator,ic2:glass_fibre_cable,ic2:glass_fibre_foam_cable,ic2:gold_cable,ic2:gold_foam_cable,ic2:gray_wall,ic2:green_wall,ic2:hops_crop,ic2:hv_transformer,ic2:induction_furnace,ic2:industrial_workbench,ic2:insulated_copper_cable,ic2:insulated_copper_foam_cable,ic2:insulated_gold_cable,ic2:insulated_gold_foam_cable,ic2:insulated_iron_cable,ic2:insulated_iron_foam_cable,ic2:insulated_tin_cable,ic2:insulated_tin_foam_cable,ic2:iridium_storage_box,ic2:iridium_tank,ic2:iron_cable,ic2:iron_fence,ic2:iron_foam_cable,ic2:iron_furnace,ic2:iron_scaffold,ic2:iron_storage_box,ic2:iron_tank,ic2:item_buffer,ic2:itnt,ic2:jungle_sapling_crop,ic2:kinetic_generator,ic2:lead_block,ic2:lead_ore,ic2:light_blue_wall,ic2:light_gray_wall,ic2:lime_wall,ic2:liquid_heat_exchanger,ic2:luminator_flat,ic2:lv_transformer,ic2:macerator,ic2:machine,ic2:magenta_wall,ic2:magnetizer,ic2:manual_kinetic_generator,ic2:mass_fabricator,ic2:matter_generator,ic2:meat_rose_crop,ic2:melon_crop,ic2:metal_former,ic2:mfe,ic2:mfe_chargepad,ic2:mfsu,ic2:mfsu_chargepad,ic2:milk_wart_crop,ic2:miner,ic2:mining_pipe,ic2:mining_pipe_tip,ic2:mv_transformer,ic2:nether_wart_crop,ic2:nuclear_reactor,ic2:nuke,ic2:oak_sapling_crop,ic2:obscured_wall,ic2:oil_berries_crop,ic2:orange_wall,ic2:ore_washing_plant,ic2:pattern_storage,ic2:personal_chest,ic2:pink_wall,ic2:plumbiscus_crop,ic2:poppy_crop,ic2:potato_crop,ic2:pump,ic2:pumpkin_crop,ic2:purple_wall,ic2:raw_lead_block,ic2:raw_tin_block,ic2:raw_uranium_block,ic2:rci_lzh,ic2:rci_rsh,ic2:reactor_access_hatch,ic2:reactor_chamber,ic2:reactor_fluid_port,ic2:reactor_redstone_port,ic2:reactor_vessel,ic2:recycler,ic2:red_mushroom_crop,ic2:red_wall,ic2:red_wheat_crop,ic2:reed_crop,ic2:refractory_bricks,ic2:reinforced_door,ic2:reinforced_glass,ic2:reinforced_iron_scaffold,ic2:reinforced_stone,ic2:reinforced_wooden_scaffold,ic2:replicator,ic2:resin_sheet,ic2:rt_generator,ic2:rt_heat_generator,ic2:rubber_button,ic2:rubber_door,ic2:rubber_fence,ic2:rubber_fence_gate,ic2:rubber_leaves,ic2:rubber_log,ic2:rubber_planks,ic2:rubber_pressure_plate,ic2:rubber_sapling,ic2:rubber_sheet,ic2:rubber_sign,ic2:rubber_slab,ic2:rubber_stairs,ic2:rubber_trapdoor,ic2:rubber_wall_sign,ic2:rubber_wood,ic2:semifluid_generator,ic2:shining_crop,ic2:silver_block,ic2:slime_plant_crop,ic2:solar_distiller,ic2:solar_generator,ic2:solid_canner,ic2:solid_heat_generator,ic2:sorting_machine,ic2:spidernip_crop,ic2:splitter_cable,ic2:splitter_foam_cable,ic2:spruce_sapling_crop,ic2:stagnium_crop,ic2:steam_generator,ic2:steam_kinetic_generator,ic2:steam_repressurizer,ic2:steel_block,ic2:steel_storage_box,ic2:steel_tank,ic2:sticky_reed_crop,ic2:stirling_generator,ic2:stirling_kinetic_generator,ic2:stripped_rubber_log,ic2:stripped_rubber_wood,ic2:tank,ic2:tearstalks_crop,ic2:teleporter,ic2:terra_wart_crop,ic2:terraformer,ic2:tesla_coil,ic2:tin_block,ic2:tin_cable,ic2:tin_foam_cable,ic2:tin_ore,ic2:trade_o_mat,ic2:triple_insulated_iron_cable,ic2:triple_insulated_iron_foam_cable,ic2:tulip_crop,ic2:uranium_block,ic2:uranium_ore,ic2:uu_assembly_bench,ic2:uu_scanner,ic2:venomilia_crop,ic2:water_generator,ic2:water_kinetic_generator,ic2:weed_crop,ic2:weighted_fluid_distributor,ic2:weighted_item_distributor,ic2:wheat_crop,ic2:white_wall,ic2:wind_generator,ic2:wind_kinetic_generator,ic2:withereed_crop,ic2:wooden_scaffold,ic2:wooden_storage_box,ic2:wool_sheet,ic2:yellow_wall
[11:52:36] [Worker-Main-10/INFO] [mc.mo.wa.pl.PluginLoader/]: [WTHIT] Registering plugin minecraft:waystones at net.blay09.mods.waystones.compat.ForgeWTHITWaystonesPlugin
[11:52:36] [Worker-Main-10/INFO] [mc.mo.wa.pl.PluginLoader/]: [WTHIT] Registering plugin waila:core at mcp.mobius.waila.plugin.core.WailaPluginCore
[11:52:36] [Worker-Main-10/INFO] [mc.mo.wa.pl.PluginLoader/]: [WTHIT] Registering plugin waila:vanilla at mcp.mobius.waila.plugin.vanilla.WailaPluginVanilla
[11:52:36] [Worker-Main-10/INFO] [mc.mo.wa.pl.PluginLoader/]: [WTHIT] Registering plugin waila:forge at mcp.mobius.waila.plugin.forge.WailaPluginForge
[11:52:36] [Worker-Main-10/INFO] [mc.mo.wa.pl.PluginLoader/]: [WTHIT] Registering plugin ae2:wthit at appeng.integration.modules.wthit.WthitModule
[11:52:36] [Worker-Main-10/INFO] [mc.mo.wa.pl.PluginLoader/]: [WTHIT] Registering plugin waila:extra at mcp.mobius.waila.plugin.extra.WailaPluginExtra
[11:52:36] [Worker-Main-10/INFO] [mc.mo.wa.re.Registrar/]: [WTHIT] Using mcp.mobius.waila.plugin.core.pick.ObjectPicker as the object picker
[11:52:36] [Worker-Main-10/INFO] [mc.mo.wa.co.PluginConfig/]: [WTHIT] Plugin config reloaded
[11:52:36] [Render thread/INFO] [configured/]: Successfully loaded config provider: com.mrcrayfish.configured.impl.forge.ForgeConfigProvider
[11:52:36] [Render thread/INFO] [configured/]: Successfully loaded config provider: com.mrcrayfish.configured.impl.simple.SimpleConfigProvider
[11:52:36] [Render thread/INFO] [configured/]: Creating config GUI factories...
[11:52:36] [Render thread/INFO] [configured/]: Registering config factory for mod quarryplus. Found 3 config(s)
[11:52:36] [Render thread/INFO] [configured/]: Registering config factory for mod undeadnights. Found 1 config(s)
[11:52:36] [Render thread/INFO] [configured/]: Registering config factory for mod jei. Found 1 config(s)
[11:52:36] [Render thread/INFO] [configured/]: Registering config factory for mod thermal. Found 3 config(s)
[11:52:36] [Render thread/INFO] [configured/]: Registering config factory for mod waystones. Found 1 config(s)
[11:52:36] [Render thread/INFO] [configured/]: Registering config factory for mod ritchiesprojectilelib. Found 1 config(s)
[11:52:36] [Render thread/INFO] [configured/]: Registering config factory for mod journeymap. Found 1 config(s)
[11:52:36] [Render thread/INFO] [configured/]: Registering config factory for mod configured. Found 2 config(s)
[11:52:36] [Render thread/INFO] [configured/]: Registering config factory for mod zombieawareness. Found 5 config(s)
[11:52:36] [Render thread/INFO] [configured/]: Registering config factory for mod cofh_core. Found 3 config(s)
[11:52:36] [Render thread/INFO] [configured/]: Registering config factory for mod hordes. Found 2 config(s)
[11:52:36] [Render thread/INFO] [configured/]: Registering config factory for mod jeresources. Found 1 config(s)
[11:52:36] [Render thread/INFO] [configured/]: Registering config factory for mod forge. Found 3 config(s)
[11:52:36] [Render thread/INFO] [configured/]: Registering config factory for mod theoneprobe. Found 2 config(s)
[11:52:36] [Render thread/INFO] [configured/]: Registering config factory for mod simplybackpacks. Found 1 config(s)
[11:52:36] [Render thread/INFO] [configured/]: Registering config factory for mod curios. Found 2 config(s)
[11:52:36] [Render thread/INFO] [configured/]: Registering config factory for mod flywheel. Found 1 config(s)
[11:52:36] [Render thread/INFO] [configured/]: Registering config factory for mod foglooksgoodnow. Found 1 config(s)
[11:52:36] [Render thread/INFO] [configured/]: Registering config factory for mod industrialupgrade. Found 1 config(s)
[11:52:36] [Render thread/INFO] [configured/]: Registering config factory for mod toughasnails. Found 4 config(s)
[11:52:36] [Render thread/INFO] [configured/]: Registering config factory for mod lostcities. Found 2 config(s)
[11:52:36] [Render thread/INFO] [configured/]: Registering config factory for mod betterfoliage. Found 1 config(s)
[11:52:38] [Render thread/WARN] [minecraft/SoundEngine]: Missing sound for event: minecraft:item.goat_horn.play
[11:52:38] [Render thread/WARN] [minecraft/SoundEngine]: Missing sound for event: minecraft:entity.goat.screaming.horn_break
[11:52:38] [Render thread/WARN] [minecraft/SoundEngine]: Missing sound for event: ic2:item.crowbar.use
[11:52:38] [Render thread/INFO] [mojang/Library]: OpenAL initialized on device OpenAL Soft on OUT 1-2 (BEHRINGER UMC 204HD 192k)
[11:52:38] [Render thread/INFO] [Sound Physics - General/]: Initializing Sound Physics
[11:52:38] [Render thread/INFO] [Sound Physics - General/]: EFX Extension recognized
[11:52:38] [Render thread/INFO] [Sound Physics - General/]: Max auxiliary sends: 4
[11:52:38] [Render thread/INFO] [Sound Physics - General/]: Aux slot 1 created
[11:52:38] [Render thread/INFO] [Sound Physics - General/]: Aux slot 2 created
[11:52:38] [Render thread/INFO] [Sound Physics - General/]: Aux slot 3 created
[11:52:38] [Render thread/INFO] [Sound Physics - General/]: Aux slot 4 created
[11:52:38] [Render thread/INFO] [Sound Physics - General/]: EFX ready
[11:52:38] [Render thread/INFO] [minecraft/SoundEngine]: Sound engine started
[11:52:38] [Render thread/INFO] [minecraft/TextureAtlas]: Created: 4096x4096x4 minecraft:textures/atlas/blocks.png-atlas
[11:52:38] [Render thread/INFO] [minecraft/TextureAtlas]: Created: 1024x512x4 minecraft:textures/atlas/signs.png-atlas
[11:52:38] [Render thread/INFO] [minecraft/TextureAtlas]: Created: 512x512x4 minecraft:textures/atlas/shield_patterns.png-atlas
[11:52:38] [Render thread/INFO] [minecraft/TextureAtlas]: Created: 512x512x4 minecraft:textures/atlas/banner_patterns.png-atlas
[11:52:38] [Render thread/INFO] [minecraft/TextureAtlas]: Created: 512x256x4 minecraft:textures/atlas/chest.png-atlas
[11:52:38] [Render thread/INFO] [minecraft/TextureAtlas]: Created: 512x256x4 minecraft:textures/atlas/shulker_boxes.png-atlas
[11:52:38] [Render thread/INFO] [minecraft/TextureAtlas]: Created: 512x256x4 minecraft:textures/atlas/beds.png-atlas
[11:52:38] [Render thread/WARN] [ne.mi.cl.mo.ob.ObjModel/]: Model "createbigcannons:block/cannon_carriage/block_saddle" is using the deprecated "detectCullableFaces" field in its OBJ model instead of "automatic_culling". This field will be removed in 1.20.
[11:52:38] [Render thread/WARN] [ne.mi.cl.mo.ob.ObjModel/]: Model "createbigcannons:block/cannon_carriage/block_saddle" is using the deprecated "flip-v" field in its OBJ model instead of "flip_v". This field will be removed in 1.20.
[11:52:39] [Render thread/WARN] [ne.mi.cl.mo.ob.ObjModel/]: Model "createbigcannons:block/cannon_carriage/block_saddle" is using the deprecated "detectCullableFaces" field in its OBJ model instead of "automatic_culling". This field will be removed in 1.20.
[11:52:39] [Render thread/WARN] [ne.mi.cl.mo.ob.ObjModel/]: Model "createbigcannons:block/cannon_carriage/block_saddle" is using the deprecated "flip-v" field in its OBJ model instead of "flip_v". This field will be removed in 1.20.
[11:52:39] [Render thread/WARN] [ne.mi.cl.mo.ob.ObjModel/]: Model "createbigcannons:block/cannon_carriage/block" is using the deprecated "detectCullableFaces" field in its OBJ model instead of "automatic_culling". This field will be removed in 1.20.
[11:52:39] [Render thread/WARN] [ne.mi.cl.mo.ob.ObjModel/]: Model "createbigcannons:block/cannon_carriage/block" is using the deprecated "flip-v" field in its OBJ model instead of "flip_v". This field will be removed in 1.20.
[11:52:40] [Render thread/WARN] [ne.mi.cl.mo.ob.ObjModel/]: Model "createbigcannons:block/cannon_carriage/block" is using the deprecated "detectCullableFaces" field in its OBJ model instead of "automatic_culling". This field will be removed in 1.20.
[11:52:40] [Render thread/WARN] [ne.mi.cl.mo.ob.ObjModel/]: Model "createbigcannons:block/cannon_carriage/block" is using the deprecated "flip-v" field in its OBJ model instead of "flip_v". This field will be removed in 1.20.
[11:52:40] [Render thread/WARN] [ne.mi.cl.mo.ob.ObjModel/]: Model "createbigcannons:block/cannon_carriage/block" is using the deprecated "detectCullableFaces" field in its OBJ model instead of "automatic_culling". This field will be removed in 1.20.
[11:52:40] [Render thread/WARN] [ne.mi.cl.mo.ob.ObjModel/]: Model "createbigcannons:block/cannon_carriage/block" is using the deprecated "flip-v" field in its OBJ model instead of "flip_v". This field will be removed in 1.20.
[11:52:40] [Render thread/WARN] [ne.mi.cl.mo.ob.ObjModel/]: Model "createbigcannons:block/cannon_carriage/block_saddle" is using the deprecated "detectCullableFaces" field in its OBJ model instead of "automatic_culling". This field will be removed in 1.20.
[11:52:40] [Render thread/WARN] [ne.mi.cl.mo.ob.ObjModel/]: Model "createbigcannons:block/cannon_carriage/block_saddle" is using the deprecated "flip-v" field in its OBJ model instead of "flip_v". This field will be removed in 1.20.
[11:52:40] [Render thread/WARN] [ne.mi.cl.mo.ob.ObjModel/]: Model "createbigcannons:block/cannon_carriage/block" is using the deprecated "detectCullableFaces" field in its OBJ model instead of "automatic_culling". This field will be removed in 1.20.
[11:52:40] [Render thread/WARN] [ne.mi.cl.mo.ob.ObjModel/]: Model "createbigcannons:block/cannon_carriage/block" is using the deprecated "flip-v" field in its OBJ model instead of "flip_v". This field will be removed in 1.20.
[11:52:41] [Render thread/WARN] [ne.mi.cl.mo.ob.ObjModel/]: Model "createbigcannons:block/cannon_carriage/block_saddle" is using the deprecated "detectCullableFaces" field in its OBJ model instead of "automatic_culling". This field will be removed in 1.20.
[11:52:41] [Render thread/WARN] [ne.mi.cl.mo.ob.ObjModel/]: Model "createbigcannons:block/cannon_carriage/block_saddle" is using the deprecated "flip-v" field in its OBJ model instead of "flip_v". This field will be removed in 1.20.
[11:52:41] [Render thread/WARN] [ne.mi.cl.mo.ob.ObjModel/]: Model "createbigcannons:cannon_carriage#inventory" is using the deprecated "detectCullableFaces" field in its OBJ model instead of "automatic_culling". This field will be removed in 1.20.
[11:52:41] [Render thread/WARN] [ne.mi.cl.mo.ob.ObjModel/]: Model "createbigcannons:cannon_carriage#inventory" is using the deprecated "flip-v" field in its OBJ model instead of "flip_v". This field will be removed in 1.20.
[11:52:41] [Render thread/WARN] [ne.mi.cl.mo.ob.ObjModel/]: Model "createbigcannons:block/cannon_carriage/carriage_wheel" is using the deprecated "detectCullableFaces" field in its OBJ model instead of "automatic_culling". This field will be removed in 1.20.
[11:52:41] [Render thread/WARN] [ne.mi.cl.mo.ob.ObjModel/]: Model "createbigcannons:block/cannon_carriage/carriage_wheel" is using the deprecated "flip-v" field in its OBJ model instead of "flip_v". This field will be removed in 1.20.
[IC2-FIDELITY-JETPACK-RENDER] layers=2
[11:52:42] [Render thread/WARN] [minecraft/ShaderInstance]: Shader rendertype_entity_translucent_emissive could not find sampler named Sampler2 in the specified shader program.
[11:52:42] [Render thread/WARN] [minecraft/ShaderInstance]: Shader cofh_core:particle_over could not find sampler named Sampler2 in the specified shader program.
[11:52:42] [Render thread/WARN] [minecraft/ShaderInstance]: Shader cofh_core:particle_add could not find sampler named Sampler2 in the specified shader program.
[11:52:42] [Render thread/WARN] [minecraft/ShaderInstance]: Shader cofh_core:particle_screen could not find sampler named Sampler2 in the specified shader program.
[11:52:42] [Render thread/INFO] [minecraft/TextureAtlas]: Created: 512x256x0 minecraft:textures/atlas/particles.png-atlas
[11:52:42] [Render thread/INFO] [minecraft/TextureAtlas]: Created: 512x256x0 minecraft:textures/atlas/paintings.png-atlas
[11:52:42] [Render thread/INFO] [minecraft/TextureAtlas]: Created: 256x128x0 minecraft:textures/atlas/mob_effects.png-atlas
[11:52:43] [Render thread/WARN] [tacz/]: Molang is not supported: "vector"
[11:52:43] [Render thread/WARN] [tacz/]: Molang is not supported: "vector"
[11:52:43] [Render thread/WARN] [tacz/]: Molang is not supported: "vector"
[11:52:43] [Render thread/WARN] [tacz/]: Molang is not supported: "vector"
[11:52:43] [Render thread/WARN] [tacz/]: Molang is not supported: "vector"
[11:52:43] [Render thread/WARN] [tacz/]: Molang is not supported: "vector"
[11:52:43] [Render thread/WARN] [tacz/]: Molang is not supported: "math.cos(query.anim_time * 200) * 0.5"
[11:52:43] [Render thread/WARN] [tacz/]: Molang is not supported: "(math.sin(query.anim_time * 200) * 0.5) + math.clamp(query.yaw_speed * -20, -20, 20)"
[11:52:43] [Render thread/WARN] [tacz/]: Molang is not supported: "math.cos(query.anim_time * 100) * 0.5"
[11:52:43] [Render thread/WARN] [tacz/]: Molang is not supported: "Math.clamp(query.distance_from_camera / 5, 1, 6)"
[11:52:43] [Render thread/WARN] [tacz/]: Molang is not supported: "Math.clamp(query.distance_from_camera / 5, 1, 6)"
[11:52:43] [Render thread/WARN] [tacz/]: Molang is not supported: "Math.clamp(query.distance_from_camera / 5, 1, 6)"
[11:52:43] [Render thread/WARN] [tacz/]: Molang is not supported: "-35+math.sin(query.anim_time*400*query.actor_count)*25"
[11:52:43] [Render thread/WARN] [tacz/]: Molang is not supported: "-35+math.sin(query.anim_time*300*query.actor_count)*20"
[11:52:43] [Render thread/WARN] [tacz/]: Molang is not supported: "35+math.sin(query.anim_time*400*query.actor_count)*-25"
[11:52:43] [Render thread/WARN] [tacz/]: Molang is not supported: "35+math.sin(query.anim_time*300*query.actor_count)*-20"
[11:52:43] [Render thread/WARN] [tacz/]: Molang is not supported: "vector"
[11:52:43] [Render thread/WARN] [tacz/]: Molang is not supported: "vector"
[11:52:43] [Render thread/WARN] [tacz/]: Molang is not supported: "vector"
[11:52:43] [Render thread/WARN] [tacz/]: Molang is not supported: "vector"
[11:52:43] [Render thread/WARN] [tacz/]: Molang is not supported: "vector"
[11:52:43] [Render thread/WARN] [tacz/]: Molang is not supported: "vector"
[11:52:43] [Render thread/WARN] [tacz/]: Molang is not supported: "vector"
[11:52:43] [Render thread/WARN] [tacz/]: Molang is not supported: "vector"
[11:52:43] [Render thread/WARN] [tacz/]: Molang is not supported: "vector"
[11:52:43] [Render thread/WARN] [tacz/]: Molang is not supported: "vector"
[11:52:43] [Render thread/WARN] [tacz/]: Molang is not supported: "vector"
[11:52:43] [Render thread/WARN] [tacz/]: Molang is not supported: "vector"
[11:52:43] [Render thread/WARN] [tacz/]: Molang is not supported: "vector"
[11:52:43] [Render thread/WARN] [tacz/]: Molang is not supported: "vector"
[11:52:43] [Render thread/WARN] [tacz/]: Molang is not supported: "vector"
[11:52:43] [Render thread/WARN] [tacz/]: Molang is not supported: "vector"
[11:52:43] [Render thread/WARN] [tacz/]: Molang is not supported: "vector"
[11:52:43] [Render thread/WARN] [tacz/]: Molang is not supported: "vector"
[11:52:43] [Render thread/WARN] [tacz/]: Molang is not supported: "vector"
[11:52:43] [Render thread/WARN] [tacz/]: Molang is not supported: "vector"
[11:52:43] [Render thread/WARN] [tacz/]: Molang is not supported: "vector"
[11:52:43] [Render thread/WARN] [tacz/]: Molang is not supported: "vector"
[11:52:43] [Render thread/WARN] [tacz/]: Molang is not supported: "vector"
[11:52:43] [Render thread/WARN] [tacz/]: Molang is not supported: "vector"
[11:52:43] [Render thread/WARN] [tacz/]: Molang is not supported: "vector"
[11:52:43] [Render thread/WARN] [tacz/]: Molang is not supported: "vector"
[11:52:43] [Render thread/WARN] [tacz/]: Molang is not supported: "vector"
[11:52:43] [Render thread/WARN] [tacz/]: Molang is not supported: "vector"
[11:52:43] [Render thread/WARN] [tacz/]: Molang is not supported: "vector"
[11:52:43] [Render thread/WARN] [tacz/]: Molang is not supported: "vector"
[11:52:43] [Render thread/WARN] [tacz/]: Molang is not supported: "vector"
[11:52:43] [Render thread/WARN] [tacz/]: Molang is not supported: "vector"
[11:52:43] [Render thread/WARN] [tacz/]: Molang is not supported: "vector"
[11:52:43] [Render thread/WARN] [tacz/]: Molang is not supported: "vector"
[11:52:43] [Render thread/WARN] [tacz/]: Molang is not supported: "vector"
[11:52:43] [Render thread/WARN] [tacz/]: Molang is not supported: "vector"
[11:52:43] [Render thread/WARN] [tacz/]: Molang is not supported: "vector"
[11:52:43] [Render thread/WARN] [tacz/]: Molang is not supported: "vector"
[11:52:43] [Render thread/WARN] [tacz/]: Molang is not supported: "vector"
[11:52:43] [Render thread/WARN] [tacz/]: Molang is not supported: "vector"
[11:52:43] [Render thread/WARN] [tacz/]: Molang is not supported: "vector"
[11:52:43] [Render thread/WARN] [tacz/]: Molang is not supported: "vector"
[11:52:43] [Render thread/WARN] [tacz/]: Molang is not supported: "vector"
[11:52:43] [Render thread/WARN] [tacz/]: Molang is not supported: "vector"
[11:52:43] [Render thread/WARN] [tacz/]: Molang is not supported: "vector"
[11:52:43] [Render thread/WARN] [tacz/]: Molang is not supported: "vector"
[11:52:43] [Render thread/WARN] [tacz/]: Molang is not supported: "vector"
[11:52:43] [Render thread/WARN] [tacz/]: Molang is not supported: "vector"
[11:52:43] [Render thread/WARN] [tacz/]: Molang is not supported: "vector"
[11:52:43] [Render thread/WARN] [tacz/]: Molang is not supported: "vector"
[11:52:43] [Render thread/WARN] [tacz/]: Molang is not supported: "vector"
[11:52:43] [Render thread/WARN] [tacz/]: Molang is not supported: "vector"
[11:52:43] [Render thread/WARN] [tacz/]: Molang is not supported: "vector"
[11:52:43] [Render thread/WARN] [tacz/]: Molang is not supported: "vector"
[11:52:43] [Render thread/WARN] [tacz/]: Molang is not supported: "vector"
[11:52:43] [Render thread/WARN] [tacz/]: Molang is not supported: "vector"
[11:52:43] [Render thread/WARN] [tacz/]: Molang is not supported: "vector"
[11:52:43] [Render thread/WARN] [tacz/]: Molang is not supported: "vector"
[11:52:43] [Render thread/WARN] [tacz/]: Molang is not supported: "vector"
[11:52:43] [Render thread/WARN] [tacz/]: Molang is not supported: "vector"
[11:52:43] [Render thread/WARN] [tacz/]: Molang is not supported: "vector"
[11:52:43] [Render thread/WARN] [tacz/]: Molang is not supported: "vector"
[11:52:43] [Render thread/WARN] [tacz/]: Molang is not supported: "vector"
[11:52:43] [Render thread/WARN] [tacz/]: Molang is not supported: "vector"
[11:52:43] [Render thread/WARN] [tacz/]: Molang is not supported: "vector"
[11:52:43] [Render thread/WARN] [tacz/]: Molang is not supported: "vector"
[11:52:43] [Render thread/WARN] [tacz/]: Molang is not supported: "vector"
[11:52:43] [Render thread/WARN] [tacz/]: Molang is not supported: "vector"
[11:52:43] [Render thread/WARN] [tacz/]: Molang is not supported: "vector"
[11:52:43] [Render thread/WARN] [tacz/]: Molang is not supported: "vector"
[11:52:43] [Render thread/WARN] [tacz/]: Molang is not supported: "vector"
[11:52:43] [Render thread/WARN] [tacz/]: Molang is not supported: "vector"
[11:52:43] [Render thread/WARN] [tacz/]: Molang is not supported: "vector"
[11:52:43] [Render thread/WARN] [tacz/]: Molang is not supported: "vector"
[11:52:43] [Render thread/WARN] [tacz/]: Molang is not supported: "vector"
[11:52:43] [Render thread/WARN] [tacz/]: Molang is not supported: "vector"
[11:52:43] [Render thread/WARN] [tacz/]: Molang is not supported: "vector"
[11:52:43] [Render thread/WARN] [tacz/]: Molang is not supported: "vector"
[11:52:43] [Render thread/WARN] [tacz/]: Molang is not supported: "vector"
[11:52:43] [Render thread/WARN] [tacz/]: Molang is not supported: "vector"
[11:52:43] [Render thread/WARN] [tacz/]: Molang is not supported: "vector"
[11:52:43] [Render thread/WARN] [tacz/]: Molang is not supported: "vector"
[11:52:43] [Render thread/WARN] [tacz/]: Molang is not supported: "math.sin(query.anim_time*360)*2"
[11:52:43] [Render thread/WARN] [tacz/]: Molang is not supported: "math.sin(query.anim_time*360)*-4"
[11:52:43] [Render thread/WARN] [tacz/]: Molang is not supported: "-35+math.sin(query.anim_time*360+90)*-7"
[11:52:43] [Render thread/WARN] [tacz/]: Molang is not supported: "math.cos(query.anim_time*360)*20"
[11:52:43] [Render thread/WARN] [tacz/]: Molang is not supported: "math.sin(query.anim_time*360)*50-60"
[11:52:43] [Render thread/WARN] [tacz/]: Molang is not supported: "math.cos(query.anim_time*360)*30+30"
[11:52:43] [Render thread/WARN] [tacz/]: Molang is not supported: "math.cos(query.anim_time*360)*-5-5"
[11:52:43] [Render thread/WARN] [tacz/]: Molang is not supported: "math.cos(query.anim_time*360)*15+15"
[11:52:43] [Render thread/WARN] [tacz/]: Molang is not supported: "math.sin(query.anim_time*360+100)*5"
[11:52:43] [Render thread/WARN] [tacz/]: Molang is not supported: "math.sin(query.anim_time*360+0)*5"
[11:52:43] [Render thread/WARN] [tacz/]: Molang is not supported: "math.sin(query.anim_time*360+60)*5"
[11:52:43] [Render thread/WARN] [tacz/]: Molang is not supported: "math.sin(query.anim_time*360+0)*-5"
[11:52:43] [Render thread/WARN] [tacz/]: Molang is not supported: "math.cos(query.anim_time*360)*-20"
[11:52:43] [Render thread/WARN] [tacz/]: Molang is not supported: "math.sin(query.anim_time*360)*-50+60"
[11:52:43] [Render thread/WARN] [tacz/]: Molang is not supported: "math.cos(query.anim_time*360)*-30-30"
[11:52:43] [Render thread/WARN] [tacz/]: Molang is not supported: "math.cos(query.anim_time*360)*-5-5"
[11:52:43] [Render thread/WARN] [tacz/]: Molang is not supported: "math.cos(query.anim_time*360)*-15-15"
[11:52:43] [Render thread/WARN] [tacz/]: Molang is not supported: "27.5+math.sin(query.anim_time*720)*1"
[11:52:43] [Render thread/WARN] [tacz/]: Molang is not supported: "-40 + math.cos(query.anim_time*720)*-3"
[11:52:43] [Render thread/WARN] [tacz/]: Molang is not supported: "60 + math.sin(query.anim_time*360)*15"
[11:52:43] [Render thread/WARN] [tacz/]: Molang is not supported: "-37.5-math.cos(query.anim_time*360+30)*2"
[11:52:43] [Render thread/WARN] [tacz/]: Molang is not supported: "5+math.sin(query.anim_time*360)*30"
[11:52:43] [Render thread/WARN] [tacz/]: Molang is not supported: "5+math.sin(query.anim_time*360)*-12.5"
[11:52:43] [Render thread/WARN] [tacz/]: Molang is not supported: "-85-math.cos(query.anim_time*360+30)*4"
[11:52:43] [Render thread/WARN] [tacz/]: Molang is not supported: "-65-math.cos(query.anim_time*360+30)*3"
[11:52:43] [Render thread/WARN] [tacz/]: Molang is not supported: "-60+math.sin(query.anim_time*360)*15"
[11:52:43] [Render thread/WARN] [tacz/]: Molang is not supported: "40 + math.cos(query.anim_time*360)* -15"
[11:52:43] [Render thread/WARN] [tacz/]: Molang is not supported: "65-math.cos(query.anim_time*360+30)*3"
[11:52:43] [Render thread/WARN] [tacz/]: Molang is not supported: "85-math.cos(query.anim_time*360+30)*4"
[11:52:43] [Render thread/WARN] [tacz/]: Molang is not supported: "37.5-math.cos(query.anim_time*360+30)*2"
[11:52:43] [Render thread/WARN] [tacz/]: Molang is not supported: "-40 + math.cos(query.anim_time*360)* -15"
[11:52:43] [Render thread/WARN] [tacz/]: Molang is not supported: "math.sin(query.anim_time*90+30)*-3"
[11:52:43] [Render thread/WARN] [tacz/]: Molang is not supported: "math.sin(query.anim_time*90)*-3"
[11:52:43] [Render thread/WARN] [tacz/]: Molang is not supported: "82.5+math.sin(query.anim_time*90)*-2"
[11:52:43] [Render thread/WARN] [tacz/]: Molang is not supported: "-77.5+math.sin(query.anim_time*90)*-2"
[11:52:43] [Render thread/WARN] [tacz/]: Molang is not supported: "vector"
[11:52:43] [Render thread/WARN] [tacz/]: Molang is not supported: "vector"
[11:52:43] [Render thread/WARN] [tacz/]: Molang is not supported: "vector"
[11:52:43] [Render thread/WARN] [tacz/]: Molang is not supported: "vector"
[11:52:43] [Render thread/WARN] [tacz/]: Molang is not supported: "vector"
[11:52:43] [Render thread/WARN] [tacz/]: Molang is not supported: "vector"
[11:52:43] [Render thread/WARN] [tacz/]: Molang is not supported: "vector"
[11:52:43] [Render thread/WARN] [tacz/]: Molang is not supported: "vector"
[11:52:43] [Render thread/WARN] [tacz/]: Molang is not supported: "vector"
[11:52:43] [Render thread/WARN] [tacz/]: Molang is not supported: "vector"
[11:52:43] [Render thread/WARN] [tacz/]: Molang is not supported: "vector"
[11:52:43] [Render thread/WARN] [tacz/]: Molang is not supported: "vector"
[11:52:43] [Render thread/WARN] [tacz/]: Molang is not supported: "vector"
[11:52:43] [Render thread/WARN] [tacz/]: Molang is not supported: "vector"
[11:52:43] [Render thread/WARN] [tacz/]: Molang is not supported: "vector"
[11:52:43] [Render thread/WARN] [tacz/]: Molang is not supported: "vector"
[11:52:43] [Render thread/WARN] [tacz/]: Molang is not supported: "vector"
[11:52:43] [Render thread/WARN] [tacz/]: Molang is not supported: "vector"
[11:52:43] [Render thread/WARN] [tacz/]: Molang is not supported: "vector"
[11:52:43] [Render thread/WARN] [tacz/]: Molang is not supported: "vector"
[11:52:43] [Render thread/WARN] [tacz/]: Molang is not supported: "vector"
[11:52:43] [Render thread/WARN] [tacz/]: Molang is not supported: "vector"
[11:52:43] [Render thread/WARN] [tacz/]: Molang is not supported: "vector"
[11:52:43] [Render thread/WARN] [tacz/]: Molang is not supported: "vector"
[11:52:43] [Render thread/WARN] [tacz/]: Molang is not supported: "vector"
[11:52:43] [Render thread/WARN] [tacz/]: Molang is not supported: "vector"
[11:52:43] [Render thread/WARN] [tacz/]: Molang is not supported: "vector"
[11:52:43] [Render thread/WARN] [tacz/]: Molang is not supported: "vector"
[11:52:43] [Render thread/WARN] [tacz/]: Molang is not supported: "vector"
[11:52:43] [Render thread/WARN] [tacz/]: Molang is not supported: "vector"
[11:52:43] [Render thread/WARN] [tacz/]: Molang is not supported: "vector"
[11:52:43] [Render thread/WARN] [tacz/]: Molang is not supported: "vector"
[11:52:43] [Render thread/WARN] [tacz/]: Molang is not supported: "vector"
[11:52:43] [Render thread/WARN] [tacz/]: Molang is not supported: "vector"
[11:52:43] [Render thread/WARN] [tacz/]: Molang is not supported: "vector"
[11:52:43] [Render thread/WARN] [tacz/]: Molang is not supported: "vector"
[11:52:43] [Render thread/WARN] [tacz/]: Molang is not supported: "vector"
[11:52:43] [Render thread/WARN] [tacz/]: Molang is not supported: "vector"
[11:52:43] [Render thread/WARN] [tacz/]: Molang is not supported: "vector"
[11:52:43] [Render thread/WARN] [tacz/]: Molang is not supported: "vector"
[11:52:43] [Render thread/WARN] [tacz/]: Molang is not supported: "vector"
[11:52:43] [Render thread/WARN] [tacz/]: Molang is not supported: "vector"
[11:52:43] [Render thread/WARN] [tacz/]: Molang is not supported: "vector"
[11:52:43] [Render thread/WARN] [tacz/]: Molang is not supported: "vector"
[11:52:43] [Render thread/WARN] [tacz/]: Molang is not supported: "vector"
[11:52:43] [Render thread/WARN] [tacz/]: Molang is not supported: "vector"
[11:52:43] [Render thread/WARN] [tacz/]: Molang is not supported: "vector"
[11:52:43] [Render thread/WARN] [tacz/]: Molang is not supported: "vector"
[11:52:43] [Render thread/WARN] [tacz/]: Molang is not supported: "vector"
[11:52:43] [Render thread/WARN] [tacz/]: Molang is not supported: "vector"
[11:52:43] [Render thread/WARN] [tacz/]: Molang is not supported: "vector"
[11:52:43] [Render thread/WARN] [tacz/]: Molang is not supported: "vector"
[11:52:43] [Render thread/WARN] [tacz/]: Molang is not supported: "vector"
[11:52:43] [Render thread/WARN] [tacz/]: Molang is not supported: "vector"
[11:52:43] [Render thread/WARN] [tacz/]: Molang is not supported: "vector"
[11:52:43] [Render thread/WARN] [tacz/]: Molang is not supported: "vector"
[11:52:43] [Render thread/WARN] [tacz/]: Molang is not supported: "vector"
[11:52:43] [Render thread/WARN] [tacz/]: Molang is not supported: "vector"
[11:52:43] [Render thread/WARN] [tacz/]: Molang is not supported: "vector"
[11:52:43] [Render thread/WARN] [tacz/]: Molang is not supported: "vector"
[11:52:43] [Render thread/WARN] [tacz/]: Molang is not supported: "vector"
[11:52:43] [Render thread/WARN] [tacz/]: Molang is not supported: "vector"
[11:52:43] [Render thread/WARN] [tacz/]: Molang is not supported: "vector"
[11:52:43] [Render thread/WARN] [tacz/]: Molang is not supported: "vector"
[11:52:43] [Render thread/WARN] [tacz/]: Molang is not supported: "vector"
[11:52:43] [Render thread/WARN] [tacz/]: Molang is not supported: "vector"
[11:52:43] [Render thread/WARN] [tacz/]: Molang is not supported: "vector"
[11:52:43] [Render thread/WARN] [tacz/]: Molang is not supported: "vector"
[11:52:43] [Render thread/WARN] [tacz/]: Molang is not supported: "vector"
[11:52:43] [Render thread/WARN] [tacz/]: Molang is not supported: "vector"
[11:52:43] [Render thread/WARN] [tacz/]: Molang is not supported: "vector"
[11:52:43] [Render thread/WARN] [tacz/]: Molang is not supported: "vector"
[11:52:43] [Render thread/WARN] [tacz/]: Molang is not supported: "vector"
[11:52:43] [Render thread/WARN] [tacz/]: Molang is not supported: "vector"
[11:52:43] [Render thread/WARN] [tacz/]: Molang is not supported: "vector"
[11:52:43] [Render thread/WARN] [tacz/]: Molang is not supported: "vector"
[11:52:43] [Render thread/WARN] [tacz/]: Molang is not supported: "vector"
[11:52:43] [Render thread/WARN] [tacz/]: Molang is not supported: "vector"
[11:52:43] [Render thread/WARN] [tacz/]: Molang is not supported: "vector"
[11:52:43] [Render thread/WARN] [tacz/]: Molang is not supported: "vector"
[11:52:43] [Render thread/WARN] [tacz/]: Molang is not supported: "vector"
[11:52:43] [Render thread/WARN] [tacz/]: Molang is not supported: "vector"
[11:52:43] [Render thread/WARN] [tacz/]: Molang is not supported: "vector"
[11:52:43] [Render thread/WARN] [tacz/]: Molang is not supported: "vector"
[11:52:43] [Render thread/WARN] [tacz/]: Molang is not supported: "vector"
[11:52:43] [Render thread/WARN] [tacz/]: Molang is not supported: "vector"
[11:52:43] [Render thread/WARN] [tacz/]: Molang is not supported: "vector"
[11:52:43] [Render thread/WARN] [tacz/]: Molang is not supported: "vector"
[11:52:43] [Render thread/WARN] [tacz/]: Molang is not supported: "vector"
[11:52:43] [Render thread/WARN] [tacz/]: Molang is not supported: "vector"
[11:52:43] [Render thread/WARN] [tacz/]: Molang is not supported: "vector"
[11:52:43] [Render thread/WARN] [tacz/]: Molang is not supported: "vector"
[11:52:43] [Render thread/WARN] [tacz/]: Molang is not supported: "vector"
[11:52:43] [Render thread/WARN] [tacz/]: Molang is not supported: "vector"
[11:52:43] [Render thread/WARN] [tacz/]: Molang is not supported: "vector"
[11:52:43] [Render thread/WARN] [tacz/]: Molang is not supported: "vector"
[11:52:43] [Render thread/WARN] [tacz/]: Molang is not supported: "vector"
[11:52:43] [Render thread/WARN] [tacz/]: Molang is not supported: "vector"
[11:52:43] [Render thread/WARN] [tacz/]: Molang is not supported: "vector"
[11:52:43] [Render thread/WARN] [tacz/]: Molang is not supported: "vector"
[11:52:43] [Render thread/WARN] [tacz/]: Molang is not supported: "vector"
[11:52:43] [Render thread/WARN] [tacz/]: Molang is not supported: "vector"
[11:52:43] [Render thread/WARN] [tacz/]: Molang is not supported: "vector"
[11:52:43] [Render thread/WARN] [tacz/]: Molang is not supported: "vector"
[11:52:43] [Render thread/WARN] [tacz/]: Molang is not supported: "vector"
[11:52:43] [Render thread/INFO] [minecraft/TextureAtlas]: Created: 256x128x0 jei:textures/atlas/gui.png-atlas
[11:52:43] [Render thread/WARN] [ap.cl.gu.in.ItemIndex/]: Page ae2:features/crystals.md references an unknown item ae2:quartz_ore in its item_ids frontmatter
[11:52:43] [Render thread/WARN] [ap.cl.gu.in.UniqueIndex/]: Key conflict in index Item Index: ae2:fluix_pearl is used by pages ae2:materials/fluix_pearl.md (from Mod Resources) and Record[pageId=ae2:features/me-network/wireless-access.md, value=PageAnchor[pageId=ae2:features/me-network/wireless-access.md, anchor=null]]
[11:52:43] [Render thread/INFO] [Entity Texture Features/]: reloading ETF data.
[11:52:43] [Render thread/INFO] [Entity Texture Features/]: emissive suffixes loaded: {_e}.
[11:52:43] [Render thread/INFO] [Entity Texture Features/]: emissive suffixes loaded: {_e}.
[11:52:43] [Render thread/INFO] [Oculus/]: Creating pipeline for dimension NamespacedId{namespace='minecraft', name='overworld'}
[11:52:43] [Render thread/INFO] [ambientsounds/]: Loaded AmbientEngine 'basic' v2.3.4. 11 dimension(s), 10 features, 11 groups, 35 regions, 62 sounds, 4 solids and 2 biome types
[IC2-FIDELITY-SMOKE-WORLD] opening ic2-fidelity-smoke
[11:52:43] [Render thread/WARN] [ne.mi.co.ForgeHooks/WP]: The following mods have version differences that were not resolved:
advanced_solars (version 2.0.2 -> 2.0.2-experimental-port)
gravisuit (version 2.2 -> 2.2-experimental-port)
ic2 (version 1.19.2-2.0.7.1 -> 2.9.162+ex119)
ic2cuumatter (version 1.19.2-1.2.2 -> MISSING)
playerabilitylib (version 1.6.0 -> MISSING)
turret (version 1.0.5 -> MISSING)
Things may not work well.
[11:52:44] [Render thread/ERROR] [ne.mi.re.GameData/REGISTRIES]: Unidentified mapping from registry minecraft:block
	gravisuit:plasma_portal: 5233
	ic2:adjustable_luminator: 2041
	ic2:advanced_comparator: 2148
	ic2:advanced_machine_block: 2133
	ic2:alloy_smelter: 1959
	ic2:aluminium_block: 2084
	ic2:aluminium_cable: 1891
	ic2:aluminium_dust_block: 2078
	ic2:aluminium_ore_nether: 2067
	ic2:aluminium_sign: 2107
	ic2:aluminium_wall_sign: 2108
	ic2:armor_configurator: 1939
	ic2:base_teleporter: 1980
	ic2:battery_station_ev: 2035
	ic2:battery_station_hv: 2034
	ic2:battery_station_iv: 2036
	ic2:battery_station_lv: 2032
	ic2:battery_station_mv: 2033
	ic2:blast_induction_furnace: 1963
	ic2:bronze_cable: 1889
	ic2:bronze_dust_block: 2076
	ic2:bronze_sign: 2111
	ic2:bronze_wall_sign: 2112
	ic2:buffer_storage_expansion: 1935
	ic2:capacity_pipe: 2305
	ic2:centrifugal_extractor: 1967
	ic2:centrifugal_rare_earth_extractor: 1970
	ic2:cfoam_block_black: 2150
	ic2:cfoam_block_blue: 2151
	ic2:cfoam_block_brown: 2152
	ic2:cfoam_block_cyan: 2154
	ic2:cfoam_block_gray: 2153
	ic2:cfoam_block_green: 2155
	ic2:cfoam_block_light_blue: 2156
	ic2:cfoam_block_light_gray: 2157
	ic2:cfoam_block_lime: 2158
	ic2:cfoam_block_magenta: 2159
	ic2:cfoam_block_orange: 2160
	ic2:cfoam_block_pink: 2161
	ic2:cfoam_block_purple: 2162
	ic2:cfoam_block_red: 2163
	ic2:cfoam_block_white: 2164
	ic2:cfoam_block_yellow: 2165
	ic2:cfoam_corner_panel: 2249
	ic2:cfoam_double_panel: 2247
	ic2:cfoam_double_surface: 2230
	ic2:cfoam_edge_panel: 2248
	ic2:cfoam_panel_black: 2231
	ic2:cfoam_panel_blue: 2232
	ic2:cfoam_panel_brown: 2233
	ic2:cfoam_panel_cyan: 2235
	ic2:cfoam_panel_gray: 2234
	ic2:cfoam_panel_green: 2236
	ic2:cfoam_panel_light_blue: 2237
	ic2:cfoam_panel_light_gray: 2238
	ic2:cfoam_panel_lime: 2239
	ic2:cfoam_panel_magenta: 2240
	ic2:cfoam_panel_orange: 2241
	ic2:cfoam_panel_pink: 2242
	ic2:cfoam_panel_purple: 2243
	ic2:cfoam_panel_red: 2244
	ic2:cfoam_panel_white: 2245
	ic2:cfoam_panel_yellow: 2246
	ic2:cfoam_slab_black: 2198
	ic2:cfoam_slab_blue: 2199
	ic2:cfoam_slab_brown: 2200
	ic2:cfoam_slab_cyan: 2202
	ic2:cfoam_slab_gray: 2201
	ic2:cfoam_slab_green: 2203
	ic2:cfoam_slab_light_blue: 2204
	ic2:cfoam_slab_light_gray: 2205
	ic2:cfoam_slab_lime: 2206
	ic2:cfoam_slab_magenta: 2207
	ic2:cfoam_slab_orange: 2208
	ic2:cfoam_slab_pink: 2209
	ic2:cfoam_slab_purple: 2210
	ic2:cfoam_slab_red: 2211
	ic2:cfoam_slab_white: 2212
	ic2:cfoam_slab_yellow: 2213
	ic2:cfoam_stairs_black: 2182
	ic2:cfoam_stairs_blue: 2183
	ic2:cfoam_stairs_brown: 2184
	ic2:cfoam_stairs_cyan: 2186
	ic2:cfoam_stairs_gray: 2185
	ic2:cfoam_stairs_green: 2187
	ic2:cfoam_stairs_light_blue: 2188
	ic2:cfoam_stairs_light_gray: 2189
	ic2:cfoam_stairs_lime: 2190
	ic2:cfoam_stairs_magenta: 2191
	ic2:cfoam_stairs_orange: 2192
	ic2:cfoam_stairs_pink: 2193
	ic2:cfoam_stairs_purple: 2194
	ic2:cfoam_stairs_red: 2195
	ic2:cfoam_stairs_white: 2196
	ic2:cfoam_stairs_yellow: 2197
	ic2:cfoam_surface_black: 2214
	ic2:cfoam_surface_blue: 2215
	ic2:cfoam_surface_brown: 2216
	ic2:cfoam_surface_cyan: 2218
	ic2:cfoam_surface_gray: 2217
	ic2:cfoam_surface_green: 2219
	ic2:cfoam_surface_light_blue: 2220
	ic2:cfoam_surface_light_gray: 2221
	ic2:cfoam_surface_lime: 2222
	ic2:cfoam_surface_magenta: 2223
	ic2:cfoam_surface_orange: 2224
	ic2:cfoam_surface_pink: 2225
	ic2:cfoam_surface_purple: 2226
	ic2:cfoam_surface_red: 2227
	ic2:cfoam_surface_white: 2228
	ic2:cfoam_surface_yellow: 2229
	ic2:cfoam_wall_black: 2250
	ic2:cfoam_wall_blue: 2251
	ic2:cfoam_wall_brown: 2252
	ic2:cfoam_wall_cyan: 2254
	ic2:cfoam_wall_gray: 2253
	ic2:cfoam_wall_green: 2255
	ic2:cfoam_wall_light_blue: 2256
	ic2:cfoam_wall_light_gray: 2257
	ic2:cfoam_wall_lime: 2258
	ic2:cfoam_wall_magenta: 2259
	ic2:cfoam_wall_orange: 2260
	ic2:cfoam_wall_pink: 2261
	ic2:cfoam_wall_purple: 2262
	ic2:cfoam_wall_red: 2263
	ic2:cfoam_wall_white: 2264
	ic2:cfoam_wall_yellow: 2265
	ic2:cfoam_wool_black: 2166
	ic2:cfoam_wool_blue: 2167
	ic2:cfoam_wool_brown: 2168
	ic2:cfoam_wool_carpet_black: 2266
	ic2:cfoam_wool_carpet_blue: 2267
	ic2:cfoam_wool_carpet_brown: 2268
	ic2:cfoam_wool_carpet_cyan: 2270
	ic2:cfoam_wool_carpet_gray: 2269
	ic2:cfoam_wool_carpet_green: 2271
	ic2:cfoam_wool_carpet_light_blue: 2272
	ic2:cfoam_wool_carpet_light_gray: 2273
	ic2:cfoam_wool_carpet_lime: 2274
	ic2:cfoam_wool_carpet_magenta: 2275
	ic2:cfoam_wool_carpet_orange: 2276
	ic2:cfoam_wool_carpet_pink: 2277
	ic2:cfoam_wool_carpet_purple: 2278
	ic2:cfoam_wool_carpet_red: 2279
	ic2:cfoam_wool_carpet_white: 2280
	ic2:cfoam_wool_carpet_yellow: 2281
	ic2:cfoam_wool_cyan: 2170
	ic2:cfoam_wool_gray: 2169
	ic2:cfoam_wool_green: 2171
	ic2:cfoam_wool_light_blue: 2172
	ic2:cfoam_wool_light_gray: 2173
	ic2:cfoam_wool_lime: 2174
	ic2:cfoam_wool_magenta: 2175
	ic2:cfoam_wool_orange: 2176
	ic2:cfoam_wool_pink: 2177
	ic2:cfoam_wool_purple: 2178
	ic2:cfoam_wool_red: 2179
	ic2:cfoam_wool_white: 2180
	ic2:cfoam_wool_yellow: 2181
	ic2:charcoal_block: 2081
	ic2:charged_electrolyzer: 1969
	ic2:chargepad_fission: 2047
	ic2:chargepad_hv: 2046
	ic2:chargepad_lv: 2044
	ic2:chargepad_mv: 2045
	ic2:charging_bench_ev: 2030
	ic2:charging_bench_hv: 2029
	ic2:charging_bench_iv: 2031
	ic2:charging_bench_lv: 2027
	ic2:charging_bench_mv: 2028
	ic2:chocolate_cake: 2120
	ic2:chocolate_candle_cake: 2121
	ic2:chunkloader: 1971
	ic2:coffee_cake: 2122
	ic2:coffee_candle_cake: 2123
	ic2:color_filter_tube: 2325
	ic2:colossal_base_block: 1995
	ic2:colossal_compressor: 1999
	ic2:colossal_extractor: 1998
	ic2:colossal_furnace: 1997
	ic2:colossal_macerator: 1996
	ic2:colossal_recycler: 2000
	ic2:compacting_recycler: 1968
	ic2:comparing_cable: 1897
	ic2:construction_light: 2042
	ic2:copper_dust_block: 2074
	ic2:copper_sign: 2103
	ic2:copper_wall_sign: 2104
	ic2:crafter: 2003
	ic2:creative_source: 2012
	ic2:crop_analyzer_block: 1974
	ic2:crop_library: 1987
	ic2:crop_sticks: 2116
	ic2:deepslate_silver_ore: 2063
	ic2:detector_pipe: 2302
	ic2:directional_tube: 2312
	ic2:dropping_tube: 2323
	ic2:dyeing_tube: 2324
	ic2:electric_blast_furnace: 1943
	ic2:electric_enchanter: 1983
	ic2:electric_pipe_pump: 2306
	ic2:electric_smoker: 1944
	ic2:electric_wood_gassifier: 1955
	ic2:esu: 2009
	ic2:extraction_tube: 2314
	ic2:filter_tube: 2319
	ic2:filtered_extraction_tube: 2315
	ic2:fisher: 1992
	ic2:fluid_expansion: 1937
	ic2:fluid_o_mat: 2058
	ic2:fluid_tube: 2328
	ic2:flux_generator_hv: 2039
	ic2:flux_generator_lv: 2037
	ic2:flux_generator_mv: 2038
	ic2:fuel_boiler: 1920
	ic2:fuel_boiler_structure: 1924
	ic2:fusion_reactor: 2005
	ic2:geothermal_generator: 1899
	ic2:glassfiber_cable: 1893
	ic2:gold_dust_block: 2073
	ic2:honey_cake: 2126
	ic2:honey_candle_cake: 2127
	ic2:hover_tube: 2311
	ic2:hyperclocked_pump: 1993
	ic2:industrial_worktable: 1933
	ic2:insertion_tube: 2313
	ic2:iridium_stone: 2142
	ic2:iron_dust_block: 2072
	ic2:isu: 2010
	ic2:lemon_cake: 2124
	ic2:lemon_candle_cake: 2125
	ic2:light_block: 2147
	ic2:limiter_tube: 2330
	ic2:liquid_generator: 1915
	ic2:loader_ev: 2022
	ic2:loader_hv: 2021
	ic2:loader_lv: 2019
	ic2:loader_mv: 2020
	ic2:luminator: 2040
	ic2:machine_block: 2131
	ic2:machine_block_plated: 2132
	ic2:machine_buffer: 1956
	ic2:machine_tank: 1957
	ic2:memory_expansion: 1936
	ic2:miningpipe: 2144
	ic2:miningpipe_slim: 2143
	ic2:monitor: 2043
	ic2:ocean_generator: 1919
	ic2:ore_scanner: 1986
	ic2:overclocked_pump: 1972
	ic2:personal_tank: 2056
	ic2:pesu: 2011
	ic2:pickup_tube: 2317
	ic2:pipe: 2300
	ic2:pixelfoam_bolt: 2282
	ic2:pixelfoam_crown: 2283
	ic2:pixelfoam_fire: 2284
	ic2:pixelfoam_greg: 2285
	ic2:pixelfoam_half_life: 2286
	ic2:pixelfoam_heart: 2287
	ic2:pixelfoam_ic2: 2288
	ic2:pixelfoam_muffin_button: 2289
	ic2:pixelfoam_nuclear: 2290
	ic2:pixelfoam_portal: 2291
	ic2:pixelfoam_rose: 2292
	ic2:pixelfoam_space_bean: 2294
	ic2:pixelfoam_triforce: 2293
	ic2:planter_pot: 2117
	ic2:plasma_cable: 1894
	ic2:plasmafier: 2001
	ic2:player_detector: 2149
	ic2:pressure_alloy_furnace: 1989
	ic2:pressure_alloy_furnace_structure: 1990
	ic2:pressure_pipe: 2304
	ic2:provider_tube: 2327
	ic2:ranged_pump: 1978
	ic2:rare_earth_extractor: 1950
	ic2:raw_aluminium_block: 2070
	ic2:raw_silver_block: 2069
	ic2:reactor_planner: 1979
	ic2:redirector_master: 2048
	ic2:redirector_slave: 2049
	ic2:redstone_tube: 2318
	ic2:refined_iron_block: 2085
	ic2:refined_iron_sign: 2113
	ic2:refined_iron_wall_sign: 2114
	ic2:refinery: 1981
	ic2:reinforced_brick: 2138
	ic2:reinforced_clear_glass: 2140
	ic2:reinforced_cracked_stone: 2137
	ic2:request_tube: 2326
	ic2:rocket_miner: 1988
	ic2:rotary_macerator: 1965
	ic2:round_robin_tube: 2321
	ic2:rubber_log_barked: 2092
	ic2:rubber_log_barked_stripped: 2093
	ic2:rubber_wood_stripped: 2091
	ic2:rubberwood_button: 2100
	ic2:rubberwood_door: 2086
	ic2:rubberwood_fence_gate: 2098
	ic2:rubberwood_planks: 2087
	ic2:rubberwood_pressure_plate: 2099
	ic2:rubberwood_sign: 2101
	ic2:rubberwood_slab: 2089
	ic2:rubberwood_stairs: 2088
	ic2:rubberwood_wall_sign: 2102
	ic2:sawmill: 1949
	ic2:scaffold_iron: 2146
	ic2:scaffold_wooden: 2145
	ic2:silver_dust_block: 2077
	ic2:silver_ore: 2062
	ic2:silver_ore_nether: 2066
	ic2:silver_sign: 2105
	ic2:silver_wall_sign: 2106
	ic2:simple_crop_library: 1960
	ic2:simple_tube: 2307
	ic2:singularity_compressor: 1966
	ic2:slag_generator: 1910
	ic2:slow_grinder: 1976
	ic2:smoker_induction_furnace: 1964
	ic2:solar_panel: 1900
	ic2:solar_panel_compressed: 1904
	ic2:solar_panel_hv: 1903
	ic2:solar_panel_hv_compressed: 1907
	ic2:solar_panel_lv: 1901
	ic2:solar_panel_lv_compressed: 1905
	ic2:solar_panel_mv: 1902
	ic2:solar_panel_mv_compressed: 1906
	ic2:solar_turbine: 1909
	ic2:sound_beacon: 1941
	ic2:speed_tube: 2308
	ic2:splitter_pipe: 2301
	ic2:stabilized_machine_block: 2134
	ic2:stacking_tube: 2316
	ic2:steam_chamber: 1928
	ic2:steam_reactor: 1926
	ic2:steam_tunnel: 1921
	ic2:steam_turbine: 1918
	ic2:sticky_tube: 2329
	ic2:stone_canner: 1931
	ic2:stone_macerator: 1930
	ic2:storage_expansion: 1934
	ic2:super_cable: 1892
	ic2:switch_tube: 2320
	ic2:teleport_tube: 2322
	ic2:teleporter_hub: 2004
	ic2:textured_block: 2296
	ic2:textured_slab: 2297
	ic2:textured_stairs: 2298
	ic2:textured_wall: 2299
	ic2:thermal_generator: 1917
	ic2:tin_dust_block: 2075
	ic2:tin_sign: 2109
	ic2:tin_wall_sign: 2110
	ic2:transformer_adjustable: 2018
	ic2:transformer_ev: 2016
	ic2:transformer_hv: 2015
	ic2:transformer_iv: 2017
	ic2:transformer_lv: 2013
	ic2:transformer_mv: 2014
	ic2:transport_tube: 2309
	ic2:treetap_and_bucket: 1940
	ic2:turbine_multi_block: 1923
	ic2:unloader_ev: 2026
	ic2:unloader_hv: 2025
	ic2:unloader_lv: 2023
	ic2:unloader_mv: 2024
	ic2:uranium_enricher: 1985
	ic2:uu_crop_library: 2002
	ic2:uu_expansion: 1938
	ic2:vacuum_canner: 1977
	ic2:valve: 2051
	ic2:valve_animated: 2052
	ic2:valve_pushing: 2053
	ic2:valve_teleporting: 2054
	ic2:villager_o_mat: 1994
	ic2:void_pipe: 2303
	ic2:void_tube: 2310
	ic2:water_mill: 1911
	ic2:water_mill_hv: 1914
	ic2:water_mill_lv: 1912
	ic2:water_mill_mv: 1913
	ic2:wave_generator: 1916
	ic2:wet_cfoam: 2295
	ic2:wind_turbine: 1908
	ic2:windmill: 1922
	ic2:wood_gassifier: 1932
	turret:computer: 4049
	turret:crafter: 4056
	turret:form: 4048
	turret:kuzkina_mat: 4055
	turret:mine: 4050
	turret:sign_1: 4051
	turret:sign_2: 4052
	turret:sign_3: 4053
	turret:sign_4: 4054

[11:52:44] [Render thread/ERROR] [ne.mi.re.GameData/REGISTRIES]: Unidentified mapping from registry minecraft:entity_type
	gravisuit:plasma_ball: 223
	ic2:batbox: 202
	ic2:esu: 205
	ic2:isu: 206
	ic2:mfe: 203
	ic2:mfsu: 204
	ic2:mininglaser: 199
	ic2:pesu: 207
	ic2:rocket_miner: 201
	ic2:rubberwood_boat: 195
	ic2:tracking_mininglaser: 200
	turret:drobashturret: 216
	turret:fire_turret: 214
	turret:mechanic: 218
	turret:projectile_drobashturret: 217
	turret:projectile_fire_turret: 215
	turret:projectile_slug_turret: 213
	turret:projectile_turret: 211
	turret:slug_turret: 212
	turret:turret: 210

[11:52:44] [Render thread/ERROR] [ne.mi.re.GameData/REGISTRIES]: Unidentified mapping from registry minecraft:fluid
	ic2:alcohol: 58
	ic2:bio_fuel: 57
	ic2:blazing_lava: 60
	ic2:whisky: 59
	ic2:woodgas: 55

[11:52:44] [Render thread/ERROR] [ne.mi.re.GameData/REGISTRIES]: Unidentified mapping from registry minecraft:item
	advanced_solars:advanced_solar_helmet: 1589
	advanced_solars:hybrid_solar_helmet: 1590
	advanced_solars:ultimate_hybrid_solar_helmet: 1591
	ic2:activity_card: 3697
	ic2:adjustable_luminator: 1307
	ic2:advanced_chainsaw: 3511
	ic2:advanced_comparator: 1394
	ic2:advanced_drill: 3508
	ic2:advanced_field_expansion_pad_upgrade: 3676
	ic2:advanced_hoe: 3519
	ic2:advanced_machine_block: 1380
	ic2:advanced_solar_helmet: 3562
	ic2:advanced_tree_tap: 3517
	ic2:air_refill_module: 3581
	ic2:alloy_smelter: 1225
	ic2:aluminium_block: 1350
	ic2:aluminium_cable: 1157
	ic2:aluminium_cable_item: 3629
	ic2:aluminium_double_insulated_cable_item: 3631
	ic2:aluminium_dust_block: 1344
	ic2:aluminium_insulated_cable_item: 3630
	ic2:aluminium_ore_nether: 1333
	ic2:aluminium_quadruple_insulated_cable_item: 3633
	ic2:aluminium_shield: 3558
	ic2:aluminium_sign_item: 3364
	ic2:aluminium_triple_insulated_cable_item: 3632
	ic2:armor_bronze_boots: 3548
	ic2:armor_bronze_chest: 3546
	ic2:armor_bronze_helmet: 3545
	ic2:armor_bronze_leggings: 3547
	ic2:armor_composite_boots: 3552
	ic2:armor_composite_chest: 3550
	ic2:armor_composite_helmet: 3549
	ic2:armor_composite_leggings: 3551
	ic2:armor_configurator: 1205
	ic2:armor_hazmat_boots: 3556
	ic2:armor_hazmat_chest: 3554
	ic2:armor_hazmat_helmet: 3553
	ic2:armor_hazmat_leggings: 3555
	ic2:armor_priority_pad_upgrade: 3673
	ic2:auto_feeder_module: 3582
	ic2:base_module: 3580
	ic2:base_teleporter: 1246
	ic2:basic_field_expansion_pad_upgrade: 3674
	ic2:batbox_minecart: 3357
	ic2:battery_station_ev: 1301
	ic2:battery_station_hv: 1300
	ic2:battery_station_iv: 1302
	ic2:battery_station_lv: 1298
	ic2:battery_station_mv: 1299
	ic2:bio_ball: 3341
	ic2:bio_chunk: 3344
	ic2:bio_mesh: 3340
	ic2:blast_induction_furnace: 1229
	ic2:bronze_cable: 1155
	ic2:bronze_cable_item: 3622
	ic2:bronze_double_insulated_cable_item: 3624
	ic2:bronze_dust_block: 1342
	ic2:bronze_insulated_cable_item: 3623
	ic2:bronze_shield: 3557
	ic2:bronze_sign_item: 3367
	ic2:buffer_storage_expansion: 1201
	ic2:capacity_pipe: 1547
	ic2:carbon_box: 3538
	ic2:carbon_fiber: 3321
	ic2:cell_air: 3606
	ic2:cell_bio: 3609
	ic2:cell_bio_fuel: 3610
	ic2:cell_blazing_lava: 3602
	ic2:cell_coal: 3607
	ic2:cell_coal_fuel: 3608
	ic2:cell_electrolyzed_water: 3611
	ic2:cell_empty: 3599
	ic2:cell_fluid_alcohol: 3605
	ic2:cell_fluid_bio_fuel: 3604
	ic2:cell_fuel: 3612
	ic2:cell_lava: 3601
	ic2:cell_plasma: 3613
	ic2:cell_water: 3600
	ic2:cell_woodgas: 3603
	ic2:centrifugal_extractor: 1233
	ic2:centrifugal_rare_earth_extractor: 1236
	ic2:cf_pellet: 3351
	ic2:cfoam_block_black: 1396
	ic2:cfoam_block_blue: 1397
	ic2:cfoam_block_brown: 1398
	ic2:cfoam_block_cyan: 1400
	ic2:cfoam_block_gray: 1399
	ic2:cfoam_block_green: 1401
	ic2:cfoam_block_light_blue: 1402
	ic2:cfoam_block_light_gray: 1403
	ic2:cfoam_block_lime: 1404
	ic2:cfoam_block_magenta: 1405
	ic2:cfoam_block_orange: 1406
	ic2:cfoam_block_pink: 1407
	ic2:cfoam_block_purple: 1408
	ic2:cfoam_block_red: 1409
	ic2:cfoam_block_white: 1410
	ic2:cfoam_block_yellow: 1411
	ic2:cfoam_panel_black: 1476
	ic2:cfoam_panel_blue: 1477
	ic2:cfoam_panel_brown: 1478
	ic2:cfoam_panel_cyan: 1480
	ic2:cfoam_panel_gray: 1479
	ic2:cfoam_panel_green: 1481
	ic2:cfoam_panel_light_blue: 1482
	ic2:cfoam_panel_light_gray: 1483
	ic2:cfoam_panel_lime: 1484
	ic2:cfoam_panel_magenta: 1485
	ic2:cfoam_panel_orange: 1486
	ic2:cfoam_panel_pink: 1487
	ic2:cfoam_panel_purple: 1488
	ic2:cfoam_panel_red: 1489
	ic2:cfoam_panel_white: 1490
	ic2:cfoam_panel_yellow: 1491
	ic2:cfoam_slab_black: 1444
	ic2:cfoam_slab_blue: 1445
	ic2:cfoam_slab_brown: 1446
	ic2:cfoam_slab_cyan: 1448
	ic2:cfoam_slab_gray: 1447
	ic2:cfoam_slab_green: 1449
	ic2:cfoam_slab_light_blue: 1450
	ic2:cfoam_slab_light_gray: 1451
	ic2:cfoam_slab_lime: 1452
	ic2:cfoam_slab_magenta: 1453
	ic2:cfoam_slab_orange: 1454
	ic2:cfoam_slab_pink: 1455
	ic2:cfoam_slab_purple: 1456
	ic2:cfoam_slab_red: 1457
	ic2:cfoam_slab_white: 1458
	ic2:cfoam_slab_yellow: 1459
	ic2:cfoam_stairs_black: 1428
	ic2:cfoam_stairs_blue: 1429
	ic2:cfoam_stairs_brown: 1430
	ic2:cfoam_stairs_cyan: 1432
	ic2:cfoam_stairs_gray: 1431
	ic2:cfoam_stairs_green: 1433
	ic2:cfoam_stairs_light_blue: 1434
	ic2:cfoam_stairs_light_gray: 1435
	ic2:cfoam_stairs_lime: 1436
	ic2:cfoam_stairs_magenta: 1437
	ic2:cfoam_stairs_orange: 1438
	ic2:cfoam_stairs_pink: 1439
	ic2:cfoam_stairs_purple: 1440
	ic2:cfoam_stairs_red: 1441
	ic2:cfoam_stairs_white: 1442
	ic2:cfoam_stairs_yellow: 1443
	ic2:cfoam_surface_black: 1460
	ic2:cfoam_surface_blue: 1461
	ic2:cfoam_surface_brown: 1462
	ic2:cfoam_surface_cyan: 1464
	ic2:cfoam_surface_gray: 1463
	ic2:cfoam_surface_green: 1465
	ic2:cfoam_surface_light_blue: 1466
	ic2:cfoam_surface_light_gray: 1467
	ic2:cfoam_surface_lime: 1468
	ic2:cfoam_surface_magenta: 1469
	ic2:cfoam_surface_orange: 1470
	ic2:cfoam_surface_pink: 1471
	ic2:cfoam_surface_purple: 1472
	ic2:cfoam_surface_red: 1473
	ic2:cfoam_surface_white: 1474
	ic2:cfoam_surface_yellow: 1475
	ic2:cfoam_wall_black: 1492
	ic2:cfoam_wall_blue: 1493
	ic2:cfoam_wall_brown: 1494
	ic2:cfoam_wall_cyan: 1496
	ic2:cfoam_wall_gray: 1495
	ic2:cfoam_wall_green: 1497
	ic2:cfoam_wall_light_blue: 1498
	ic2:cfoam_wall_light_gray: 1499
	ic2:cfoam_wall_lime: 1500
	ic2:cfoam_wall_magenta: 1501
	ic2:cfoam_wall_orange: 1502
	ic2:cfoam_wall_pink: 1503
	ic2:cfoam_wall_purple: 1504
	ic2:cfoam_wall_red: 1505
	ic2:cfoam_wall_white: 1506
	ic2:cfoam_wall_yellow: 1507
	ic2:cfoam_wool_black: 1412
	ic2:cfoam_wool_blue: 1413
	ic2:cfoam_wool_brown: 1414
	ic2:cfoam_wool_carpet_black: 1508
	ic2:cfoam_wool_carpet_blue: 1509
	ic2:cfoam_wool_carpet_brown: 1510
	ic2:cfoam_wool_carpet_cyan: 1512
	ic2:cfoam_wool_carpet_gray: 1511
	ic2:cfoam_wool_carpet_green: 1513
	ic2:cfoam_wool_carpet_light_blue: 1514
	ic2:cfoam_wool_carpet_light_gray: 1515
	ic2:cfoam_wool_carpet_lime: 1516
	ic2:cfoam_wool_carpet_magenta: 1517
	ic2:cfoam_wool_carpet_orange: 1518
	ic2:cfoam_wool_carpet_pink: 1519
	ic2:cfoam_wool_carpet_purple: 1520
	ic2:cfoam_wool_carpet_red: 1521
	ic2:cfoam_wool_carpet_white: 1522
	ic2:cfoam_wool_carpet_yellow: 1523
	ic2:cfoam_wool_cyan: 1416
	ic2:cfoam_wool_gray: 1415
	ic2:cfoam_wool_green: 1417
	ic2:cfoam_wool_light_blue: 1418
	ic2:cfoam_wool_light_gray: 1419
	ic2:cfoam_wool_lime: 1420
	ic2:cfoam_wool_magenta: 1421
	ic2:cfoam_wool_orange: 1422
	ic2:cfoam_wool_pink: 1423
	ic2:cfoam_wool_purple: 1424
	ic2:cfoam_wool_red: 1425
	ic2:cfoam_wool_white: 1426
	ic2:cfoam_wool_yellow: 1427
	ic2:charcoal_block: 1347
	ic2:charged_electrolyzer: 1235
	ic2:chargepad_fission: 1313
	ic2:chargepad_hv: 1312
	ic2:chargepad_lv: 1310
	ic2:chargepad_mv: 1311
	ic2:charger_module: 3583
	ic2:charging_bench_ev: 1296
	ic2:charging_bench_hv: 1295
	ic2:charging_bench_iv: 1297
	ic2:charging_bench_lv: 1293
	ic2:charging_bench_mv: 1294
	ic2:chips_roll: 3377
	ic2:chocolate_bar: 3374
	ic2:chocolate_cake: 1371
	ic2:chunkloader: 1237
	ic2:coffee_cake: 1372
	ic2:coin_32768x: 3468
	ic2:coin_4096x: 3467
	ic2:coin_512x: 3466
	ic2:coin_64x: 3465
	ic2:coin_8x: 3464
	ic2:color_filter_tube: 1567
	ic2:colossal_base_block: 1261
	ic2:colossal_compressor: 1265
	ic2:colossal_extractor: 1264
	ic2:colossal_furnace: 1263
	ic2:colossal_macerator: 1262
	ic2:colossal_recycler: 1266
	ic2:compact_fuel_jetpack: 3567
	ic2:compacting_recycler: 1234
	ic2:comparing_cable: 1163
	ic2:comparing_cable_item: 3639
	ic2:complex_circuit: 3350
	ic2:composite_shield: 3559
	ic2:compressed_bio_ball: 3343
	ic2:compressed_coal_ball: 3318
	ic2:compressed_plant_ball: 3338
	ic2:condensator: 3728
	ic2:condensator_lap: 3729
	ic2:construction_light: 1308
	ic2:copper_cable_item: 3617
	ic2:copper_dust_block: 1340
	ic2:copper_insulated_cable_item: 3618
	ic2:copper_sign_item: 3363
	ic2:copy_tool: 3526
	ic2:crafter: 1269
	ic2:creative_source: 1278
	ic2:crop_analyzer: 3521
	ic2:crop_analyzer_block: 1240
	ic2:crop_library: 1253
	ic2:crop_seed: 3427
	ic2:crop_sticks: 1368
	ic2:crystal_upgrade_kit: 3683
	ic2:damage_conversion_pad_upgrade: 3669
	ic2:dead_magnet: 3329
	ic2:deepslate_silver_ore: 1329
	ic2:detector_cable_item: 3637
	ic2:detector_card: 3699
	ic2:detector_pipe: 1544
	ic2:directional_tube: 1554
	ic2:drain_conversion_pad_upgrade: 3670
	ic2:dropping_tube: 1565
	ic2:dust_aluminium: 3279
	ic2:dust_bronze: 3278
	ic2:dust_charcoal: 3280
	ic2:dust_clay: 3284
	ic2:dust_coal: 3282
	ic2:dust_copper: 3275
	ic2:dust_diamond: 3288
	ic2:dust_gold: 3277
	ic2:dust_hydrated_charcoal: 3281
	ic2:dust_hydrated_coal: 3283
	ic2:dust_iron: 3273
	ic2:dust_netherrack: 3285
	ic2:dust_obsidian: 3286
	ic2:dust_rare_earth: 3287
	ic2:dust_silver: 3276
	ic2:dust_tin: 3274
	ic2:dyeing_tube: 1566
	ic2:dynamite_remote: 3504
	ic2:electric_blast_furnace: 1209
	ic2:electric_enchanter: 1249
	ic2:electric_jetpack: 3568
	ic2:electric_pipe_pump: 1548
	ic2:electric_probe: 3780
	ic2:electric_smoker: 1210
	ic2:electric_sprayer: 3515
	ic2:electric_tree_tap: 3516
	ic2:electric_vent: 3712
	ic2:electric_vent_advanced: 3715
	ic2:electric_vent_core: 3713
	ic2:electric_vent_overclocked: 3714
	ic2:electric_wood_gassifier: 1221
	ic2:empty_lingering_potion: 3615
	ic2:empty_splash_potion: 3614
	ic2:energy_hud_module: 3596
	ic2:energy_shield_overlay_module: 3597
	ic2:esu: 1275
	ic2:esu_minecart: 3360
	ic2:esu_upgrade_kit: 3680
	ic2:eu_card: 3695
	ic2:eu_reader: 3542
	ic2:ev_battery_upgrade_kit: 3688
	ic2:ev_charge_upgrade_kit: 3692
	ic2:extinguish_module: 3593
	ic2:extraction_tube: 1556
	ic2:field_expansion_pad_upgrade: 3675
	ic2:filled_tin_can_bad: 3379
	ic2:filled_tin_can_chicken: 3381
	ic2:filled_tin_can_chorus_fruit: 3384
	ic2:filled_tin_can_enchanted_golden_apple: 3383
	ic2:filled_tin_can_golden_apple: 3382
	ic2:filled_tin_can_poison: 3380
	ic2:filled_tin_can_pufferfish: 3385
	ic2:filter_tube: 1561
	ic2:filtered_extraction_tube: 1557
	ic2:filtered_scanner: 3534
	ic2:fisher: 1258
	ic2:fission_upgrade_kit: 3685
	ic2:flesh_ball: 3345
	ic2:flour: 3371
	ic2:fluid_display: 3776
	ic2:fluid_expansion: 1203
	ic2:fluid_o_mat: 1324
	ic2:fluid_scanner: 3535
	ic2:fluid_scanner_filtered: 3536
	ic2:fluid_tube: 1570
	ic2:flux_generator_hv: 1305
	ic2:flux_generator_lv: 1303
	ic2:flux_generator_mv: 1304
	ic2:food_storage_module: 3584
	ic2:fries: 3376
	ic2:fuel_boiler: 1186
	ic2:fuel_boiler_structure: 1190
	ic2:fuel_can: 3430
	ic2:fuel_jetpack: 3566
	ic2:fusion_reactor: 1271
	ic2:geothermal_generator: 1165
	ic2:glass: 3405
	ic2:glass_beer: 3422
	ic2:glass_black_tea: 3411
	ic2:glass_cocoa: 3419
	ic2:glass_coffee: 3406
	ic2:glass_cold_black_tea: 3412
	ic2:glass_cold_dark_coffee: 3408
	ic2:glass_cold_fruit_tea: 3415
	ic2:glass_cold_green_tea: 3417
	ic2:glass_cold_tea: 3410
	ic2:glass_dark_coffee: 3407
	ic2:glass_fruit_tea: 3414
	ic2:glass_green_tea: 3416
	ic2:glass_hot_cocoa: 3420
	ic2:glass_iced_tea: 3413
	ic2:glass_milk: 3418
	ic2:glass_rum: 3421
	ic2:glass_tea: 3409
	ic2:glass_whisky: 3423
	ic2:glassfiber_cable: 1159
	ic2:glassfiber_cable_item: 3634
	ic2:glowtronic_crystal: 3452
	ic2:gold_cable_item: 3619
	ic2:gold_double_insulated_cable_item: 3621
	ic2:gold_dust_block: 1339
	ic2:gold_insulated_cable_item: 3620
	ic2:golden_module: 3598
	ic2:heat_balancer: 3720
	ic2:heat_balancer_advanced: 3723
	ic2:heat_balancer_core: 3721
	ic2:heat_balancer_spread: 3722
	ic2:heat_exchanger_advanced: 3719
	ic2:heat_exchanger_core: 3717
	ic2:heat_exchanger_spread: 3718
	ic2:heat_pack: 3730
	ic2:heat_pump: 3724
	ic2:heat_spreader: 3734
	ic2:heat_storage_single: 3725
	ic2:heat_storage_six: 3727
	ic2:heat_storage_triple: 3726
	ic2:heat_vent_advanced: 3707
	ic2:heat_vent_core: 3705
	ic2:heat_vent_overclocked: 3706
	ic2:hemp: 3304
	ic2:hemp_seeds: 3305
	ic2:honey_cake: 1374
	ic2:hover_tube: 1553
	ic2:hv_battery_upgrade_kit: 3687
	ic2:hv_charge_upgrade_kit: 3691
	ic2:hyperclocked_pump: 1259
	ic2:industrial_belt: 3460
	ic2:industrial_worktable: 1199
	ic2:ingot_advanced_alloy: 3295
	ic2:ingot_aluminium: 3294
	ic2:ingot_bronze: 3292
	ic2:ingot_polished_gold: 3293
	ic2:ingot_refined_iron: 3291
	ic2:ingot_silver: 3290
	ic2:ingot_tin: 3289
	ic2:ingot_uranium: 3296
	ic2:ingot_uranium_enriched_blaze: 3297
	ic2:ingot_uranium_enriched_charcoal: 3298
	ic2:ingot_uranium_enriched_enderpearl: 3299
	ic2:ingot_uranium_enriched_netherstar: 3300
	ic2:ingot_uranium_enriched_redstone: 3301
	ic2:insertion_tube: 1555
	ic2:inv_card: 3703
	ic2:iridium_box: 3539
	ic2:iridium_rotor: 3489
	ic2:iridium_stone: 1389
	ic2:iron_cable_item: 3625
	ic2:iron_double_insulated_cable_item: 3627
	ic2:iron_dust_block: 1338
	ic2:iron_insulated_cable_item: 3626
	ic2:iron_triple_insulated_cable_item: 3628
	ic2:isu: 1276
	ic2:isu_minecart: 3361
	ic2:isu_upgrade_kit: 3681
	ic2:item_icons: 3777
	ic2:item_limiter: 3677
	ic2:iv_battery_upgrade_kit: 3689
	ic2:iv_charge_upgrade_kit: 3693
	ic2:jump_boost_module: 3585
	ic2:lag_card: 3700
	ic2:lapatron_crystal: 3451
	ic2:lapotronic_upgrade_kit: 3684
	ic2:lava_module: 3594
	ic2:lemon_cake: 1373
	ic2:light_module: 3586
	ic2:limiter_tube: 1572
	ic2:liquid_generator: 1181
	ic2:loader_ev: 1288
	ic2:loader_hv: 1287
	ic2:loader_lv: 1285
	ic2:loader_mv: 1286
	ic2:luminator: 1306
	ic2:machine_block: 1378
	ic2:machine_block_plated: 1379
	ic2:machine_buffer: 1222
	ic2:machine_tank: 1223
	ic2:magnet: 3330
	ic2:memory_expansion: 1202
	ic2:memory_stick: 3429
	ic2:mfe_minecart: 3358
	ic2:mfe_upgrade_kit: 3678
	ic2:mfsu_minecart: 3359
	ic2:mfsu_upgrade_kit: 3679
	ic2:miner_remote: 3544
	ic2:miningpipe: 1391
	ic2:miningpipe_slim: 1390
	ic2:mixed_alloy_rotor: 3488
	ic2:monitor: 1309
	ic2:monitor_card: 3694
	ic2:mowing_tool: 3520
	ic2:mug: 3386
	ic2:mug_beer: 3403
	ic2:mug_black_tea: 3392
	ic2:mug_cocoa: 3400
	ic2:mug_coffee: 3387
	ic2:mug_cold_black_tea: 3393
	ic2:mug_cold_dark_coffee: 3389
	ic2:mug_cold_fruit_tea: 3396
	ic2:mug_cold_green_tea: 3398
	ic2:mug_cold_tea: 3391
	ic2:mug_dark_coffee: 3388
	ic2:mug_fruit_tea: 3395
	ic2:mug_green_tea: 3397
	ic2:mug_hot_cocoa: 3401
	ic2:mug_iced_tea: 3394
	ic2:mug_milk: 3399
	ic2:mug_rum: 3402
	ic2:mug_tea: 3390
	ic2:mug_whisky: 3404
	ic2:mv_battery_upgrade_kit: 3686
	ic2:mv_charge_upgrade_kit: 3690
	ic2:nano_shield: 3560
	ic2:nano_suit_boots: 3575
	ic2:nano_suit_chestplate: 3573
	ic2:nano_suit_helmet: 3572
	ic2:nano_suit_leggings: 3574
	ic2:nightvision_goggles: 3563
	ic2:obsidian_blade: 3335
	ic2:ocean_generator: 1185
	ic2:od_scanner: 3527
	ic2:od_scanner_big_ranged: 3531
	ic2:od_scanner_ranged: 3529
	ic2:ore_iridium: 3312
	ic2:ore_scanner: 1252
	ic2:ore_uranium: 3313
	ic2:ov_scanner: 3528
	ic2:ov_scanner_big_ranged: 3532
	ic2:ov_scanner_ranged: 3530
	ic2:overclocked_pump: 1238
	ic2:overgrowth_fertilizer: 3306
	ic2:painter_black: 3432
	ic2:painter_blue: 3433
	ic2:painter_brown: 3434
	ic2:painter_cyan: 3435
	ic2:painter_gray: 3436
	ic2:painter_green: 3437
	ic2:painter_light_blue: 3438
	ic2:painter_light_gray: 3439
	ic2:painter_lime: 3440
	ic2:painter_magenta: 3441
	ic2:painter_orange: 3442
	ic2:painter_pink: 3443
	ic2:painter_purple: 3444
	ic2:painter_red: 3445
	ic2:painter_white: 3446
	ic2:painter_yellow: 3447
	ic2:parachute_module: 3587
	ic2:personal_tank: 1322
	ic2:pesd: 3454
	ic2:pesu: 1277
	ic2:pesu_minecart: 3362
	ic2:pesu_upgrade_kit: 3682
	ic2:pickup_tube: 1559
	ic2:pixelfoam_bolt: 1524
	ic2:pixelfoam_crown: 1525
	ic2:pixelfoam_fire: 1526
	ic2:pixelfoam_greg: 1527
	ic2:pixelfoam_half_life: 1528
	ic2:pixelfoam_heart: 1529
	ic2:pixelfoam_ic2: 1530
	ic2:pixelfoam_muffin_button: 1531
	ic2:pixelfoam_nuclear: 1532
	ic2:pixelfoam_portal: 1533
	ic2:pixelfoam_rose: 1534
	ic2:pixelfoam_space_bean: 1536
	ic2:pixelfoam_triforce: 1535
	ic2:planter_pot: 1369
	ic2:plasma_cable: 1160
	ic2:plasma_cable_item: 3636
	ic2:plasma_core: 3331
	ic2:plasmafier: 1267
	ic2:plate_advanced_alloy: 3324
	ic2:plate_dense_copper: 3327
	ic2:plate_iridium: 3326
	ic2:plating: 3731
	ic2:plating_containment: 3733
	ic2:plating_heat_capacity: 3732
	ic2:player_detector: 1395
	ic2:portable_teleporter: 3523
	ic2:potato_slices: 3375
	ic2:precision_wrench: 3513
	ic2:pressure_alloy_furnace: 1255
	ic2:pressure_alloy_furnace_structure: 1256
	ic2:pressure_pipe: 1546
	ic2:progress_card: 3696
	ic2:protective_module: 3588
	ic2:provider_tube: 1569
	ic2:proximity_booster_pad_upgrade: 3671
	ic2:pulsating_quartz: 3325
	ic2:quantum_accumulator: 3455
	ic2:quantum_accumulator_big: 3456
	ic2:quantum_pack: 3459
	ic2:quantum_suit_boots: 3579
	ic2:quantum_suit_chestplate: 3577
	ic2:quantum_suit_helmet: 3576
	ic2:quantum_suit_leggings: 3578
	ic2:quarry_scanner: 3533
	ic2:ranged_pump: 1244
	ic2:rare_earth_chunk: 3328
	ic2:rare_earth_extractor: 1216
	ic2:raw_aluminium: 3272
	ic2:raw_aluminium_block: 1336
	ic2:raw_bio_fiber: 3342
	ic2:raw_leather: 3346
	ic2:raw_obsidian_blade: 3334
	ic2:raw_silver: 3271
	ic2:raw_silver_block: 1335
	ic2:reactor_card: 3701
	ic2:reactor_fuel_cell: 3738
	ic2:reactor_planner: 1245
	ic2:redirector_master: 1314
	ic2:redirector_slave: 1315
	ic2:redstone_tube: 1560
	ic2:refined_iron_block: 1351
	ic2:refined_iron_sign_item: 3368
	ic2:refinery: 1247
	ic2:reflector: 3735
	ic2:reflector_iridium: 3737
	ic2:reflector_thick: 3736
	ic2:reinforced_brick: 1385
	ic2:reinforced_clear_glass: 1387
	ic2:reinforced_cracked_stone: 1384
	ic2:request_tube: 1568
	ic2:restoring_fertilizer: 3307
	ic2:rock_cutter_drill: 3509
	ic2:rocket_miner: 1254
	ic2:rotary_macerator: 1231
	ic2:round_robin_tube: 1563
	ic2:rubber_boat_broken: 3356
	ic2:rubber_log_barked: 1358
	ic2:rubber_log_barked_stripped: 1359
	ic2:rubber_wood_stripped: 1357
	ic2:rubberwood_boat: 3353
	ic2:rubberwood_button: 1366
	ic2:rubberwood_door: 1352
	ic2:rubberwood_fence_gate: 1364
	ic2:rubberwood_planks: 1353
	ic2:rubberwood_pressure_plate: 1365
	ic2:rubberwood_sign_item: 3352
	ic2:rubberwood_slab: 1355
	ic2:rubberwood_stairs: 1354
	ic2:sawmill: 1215
	ic2:scaffold_iron: 1393
	ic2:scaffold_wooden: 1392
	ic2:scrap_metal: 3315
	ic2:scrap_metal_blade: 3333
	ic2:scrap_metal_chunk: 3332
	ic2:scrapbox: 3426
	ic2:silver_dust_block: 1343
	ic2:silver_ore: 1328
	ic2:silver_ore_nether: 1332
	ic2:silver_sign_item: 3366
	ic2:simple_crop_library: 1226
	ic2:simple_tube: 1549
	ic2:singularity_compressor: 1232
	ic2:slag_generator: 1176
	ic2:slow_grinder: 1242
	ic2:smoker_induction_furnace: 1230
	ic2:solar_panel: 1166
	ic2:solar_panel_compressed: 1170
	ic2:solar_panel_hv: 1169
	ic2:solar_panel_hv_compressed: 1173
	ic2:solar_panel_lv: 1167
	ic2:solar_panel_lv_compressed: 1171
	ic2:solar_panel_mv: 1168
	ic2:solar_panel_mv_compressed: 1172
	ic2:solar_turbine: 1175
	ic2:sonar_module: 3595
	ic2:sound_beacon: 1207
	ic2:speed_boost_module: 3589
	ic2:speed_tube: 1550
	ic2:splitter_cable_item: 3638
	ic2:splitter_pipe: 1543
	ic2:stabilized_machine_block: 1381
	ic2:stacking_tube: 1558
	ic2:steam_chamber: 1194
	ic2:steam_reactor: 1192
	ic2:steam_tunnel: 1187
	ic2:steam_vent: 3708
	ic2:steam_vent_advanced: 3711
	ic2:steam_vent_core: 3709
	ic2:steam_vent_overclocked: 3710
	ic2:step_assist_module: 3590
	ic2:sticky_dynamite: 3428
	ic2:sticky_resin: 3425
	ic2:sticky_tube: 1571
	ic2:stone_canner: 1197
	ic2:stone_macerator: 1196
	ic2:storage_expansion: 1200
	ic2:su_battery: 3448
	ic2:super_cable: 1158
	ic2:super_cable_item: 3635
	ic2:switch_tube: 1562
	ic2:tag_block: 3779
	ic2:tag_item: 3778
	ic2:tank_storage_module: 3592
	ic2:tea_leaf: 3372
	ic2:teleport_tube: 1564
	ic2:teleporter_hub: 1270
	ic2:terrawart: 3424
	ic2:text_card: 3702
	ic2:textured_block: 1538
	ic2:textured_slab: 1539
	ic2:textured_stairs: 1540
	ic2:textured_wall: 1541
	ic2:tfbp: 3469
	ic2:tfbp_biome: 3470
	ic2:tfbp_biome_chilling: 3477
	ic2:tfbp_biome_cultivation: 3478
	ic2:tfbp_biome_desertification: 3479
	ic2:tfbp_biome_forestification: 3480
	ic2:tfbp_biome_irrigation: 3481
	ic2:tfbp_biome_mushroom: 3482
	ic2:tfbp_biome_undergrowth: 3483
	ic2:tfbp_chilling: 3473
	ic2:tfbp_cultivation: 3472
	ic2:tfbp_desertification: 3475
	ic2:tfbp_flatification: 3476
	ic2:tfbp_irrigation: 3474
	ic2:tfbp_mushroom: 3471
	ic2:thermal_generator: 1183
	ic2:thermometer: 3505
	ic2:time_card: 3698
	ic2:tin_cable_item: 3616
	ic2:tin_dust_block: 1341
	ic2:tin_sign_item: 3365
	ic2:tool_axe_aluminium: 3495
	ic2:tool_axe_bronze: 3490
	ic2:tool_hoe_aluminium: 3496
	ic2:tool_hoe_bronze: 3491
	ic2:tool_pickaxe_aluminium: 3497
	ic2:tool_pickaxe_bronze: 3492
	ic2:tool_shovel_aluminium: 3498
	ic2:tool_shovel_bronze: 3493
	ic2:tool_sword_aluminium: 3499
	ic2:tool_sword_bronze: 3494
	ic2:transformer_adjustable: 1284
	ic2:transformer_ev: 1282
	ic2:transformer_hv: 1281
	ic2:transformer_iv: 1283
	ic2:transformer_lv: 1279
	ic2:transformer_mv: 1280
	ic2:transport_tube: 1551
	ic2:tree_tap: 3500
	ic2:treetap_and_bucket: 1206
	ic2:tube_tool: 3525
	ic2:turbine_blade: 3336
	ic2:turbine_multi_block: 1189
	ic2:uesc: 3453
	ic2:uncompressed_super_cable: 3640
	ic2:unloader_ev: 1292
	ic2:unloader_hv: 1291
	ic2:unloader_lv: 1289
	ic2:unloader_mv: 1290
	ic2:unprinted_wiki: 3540
	ic2:upgrade_base: 3641
	ic2:upgrade_basic_fluid_export: 3654
	ic2:upgrade_basic_fluid_import: 3655
	ic2:upgrade_cobble_generator: 3664
	ic2:upgrade_container: 3668
	ic2:upgrade_crafting: 3665
	ic2:upgrade_creative: 3663
	ic2:upgrade_durable_sawblade: 3667
	ic2:upgrade_efficiency: 3646
	ic2:upgrade_efficient_sawblade: 3666
	ic2:upgrade_energy_storage: 3645
	ic2:upgrade_energy_storage_multiplier: 3647
	ic2:upgrade_exp_collector: 3662
	ic2:upgrade_export: 3653
	ic2:upgrade_fluid_export: 3657
	ic2:upgrade_fluid_import: 3656
	ic2:upgrade_import: 3652
	ic2:upgrade_loudness: 3658
	ic2:upgrade_muffler: 3659
	ic2:upgrade_mute: 3660
	ic2:upgrade_overclocker: 3642
	ic2:upgrade_quantum_overclocker: 3643
	ic2:upgrade_redstone_inverter: 3648
	ic2:upgrade_redstone_sensitivity: 3649
	ic2:upgrade_simple_export: 3650
	ic2:upgrade_simple_import: 3651
	ic2:upgrade_slowness: 3661
	ic2:upgrade_transformer: 3644
	ic2:uranium_enricher: 1251
	ic2:uranium_rod_blaze_dual: 3759
	ic2:uranium_rod_blaze_quad: 3765
	ic2:uranium_rod_blaze_single: 3753
	ic2:uranium_rod_charcoal_dual: 3762
	ic2:uranium_rod_charcoal_quad: 3768
	ic2:uranium_rod_charcoal_single: 3756
	ic2:uranium_rod_dual: 3757
	ic2:uranium_rod_ender_pearl_dual: 3760
	ic2:uranium_rod_ender_pearl_quad: 3766
	ic2:uranium_rod_ender_pearl_single: 3754
	ic2:uranium_rod_isotopic: 3769
	ic2:uranium_rod_isotopic_blaze: 3771
	ic2:uranium_rod_isotopic_charcoal: 3774
	ic2:uranium_rod_isotopic_ender_pearl: 3772
	ic2:uranium_rod_isotopic_nether_star: 3773
	ic2:uranium_rod_isotopic_redstone: 3770
	ic2:uranium_rod_near_depleted: 3739
	ic2:uranium_rod_near_depleted_blaze: 3741
	ic2:uranium_rod_near_depleted_charcoal: 3744
	ic2:uranium_rod_near_depleted_ender_pearl: 3742
	ic2:uranium_rod_near_depleted_nether_star: 3743
	ic2:uranium_rod_near_depleted_redstone: 3740
	ic2:uranium_rod_nether_star_dual: 3761
	ic2:uranium_rod_nether_star_quad: 3767
	ic2:uranium_rod_nether_star_single: 3755
	ic2:uranium_rod_quad: 3763
	ic2:uranium_rod_re_enriched: 3745
	ic2:uranium_rod_re_enriched_blaze: 3747
	ic2:uranium_rod_re_enriched_charcoal: 3750
	ic2:uranium_rod_re_enriched_ender_pearl: 3748
	ic2:uranium_rod_re_enriched_nether_star: 3749
	ic2:uranium_rod_re_enriched_redstone: 3746
	ic2:uranium_rod_redstone_dual: 3758
	ic2:uranium_rod_redstone_quad: 3764
	ic2:uranium_rod_redstone_single: 3752
	ic2:uranium_rod_single: 3751
	ic2:uu_crop_library: 1268
	ic2:uu_expansion: 1204
	ic2:uumatter: 3316
	ic2:vacuum_canner: 1243
	ic2:valve: 1317
	ic2:valve_animated: 1318
	ic2:valve_pushing: 1319
	ic2:valve_teleporting: 1320
	ic2:villager_o_mat: 1260
	ic2:void_pipe: 1545
	ic2:void_tube: 1552
	ic2:water_mill: 1177
	ic2:water_mill_hv: 1180
	ic2:water_mill_lv: 1178
	ic2:water_mill_mv: 1179
	ic2:water_walker_module: 3591
	ic2:wave_generator: 1182
	ic2:weedex: 3310
	ic2:wet_cfoam: 1537
	ic2:whisky_grist: 3309
	ic2:wide_band_booster_pad_upgrade: 3672
	ic2:wiki_item: 3541
	ic2:wind_turbine: 1174
	ic2:windmill: 1188
	ic2:wood_gassifier: 1198
	ic2:wool_rotor: 3485
	minecraft:lava: 3462
	minecraft:water: 3461
	turret:chip: 8307
	turret:chip_krips: 8308
	turret:computer: 8321
	turret:crafter: 8333
	turret:cyborg_skeletonengineer_chestplate: 8317
	turret:drobashturret_spawn_egg: 8330
	turret:fiery_krip_chip: 8310
	turret:fire_turret_spawn_egg: 8329
	turret:form: 8320
	turret:formforimprovementcards: 8314
	turret:gear: 8318
	turret:improvement_map: 8313
	turret:improvement_map_2: 8315
	turret:instruction_1volume: 8334
	turret:instruction_2volume: 8335
	turret:kuzkina_mat: 8332
	turret:lasersight: 8319
	turret:mechanic_spawn_egg: 8331
	turret:mine: 8322
	turret:sign_1: 8323
	turret:sign_2: 8324
	turret:sign_3: 8325
	turret:sign_4: 8326
	turret:slug_krip_chip: 8309
	turret:slug_turret_spawn_egg: 8328
	turret:turret_spawn_egg: 8327
	turret:turretdrobashchip: 8311
	turret:turretupgrademap: 8312
	turret:wrench: 8316

[11:52:44] [Render thread/ERROR] [ne.mi.re.GameData/REGISTRIES]: Unidentified mapping from registry minecraft:mob_effect
	ic2:shaky: 53

[11:52:44] [Render thread/ERROR] [ne.mi.re.GameData/REGISTRIES]: Unidentified mapping from registry minecraft:painting_variant
	ic2:hazard_battery_fumes: 30
	ic2:hazard_bio: 31
	ic2:hazard_electrical: 32
	ic2:hazard_electromagnetic_field: 33
	ic2:hazard_general: 34
	ic2:hazard_high_temperature: 35
	ic2:hazard_low_temperature: 36
	ic2:hazard_noxious_or_irritating_materials: 37
	ic2:hazard_open_flame: 38
	ic2:hazard_radioactive: 39
	ic2:hazard_slippery_floor: 40
	ic2:hazard_strong_magnetic_field: 41
	ic2:hazard_suspended_load: 42
	ic2:hazard_toxic: 43
	ic2:hazard_trip: 44
	turret:paint_1: 46

[11:52:44] [Render thread/ERROR] [ne.mi.re.GameData/REGISTRIES]: Unidentified mapping from registry minecraft:point_of_interest_type
	ic2:brewing: 26
	ic2:crop: 24
	ic2:demo: 25
	ic2:electric: 22
	ic2:greg: 21
	ic2:nuclear: 23

[11:52:44] [Render thread/ERROR] [ne.mi.re.GameData/REGISTRIES]: Unidentified mapping from registry minecraft:villager_profession
	ic2:brewing: 21
	ic2:crop: 19
	ic2:demo: 20
	ic2:electric: 17
	ic2:greg: 16
	ic2:nuclear: 18

[11:52:44] [Render thread/WARN] [ne.mi.re.GameData/REGISTRIES]: Forge Mod Loader detected missing registry entries.

There are 1301 missing entries in this save.
If you continue the missing entries will get removed.
A world backup will be automatically created in your saves directory.


[11:52:44] [Render thread/WARN] [ne.mi.re.GameData/REGISTRIES]: Missing minecraft:villager_profession:
    ic2:brewing
    ic2:crop
    ic2:demo
    ic2:electric
    ic2:greg
    ic2:nuclear

Missing minecraft:item:
    advanced_solars:advanced_solar_helmet
    advanced_solars:hybrid_solar_helmet
    advanced_solars:ultimate_hybrid_solar_helmet
    ic2:activity_card
    ic2:adjustable_luminator
    ic2:advanced_chainsaw
    ic2:advanced_comparator
    ic2:advanced_drill
    ic2:advanced_field_expansion_pad_upgrade
    ic2:advanced_hoe
    ic2:advanced_machine_block
    ic2:advanced_solar_helmet
    ic2:advanced_tree_tap
    ic2:air_refill_module
    ic2:alloy_smelter
    ic2:aluminium_block
    ic2:aluminium_cable
    ic2:aluminium_cable_item
    ic2:aluminium_double_insulated_cable_item
    ic2:aluminium_dust_block
    ic2:aluminium_insulated_cable_item
    ic2:aluminium_ore_nether
    ic2:aluminium_quadruple_insulated_cable_item
    ic2:aluminium_shield
    ic2:aluminium_sign_item
    ic2:aluminium_triple_insulated_cable_item
    ic2:armor_bronze_boots
    ic2:armor_bronze_chest
    ic2:armor_bronze_helmet
    ic2:armor_bronze_leggings
    ic2:armor_composite_boots
    ic2:armor_composite_chest
    ic2:armor_composite_helmet
    ic2:armor_composite_leggings
    ic2:armor_configurator
    ic2:armor_hazmat_boots
    ic2:armor_hazmat_chest
    ic2:armor_hazmat_helmet
    ic2:armor_hazmat_leggings
    ic2:armor_priority_pad_upgrade
    ic2:auto_feeder_module
    ic2:base_module
    ic2:base_teleporter
    ic2:basic_field_expansion_pad_upgrade
    ic2:batbox_minecart
    ic2:battery_station_ev
    ic2:battery_station_hv
    ic2:battery_station_iv
    ic2:battery_station_lv
    ic2:battery_station_mv
    ic2:bio_ball
    ic2:bio_chunk
    ic2:bio_mesh
    ic2:blast_induction_furnace
    ic2:bronze_cable
    ic2:bronze_cable_item
    ic2:bronze_double_insulated_cable_item
    ic2:bronze_dust_block
    ic2:bronze_insulated_cable_item
    ic2:bronze_shield
    ic2:bronze_sign_item
    ic2:buffer_storage_expansion
    ic2:capacity_pipe
    ic2:carbon_box
    ic2:carbon_fiber
    ic2:cell_air
    ic2:cell_bio
    ic2:cell_bio_fuel
    ic2:cell_blazing_lava
    ic2:cell_coal
    ic2:cell_coal_fuel
    ic2:cell_electrolyzed_water
    ic2:cell_empty
    ic2:cell_fluid_alcohol
    ic2:cell_fluid_bio_fuel
    ic2:cell_fuel
    ic2:cell_lava
    ic2:cell_plasma
    ic2:cell_water
    ic2:cell_woodgas
    ic2:centrifugal_extractor
    ic2:centrifugal_rare_earth_extractor
    ic2:cf_pellet
    ic2:cfoam_block_black
    ic2:cfoam_block_blue
    ic2:cfoam_block_brown
    ic2:cfoam_block_cyan
    ic2:cfoam_block_gray
    ic2:cfoam_block_green
    ic2:cfoam_block_light_blue
    ic2:cfoam_block_light_gray
    ic2:cfoam_block_lime
    ic2:cfoam_block_magenta
    ic2:cfoam_block_orange
    ic2:cfoam_block_pink
    ic2:cfoam_block_purple
    ic2:cfoam_block_red
    ic2:cfoam_block_white
    ic2:cfoam_block_yellow
    ic2:cfoam_panel_black
    ic2:cfoam_panel_blue
    ic2:cfoam_panel_brown
    ic2:cfoam_panel_cyan
    ic2:cfoam_panel_gray
    ic2:cfoam_panel_green
    ic2:cfoam_panel_light_blue
    ic2:cfoam_panel_light_gray
    ic2:cfoam_panel_lime
    ic2:cfoam_panel_magenta
    ic2:cfoam_panel_orange
    ic2:cfoam_panel_pink
    ic2:cfoam_panel_purple
    ic2:cfoam_panel_red
    ic2:cfoam_panel_white
    ic2:cfoam_panel_yellow
    ic2:cfoam_slab_black
    ic2:cfoam_slab_blue
    ic2:cfoam_slab_brown
    ic2:cfoam_slab_cyan
    ic2:cfoam_slab_gray
    ic2:cfoam_slab_green
    ic2:cfoam_slab_light_blue
    ic2:cfoam_slab_light_gray
    ic2:cfoam_slab_lime
    ic2:cfoam_slab_magenta
    ic2:cfoam_slab_orange
    ic2:cfoam_slab_pink
    ic2:cfoam_slab_purple
    ic2:cfoam_slab_red
    ic2:cfoam_slab_white
    ic2:cfoam_slab_yellow
    ic2:cfoam_stairs_black
    ic2:cfoam_stairs_blue
    ic2:cfoam_stairs_brown
    ic2:cfoam_stairs_cyan
    ic2:cfoam_stairs_gray
    ic2:cfoam_stairs_green
    ic2:cfoam_stairs_light_blue
    ic2:cfoam_stairs_light_gray
    ic2:cfoam_stairs_lime
    ic2:cfoam_stairs_magenta
    ic2:cfoam_stairs_orange
    ic2:cfoam_stairs_pink
    ic2:cfoam_stairs_purple
    ic2:cfoam_stairs_red
    ic2:cfoam_stairs_white
    ic2:cfoam_stairs_yellow
    ic2:cfoam_surface_black
    ic2:cfoam_surface_blue
    ic2:cfoam_surface_brown
    ic2:cfoam_surface_cyan
    ic2:cfoam_surface_gray
    ic2:cfoam_surface_green
    ic2:cfoam_surface_light_blue
    ic2:cfoam_surface_light_gray
    ic2:cfoam_surface_lime
    ic2:cfoam_surface_magenta
    ic2:cfoam_surface_orange
    ic2:cfoam_surface_pink
    ic2:cfoam_surface_purple
    ic2:cfoam_surface_red
    ic2:cfoam_surface_white
    ic2:cfoam_surface_yellow
    ic2:cfoam_wall_black
    ic2:cfoam_wall_blue
    ic2:cfoam_wall_brown
    ic2:cfoam_wall_cyan
    ic2:cfoam_wall_gray
    ic2:cfoam_wall_green
    ic2:cfoam_wall_light_blue
    ic2:cfoam_wall_light_gray
    ic2:cfoam_wall_lime
    ic2:cfoam_wall_magenta
    ic2:cfoam_wall_orange
    ic2:cfoam_wall_pink
    ic2:cfoam_wall_purple
    ic2:cfoam_wall_red
    ic2:cfoam_wall_white
    ic2:cfoam_wall_yellow
    ic2:cfoam_wool_black
    ic2:cfoam_wool_blue
    ic2:cfoam_wool_brown
    ic2:cfoam_wool_carpet_black
    ic2:cfoam_wool_carpet_blue
    ic2:cfoam_wool_carpet_brown
    ic2:cfoam_wool_carpet_cyan
    ic2:cfoam_wool_carpet_gray
    ic2:cfoam_wool_carpet_green
    ic2:cfoam_wool_carpet_light_blue
    ic2:cfoam_wool_carpet_light_gray
    ic2:cfoam_wool_carpet_lime
    ic2:cfoam_wool_carpet_magenta
    ic2:cfoam_wool_carpet_orange
    ic2:cfoam_wool_carpet_pink
    ic2:cfoam_wool_carpet_purple
    ic2:cfoam_wool_carpet_red
    ic2:cfoam_wool_carpet_white
    ic2:cfoam_wool_carpet_yellow
    ic2:cfoam_wool_cyan
    ic2:cfoam_wool_gray
    ic2:cfoam_wool_green
    ic2:cfoam_wool_light_blue
    ic2:cfoam_wool_light_gray
    ic2:cfoam_wool_lime
    ic2:cfoam_wool_magenta
    ic2:cfoam_wool_orange
    ic2:cfoam_wool_pink
    ic2:cfoam_wool_purple
    ic2:cfoam_wool_red
    ic2:cfoam_wool_white
    ic2:cfoam_wool_yellow
    ic2:charcoal_block
    ic2:charged_electrolyzer
    ic2:chargepad_fission
    ic2:chargepad_hv
    ic2:chargepad_lv
    ic2:chargepad_mv
    ic2:charger_module
    ic2:charging_bench_ev
    ic2:charging_bench_hv
    ic2:charging_bench_iv
    ic2:charging_bench_lv
    ic2:charging_bench_mv
    ic2:chips_roll
    ic2:chocolate_bar
    ic2:chocolate_cake
    ic2:chunkloader
    ic2:coffee_cake
    ic2:coin_32768x
    ic2:coin_4096x
    ic2:coin_512x
    ic2:coin_64x
    ic2:coin_8x
    ic2:color_filter_tube
    ic2:colossal_base_block
    ic2:colossal_compressor
    ic2:colossal_extractor
    ic2:colossal_furnace
    ic2:colossal_macerator
    ic2:colossal_recycler
    ic2:compact_fuel_jetpack
    ic2:compacting_recycler
    ic2:comparing_cable
    ic2:comparing_cable_item
    ic2:complex_circuit
    ic2:composite_shield
    ic2:compressed_bio_ball
    ic2:compressed_coal_ball
    ic2:compressed_plant_ball
    ic2:condensator
    ic2:condensator_lap
    ic2:construction_light
    ic2:copper_cable_item
    ic2:copper_dust_block
    ic2:copper_insulated_cable_item
    ic2:copper_sign_item
    ic2:copy_tool
    ic2:crafter
    ic2:creative_source
    ic2:crop_analyzer
    ic2:crop_analyzer_block
    ic2:crop_library
    ic2:crop_seed
    ic2:crop_sticks
    ic2:crystal_upgrade_kit
    ic2:damage_conversion_pad_upgrade
    ic2:dead_magnet
    ic2:deepslate_silver_ore
    ic2:detector_cable_item
    ic2:detector_card
    ic2:detector_pipe
    ic2:directional_tube
    ic2:drain_conversion_pad_upgrade
    ic2:dropping_tube
    ic2:dust_aluminium
    ic2:dust_bronze
    ic2:dust_charcoal
    ic2:dust_clay
    ic2:dust_coal
    ic2:dust_copper
    ic2:dust_diamond
    ic2:dust_gold
    ic2:dust_hydrated_charcoal
    ic2:dust_hydrated_coal
    ic2:dust_iron
    ic2:dust_netherrack
    ic2:dust_obsidian
    ic2:dust_rare_earth
    ic2:dust_silver
    ic2:dust_tin
    ic2:dyeing_tube
    ic2:dynamite_remote
    ic2:electric_blast_furnace
    ic2:electric_enchanter
    ic2:electric_jetpack
    ic2:electric_pipe_pump
    ic2:electric_probe
    ic2:electric_smoker
    ic2:electric_sprayer
    ic2:electric_tree_tap
    ic2:electric_vent
    ic2:electric_vent_advanced
    ic2:electric_vent_core
    ic2:electric_vent_overclocked
    ic2:electric_wood_gassifier
    ic2:empty_lingering_potion
    ic2:empty_splash_potion
    ic2:energy_hud_module
    ic2:energy_shield_overlay_module
    ic2:esu
    ic2:esu_minecart
    ic2:esu_upgrade_kit
    ic2:eu_card
    ic2:eu_reader
    ic2:ev_battery_upgrade_kit
    ic2:ev_charge_upgrade_kit
    ic2:extinguish_module
    ic2:extraction_tube
    ic2:field_expansion_pad_upgrade
    ic2:filled_tin_can_bad
    ic2:filled_tin_can_chicken
    ic2:filled_tin_can_chorus_fruit
    ic2:filled_tin_can_enchanted_golden_apple
    ic2:filled_tin_can_golden_apple
    ic2:filled_tin_can_poison
    ic2:filled_tin_can_pufferfish
    ic2:filter_tube
    ic2:filtered_extraction_tube
    ic2:filtered_scanner
    ic2:fisher
    ic2:fission_upgrade_kit
    ic2:flesh_ball
    ic2:flour
    ic2:fluid_display
    ic2:fluid_expansion
    ic2:fluid_o_mat
    ic2:fluid_scanner
    ic2:fluid_scanner_filtered
    ic2:fluid_tube
    ic2:flux_generator_hv
    ic2:flux_generator_lv
    ic2:flux_generator_mv
    ic2:food_storage_module
    ic2:fries
    ic2:fuel_boiler
    ic2:fuel_boiler_structure
    ic2:fuel_can
    ic2:fuel_jetpack
    ic2:fusion_reactor
    ic2:geothermal_generator
    ic2:glass
    ic2:glass_beer
    ic2:glass_black_tea
    ic2:glass_cocoa
    ic2:glass_coffee
    ic2:glass_cold_black_tea
    ic2:glass_cold_dark_coffee
    ic2:glass_cold_fruit_tea
    ic2:glass_cold_green_tea
    ic2:glass_cold_tea
    ic2:glass_dark_coffee
    ic2:glass_fruit_tea
    ic2:glass_green_tea
    ic2:glass_hot_cocoa
    ic2:glass_iced_tea
    ic2:glass_milk
    ic2:glass_rum
    ic2:glass_tea
    ic2:glass_whisky
    ic2:glassfiber_cable
    ic2:glassfiber_cable_item
    ic2:glowtronic_crystal
    ic2:gold_cable_item
    ic2:gold_double_insulated_cable_item
    ic2:gold_dust_block
    ic2:gold_insulated_cable_item
    ic2:golden_module
    ic2:heat_balancer
    ic2:heat_balancer_advanced
    ic2:heat_balancer_core
    ic2:heat_balancer_spread
    ic2:heat_exchanger_advanced
    ic2:heat_exchanger_core
    ic2:heat_exchanger_spread
    ic2:heat_pack
    ic2:heat_pump
    ic2:heat_spreader
    ic2:heat_storage_single
    ic2:heat_storage_six
    ic2:heat_storage_triple
    ic2:heat_vent_advanced
    ic2:heat_vent_core
    ic2:heat_vent_overclocked
    ic2:hemp
    ic2:hemp_seeds
    ic2:honey_cake
    ic2:hover_tube
    ic2:hv_battery_upgrade_kit
    ic2:hv_charge_upgrade_kit
    ic2:hyperclocked_pump
    ic2:industrial_belt
    ic2:industrial_worktable
    ic2:ingot_advanced_alloy
    ic2:ingot_aluminium
    ic2:ingot_bronze
    ic2:ingot_polished_gold
    ic2:ingot_refined_iron
    ic2:ingot_silver
    ic2:ingot_tin
    ic2:ingot_uranium
    ic2:ingot_uranium_enriched_blaze
    ic2:ingot_uranium_enriched_charcoal
    ic2:ingot_uranium_enriched_enderpearl
    ic2:ingot_uranium_enriched_netherstar
    ic2:ingot_uranium_enriched_redstone
    ic2:insertion_tube
    ic2:inv_card
    ic2:iridium_box
    ic2:iridium_rotor
    ic2:iridium_stone
    ic2:iron_cable_item
    ic2:iron_double_insulated_cable_item
    ic2:iron_dust_block
    ic2:iron_insulated_cable_item
    ic2:iron_triple_insulated_cable_item
    ic2:isu
    ic2:isu_minecart
    ic2:isu_upgrade_kit
    ic2:item_icons
    ic2:item_limiter
    ic2:iv_battery_upgrade_kit
    ic2:iv_charge_upgrade_kit
    ic2:jump_boost_module
    ic2:lag_card
    ic2:lapatron_crystal
    ic2:lapotronic_upgrade_kit
    ic2:lava_module
    ic2:lemon_cake
    ic2:light_module
    ic2:limiter_tube
    ic2:liquid_generator
    ic2:loader_ev
    ic2:loader_hv
    ic2:loader_lv
    ic2:loader_mv
    ic2:luminator
    ic2:machine_block
    ic2:machine_block_plated
    ic2:machine_buffer
    ic2:machine_tank
    ic2:magnet
    ic2:memory_expansion
    ic2:memory_stick
    ic2:mfe_minecart
    ic2:mfe_upgrade_kit
    ic2:mfsu_minecart
    ic2:mfsu_upgrade_kit
    ic2:miner_remote
    ic2:miningpipe
    ic2:miningpipe_slim
    ic2:mixed_alloy_rotor
    ic2:monitor
    ic2:monitor_card
    ic2:mowing_tool
    ic2:mug
    ic2:mug_beer
    ic2:mug_black_tea
    ic2:mug_cocoa
    ic2:mug_coffee
    ic2:mug_cold_black_tea
    ic2:mug_cold_dark_coffee
    ic2:mug_cold_fruit_tea
    ic2:mug_cold_green_tea
    ic2:mug_cold_tea
    ic2:mug_dark_coffee
    ic2:mug_fruit_tea
    ic2:mug_green_tea
    ic2:mug_hot_cocoa
    ic2:mug_iced_tea
    ic2:mug_milk
    ic2:mug_rum
    ic2:mug_tea
    ic2:mug_whisky
    ic2:mv_battery_upgrade_kit
    ic2:mv_charge_upgrade_kit
    ic2:nano_shield
    ic2:nano_suit_boots
    ic2:nano_suit_chestplate
    ic2:nano_suit_helmet
    ic2:nano_suit_leggings
    ic2:nightvision_goggles
    ic2:obsidian_blade
    ic2:ocean_generator
    ic2:od_scanner
    ic2:od_scanner_big_ranged
    ic2:od_scanner_ranged
    ic2:ore_iridium
    ic2:ore_scanner
    ic2:ore_uranium
    ic2:ov_scanner
    ic2:ov_scanner_big_ranged
    ic2:ov_scanner_ranged
    ic2:overclocked_pump
    ic2:overgrowth_fertilizer
    ic2:painter_black
    ic2:painter_blue
    ic2:painter_brown
    ic2:painter_cyan
    ic2:painter_gray
    ic2:painter_green
    ic2:painter_light_blue
    ic2:painter_light_gray
    ic2:painter_lime
    ic2:painter_magenta
    ic2:painter_orange
    ic2:painter_pink
    ic2:painter_purple
    ic2:painter_red
    ic2:painter_white
    ic2:painter_yellow
    ic2:parachute_module
    ic2:personal_tank
    ic2:pesd
    ic2:pesu
    ic2:pesu_minecart
    ic2:pesu_upgrade_kit
    ic2:pickup_tube
    ic2:pixelfoam_bolt
    ic2:pixelfoam_crown
    ic2:pixelfoam_fire
    ic2:pixelfoam_greg
    ic2:pixelfoam_half_life
    ic2:pixelfoam_heart
    ic2:pixelfoam_ic2
    ic2:pixelfoam_muffin_button
    ic2:pixelfoam_nuclear
    ic2:pixelfoam_portal
    ic2:pixelfoam_rose
    ic2:pixelfoam_space_bean
    ic2:pixelfoam_triforce
    ic2:planter_pot
    ic2:plasma_cable
    ic2:plasma_cable_item
    ic2:plasma_core
    ic2:plasmafier
    ic2:plate_advanced_alloy
    ic2:plate_dense_copper
    ic2:plate_iridium
    ic2:plating
    ic2:plating_containment
    ic2:plating_heat_capacity
    ic2:player_detector
    ic2:portable_teleporter
    ic2:potato_slices
    ic2:precision_wrench
    ic2:pressure_alloy_furnace
    ic2:pressure_alloy_furnace_structure
    ic2:pressure_pipe
    ic2:progress_card
    ic2:protective_module
    ic2:provider_tube
    ic2:proximity_booster_pad_upgrade
    ic2:pulsating_quartz
    ic2:quantum_accumulator
    ic2:quantum_accumulator_big
    ic2:quantum_pack
    ic2:quantum_suit_boots
    ic2:quantum_suit_chestplate
    ic2:quantum_suit_helmet
    ic2:quantum_suit_leggings
    ic2:quarry_scanner
    ic2:ranged_pump
    ic2:rare_earth_chunk
    ic2:rare_earth_extractor
    ic2:raw_aluminium
    ic2:raw_aluminium_block
    ic2:raw_bio_fiber
    ic2:raw_leather
    ic2:raw_obsidian_blade
    ic2:raw_silver
    ic2:raw_silver_block
    ic2:reactor_card
    ic2:reactor_fuel_cell
    ic2:reactor_planner
    ic2:redirector_master
    ic2:redirector_slave
    ic2:redstone_tube
    ic2:refined_iron_block
    ic2:refined_iron_sign_item
    ic2:refinery
    ic2:reflector
    ic2:reflector_iridium
    ic2:reflector_thick
    ic2:reinforced_brick
    ic2:reinforced_clear_glass
    ic2:reinforced_cracked_stone
    ic2:request_tube
    ic2:restoring_fertilizer
    ic2:rock_cutter_drill
    ic2:rocket_miner
    ic2:rotary_macerator
    ic2:round_robin_tube
    ic2:rubber_boat_broken
    ic2:rubber_log_barked
    ic2:rubber_log_barked_stripped
    ic2:rubber_wood_stripped
    ic2:rubberwood_boat
    ic2:rubberwood_button
    ic2:rubberwood_door
    ic2:rubberwood_fence_gate
    ic2:rubberwood_planks
    ic2:rubberwood_pressure_plate
    ic2:rubberwood_sign_item
    ic2:rubberwood_slab
    ic2:rubberwood_stairs
    ic2:sawmill
    ic2:scaffold_iron
    ic2:scaffold_wooden
    ic2:scrap_metal
    ic2:scrap_metal_blade
    ic2:scrap_metal_chunk
    ic2:scrapbox
    ic2:silver_dust_block
    ic2:silver_ore
    ic2:silver_ore_nether
    ic2:silver_sign_item
    ic2:simple_crop_library
    ic2:simple_tube
    ic2:singularity_compressor
    ic2:slag_generator
    ic2:slow_grinder
    ic2:smoker_induction_furnace
    ic2:solar_panel
    ic2:solar_panel_compressed
    ic2:solar_panel_hv
    ic2:solar_panel_hv_compressed
    ic2:solar_panel_lv
    ic2:solar_panel_lv_compressed
    ic2:solar_panel_mv
    ic2:solar_panel_mv_compressed
    ic2:solar_turbine
    ic2:sonar_module
    ic2:sound_beacon
    ic2:speed_boost_module
    ic2:speed_tube
    ic2:splitter_cable_item
    ic2:splitter_pipe
    ic2:stabilized_machine_block
    ic2:stacking_tube
    ic2:steam_chamber
    ic2:steam_reactor
    ic2:steam_tunnel
    ic2:steam_vent
    ic2:steam_vent_advanced
    ic2:steam_vent_core
    ic2:steam_vent_overclocked
    ic2:step_assist_module
    ic2:sticky_dynamite
    ic2:sticky_resin
    ic2:sticky_tube
    ic2:stone_canner
    ic2:stone_macerator
    ic2:storage_expansion
    ic2:su_battery
    ic2:super_cable
    ic2:super_cable_item
    ic2:switch_tube
    ic2:tag_block
    ic2:tag_item
    ic2:tank_storage_module
    ic2:tea_leaf
    ic2:teleport_tube
    ic2:teleporter_hub
    ic2:terrawart
    ic2:text_card
    ic2:textured_block
    ic2:textured_slab
    ic2:textured_stairs
    ic2:textured_wall
    ic2:tfbp
    ic2:tfbp_biome
    ic2:tfbp_biome_chilling
    ic2:tfbp_biome_cultivation
    ic2:tfbp_biome_desertification
    ic2:tfbp_biome_forestification
    ic2:tfbp_biome_irrigation
    ic2:tfbp_biome_mushroom
    ic2:tfbp_biome_undergrowth
    ic2:tfbp_chilling
    ic2:tfbp_cultivation
    ic2:tfbp_desertification
    ic2:tfbp_flatification
    ic2:tfbp_irrigation
    ic2:tfbp_mushroom
    ic2:thermal_generator
    ic2:thermometer
    ic2:time_card
    ic2:tin_cable_item
    ic2:tin_dust_block
    ic2:tin_sign_item
    ic2:tool_axe_aluminium
    ic2:tool_axe_bronze
    ic2:tool_hoe_aluminium
    ic2:tool_hoe_bronze
    ic2:tool_pickaxe_aluminium
    ic2:tool_pickaxe_bronze
    ic2:tool_shovel_aluminium
    ic2:tool_shovel_bronze
    ic2:tool_sword_aluminium
    ic2:tool_sword_bronze
    ic2:transformer_adjustable
    ic2:transformer_ev
    ic2:transformer_hv
    ic2:transformer_iv
    ic2:transformer_lv
    ic2:transformer_mv
    ic2:transport_tube
    ic2:tree_tap
    ic2:treetap_and_bucket
    ic2:tube_tool
    ic2:turbine_blade
    ic2:turbine_multi_block
    ic2:uesc
    ic2:uncompressed_super_cable
    ic2:unloader_ev
    ic2:unloader_hv
    ic2:unloader_lv
    ic2:unloader_mv
    ic2:unprinted_wiki
    ic2:upgrade_base
    ic2:upgrade_basic_fluid_export
    ic2:upgrade_basic_fluid_import
    ic2:upgrade_cobble_generator
    ic2:upgrade_container
    ic2:upgrade_crafting
    ic2:upgrade_creative
    ic2:upgrade_durable_sawblade
    ic2:upgrade_efficiency
    ic2:upgrade_efficient_sawblade
    ic2:upgrade_energy_storage
    ic2:upgrade_energy_storage_multiplier
    ic2:upgrade_exp_collector
    ic2:upgrade_export
    ic2:upgrade_fluid_export
    ic2:upgrade_fluid_import
    ic2:upgrade_import
    ic2:upgrade_loudness
    ic2:upgrade_muffler
    ic2:upgrade_mute
    ic2:upgrade_overclocker
    ic2:upgrade_quantum_overclocker
    ic2:upgrade_redstone_inverter
    ic2:upgrade_redstone_sensitivity
    ic2:upgrade_simple_export
    ic2:upgrade_simple_import
    ic2:upgrade_slowness
    ic2:upgrade_transformer
    ic2:uranium_enricher
    ic2:uranium_rod_blaze_dual
    ic2:uranium_rod_blaze_quad
    ic2:uranium_rod_blaze_single
    ic2:uranium_rod_charcoal_dual
    ic2:uranium_rod_charcoal_quad
    ic2:uranium_rod_charcoal_single
    ic2:uranium_rod_dual
    ic2:uranium_rod_ender_pearl_dual
    ic2:uranium_rod_ender_pearl_quad
    ic2:uranium_rod_ender_pearl_single
    ic2:uranium_rod_isotopic
    ic2:uranium_rod_isotopic_blaze
    ic2:uranium_rod_isotopic_charcoal
    ic2:uranium_rod_isotopic_ender_pearl
    ic2:uranium_rod_isotopic_nether_star
    ic2:uranium_rod_isotopic_redstone
    ic2:uranium_rod_near_depleted
    ic2:uranium_rod_near_depleted_blaze
    ic2:uranium_rod_near_depleted_charcoal
    ic2:uranium_rod_near_depleted_ender_pearl
    ic2:uranium_rod_near_depleted_nether_star
    ic2:uranium_rod_near_depleted_redstone
    ic2:uranium_rod_nether_star_dual
    ic2:uranium_rod_nether_star_quad
    ic2:uranium_rod_nether_star_single
    ic2:uranium_rod_quad
    ic2:uranium_rod_re_enriched
    ic2:uranium_rod_re_enriched_blaze
    ic2:uranium_rod_re_enriched_charcoal
    ic2:uranium_rod_re_enriched_ender_pearl
    ic2:uranium_rod_re_enriched_nether_star
    ic2:uranium_rod_re_enriched_redstone
    ic2:uranium_rod_redstone_dual
    ic2:uranium_rod_redstone_quad
    ic2:uranium_rod_redstone_single
    ic2:uranium_rod_single
    ic2:uu_crop_library
    ic2:uu_expansion
    ic2:uumatter
    ic2:vacuum_canner
    ic2:valve
    ic2:valve_animated
    ic2:valve_pushing
    ic2:valve_teleporting
    ic2:villager_o_mat
    ic2:void_pipe
    ic2:void_tube
    ic2:water_mill
    ic2:water_mill_hv
    ic2:water_mill_lv
    ic2:water_mill_mv
    ic2:water_walker_module
    ic2:wave_generator
    ic2:weedex
    ic2:wet_cfoam
    ic2:whisky_grist
    ic2:wide_band_booster_pad_upgrade
    ic2:wiki_item
    ic2:wind_turbine
    ic2:windmill
    ic2:wood_gassifier
    ic2:wool_rotor
    minecraft:lava
    minecraft:water
    turret:chip
    turret:chip_krips
    turret:computer
    turret:crafter
    turret:cyborg_skeletonengineer_chestplate
    turret:drobashturret_spawn_egg
    turret:fiery_krip_chip
    turret:fire_turret_spawn_egg
    turret:form
    turret:formforimprovementcards
    turret:gear
    turret:improvement_map
    turret:improvement_map_2
    turret:instruction_1volume
    turret:instruction_2volume
    turret:kuzkina_mat
    turret:lasersight
    turret:mechanic_spawn_egg
    turret:mine
    turret:sign_1
    turret:sign_2
    turret:sign_3
    turret:sign_4
    turret:slug_krip_chip
    turret:slug_turret_spawn_egg
    turret:turret_spawn_egg
    turret:turretdrobashchip
    turret:turretupgrademap
    turret:wrench

Missing minecraft:painting_variant:
    ic2:hazard_battery_fumes
    ic2:hazard_bio
    ic2:hazard_electrical
    ic2:hazard_electromagnetic_field
    ic2:hazard_general
    ic2:hazard_high_temperature
    ic2:hazard_low_temperature
    ic2:hazard_noxious_or_irritating_materials
    ic2:hazard_open_flame
    ic2:hazard_radioactive
    ic2:hazard_slippery_floor
    ic2:hazard_strong_magnetic_field
    ic2:hazard_suspended_load
    ic2:hazard_toxic
    ic2:hazard_trip
    turret:paint_1

Missing minecraft:block:
    gravisuit:plasma_portal
    ic2:adjustable_luminator
    ic2:advanced_comparator
    ic2:advanced_machine_block
    ic2:alloy_smelter
    ic2:aluminium_block
    ic2:aluminium_cable
    ic2:aluminium_dust_block
    ic2:aluminium_ore_nether
    ic2:aluminium_sign
    ic2:aluminium_wall_sign
    ic2:armor_configurator
    ic2:base_teleporter
    ic2:battery_station_ev
    ic2:battery_station_hv
    ic2:battery_station_iv
    ic2:battery_station_lv
    ic2:battery_station_mv
    ic2:blast_induction_furnace
    ic2:bronze_cable
    ic2:bronze_dust_block
    ic2:bronze_sign
    ic2:bronze_wall_sign
    ic2:buffer_storage_expansion
    ic2:capacity_pipe
    ic2:centrifugal_extractor
    ic2:centrifugal_rare_earth_extractor
    ic2:cfoam_block_black
    ic2:cfoam_block_blue
    ic2:cfoam_block_brown
    ic2:cfoam_block_cyan
    ic2:cfoam_block_gray
    ic2:cfoam_block_green
    ic2:cfoam_block_light_blue
    ic2:cfoam_block_light_gray
    ic2:cfoam_block_lime
    ic2:cfoam_block_magenta
    ic2:cfoam_block_orange
    ic2:cfoam_block_pink
    ic2:cfoam_block_purple
    ic2:cfoam_block_red
    ic2:cfoam_block_white
    ic2:cfoam_block_yellow
    ic2:cfoam_corner_panel
    ic2:cfoam_double_panel
    ic2:cfoam_double_surface
    ic2:cfoam_edge_panel
    ic2:cfoam_panel_black
    ic2:cfoam_panel_blue
    ic2:cfoam_panel_brown
    ic2:cfoam_panel_cyan
    ic2:cfoam_panel_gray
    ic2:cfoam_panel_green
    ic2:cfoam_panel_light_blue
    ic2:cfoam_panel_light_gray
    ic2:cfoam_panel_lime
    ic2:cfoam_panel_magenta
    ic2:cfoam_panel_orange
    ic2:cfoam_panel_pink
    ic2:cfoam_panel_purple
    ic2:cfoam_panel_red
    ic2:cfoam_panel_white
    ic2:cfoam_panel_yellow
    ic2:cfoam_slab_black
    ic2:cfoam_slab_blue
    ic2:cfoam_slab_brown
    ic2:cfoam_slab_cyan
    ic2:cfoam_slab_gray
    ic2:cfoam_slab_green
    ic2:cfoam_slab_light_blue
    ic2:cfoam_slab_light_gray
    ic2:cfoam_slab_lime
    ic2:cfoam_slab_magenta
    ic2:cfoam_slab_orange
    ic2:cfoam_slab_pink
    ic2:cfoam_slab_purple
    ic2:cfoam_slab_red
    ic2:cfoam_slab_white
    ic2:cfoam_slab_yellow
    ic2:cfoam_stairs_black
    ic2:cfoam_stairs_blue
    ic2:cfoam_stairs_brown
    ic2:cfoam_stairs_cyan
    ic2:cfoam_stairs_gray
    ic2:cfoam_stairs_green
    ic2:cfoam_stairs_light_blue
    ic2:cfoam_stairs_light_gray
    ic2:cfoam_stairs_lime
    ic2:cfoam_stairs_magenta
    ic2:cfoam_stairs_orange
    ic2:cfoam_stairs_pink
    ic2:cfoam_stairs_purple
    ic2:cfoam_stairs_red
    ic2:cfoam_stairs_white
    ic2:cfoam_stairs_yellow
    ic2:cfoam_surface_black
    ic2:cfoam_surface_blue
    ic2:cfoam_surface_brown
    ic2:cfoam_surface_cyan
    ic2:cfoam_surface_gray
    ic2:cfoam_surface_green
    ic2:cfoam_surface_light_blue
    ic2:cfoam_surface_light_gray
    ic2:cfoam_surface_lime
    ic2:cfoam_surface_magenta
    ic2:cfoam_surface_orange
    ic2:cfoam_surface_pink
    ic2:cfoam_surface_purple
    ic2:cfoam_surface_red
    ic2:cfoam_surface_white
    ic2:cfoam_surface_yellow
    ic2:cfoam_wall_black
    ic2:cfoam_wall_blue
    ic2:cfoam_wall_brown
    ic2:cfoam_wall_cyan
    ic2:cfoam_wall_gray
    ic2:cfoam_wall_green
    ic2:cfoam_wall_light_blue
    ic2:cfoam_wall_light_gray
    ic2:cfoam_wall_lime
    ic2:cfoam_wall_magenta
    ic2:cfoam_wall_orange
    ic2:cfoam_wall_pink
    ic2:cfoam_wall_purple
    ic2:cfoam_wall_red
    ic2:cfoam_wall_white
    ic2:cfoam_wall_yellow
    ic2:cfoam_wool_black
    ic2:cfoam_wool_blue
    ic2:cfoam_wool_brown
    ic2:cfoam_wool_carpet_black
    ic2:cfoam_wool_carpet_blue
    ic2:cfoam_wool_carpet_brown
    ic2:cfoam_wool_carpet_cyan
    ic2:cfoam_wool_carpet_gray
    ic2:cfoam_wool_carpet_green
    ic2:cfoam_wool_carpet_light_blue
    ic2:cfoam_wool_carpet_light_gray
    ic2:cfoam_wool_carpet_lime
    ic2:cfoam_wool_carpet_magenta
    ic2:cfoam_wool_carpet_orange
    ic2:cfoam_wool_carpet_pink
    ic2:cfoam_wool_carpet_purple
    ic2:cfoam_wool_carpet_red
    ic2:cfoam_wool_carpet_white
    ic2:cfoam_wool_carpet_yellow
    ic2:cfoam_wool_cyan
    ic2:cfoam_wool_gray
    ic2:cfoam_wool_green
    ic2:cfoam_wool_light_blue
    ic2:cfoam_wool_light_gray
    ic2:cfoam_wool_lime
    ic2:cfoam_wool_magenta
    ic2:cfoam_wool_orange
    ic2:cfoam_wool_pink
    ic2:cfoam_wool_purple
    ic2:cfoam_wool_red
    ic2:cfoam_wool_white
    ic2:cfoam_wool_yellow
    ic2:charcoal_block
    ic2:charged_electrolyzer
    ic2:chargepad_fission
    ic2:chargepad_hv
    ic2:chargepad_lv
    ic2:chargepad_mv
    ic2:charging_bench_ev
    ic2:charging_bench_hv
    ic2:charging_bench_iv
    ic2:charging_bench_lv
    ic2:charging_bench_mv
    ic2:chocolate_cake
    ic2:chocolate_candle_cake
    ic2:chunkloader
    ic2:coffee_cake
    ic2:coffee_candle_cake
    ic2:color_filter_tube
    ic2:colossal_base_block
    ic2:colossal_compressor
    ic2:colossal_extractor
    ic2:colossal_furnace
    ic2:colossal_macerator
    ic2:colossal_recycler
    ic2:compacting_recycler
    ic2:comparing_cable
    ic2:construction_light
    ic2:copper_dust_block
    ic2:copper_sign
    ic2:copper_wall_sign
    ic2:crafter
    ic2:creative_source
    ic2:crop_analyzer_block
    ic2:crop_library
    ic2:crop_sticks
    ic2:deepslate_silver_ore
    ic2:detector_pipe
    ic2:directional_tube
    ic2:dropping_tube
    ic2:dyeing_tube
    ic2:electric_blast_furnace
    ic2:electric_enchanter
    ic2:electric_pipe_pump
    ic2:electric_smoker
    ic2:electric_wood_gassifier
    ic2:esu
    ic2:extraction_tube
    ic2:filter_tube
    ic2:filtered_extraction_tube
    ic2:fisher
    ic2:fluid_expansion
    ic2:fluid_o_mat
    ic2:fluid_tube
    ic2:flux_generator_hv
    ic2:flux_generator_lv
    ic2:flux_generator_mv
    ic2:fuel_boiler
    ic2:fuel_boiler_structure
    ic2:fusion_reactor
    ic2:geothermal_generator
    ic2:glassfiber_cable
    ic2:gold_dust_block
    ic2:honey_cake
    ic2:honey_candle_cake
    ic2:hover_tube
    ic2:hyperclocked_pump
    ic2:industrial_worktable
    ic2:insertion_tube
    ic2:iridium_stone
    ic2:iron_dust_block
    ic2:isu
    ic2:lemon_cake
    ic2:lemon_candle_cake
    ic2:light_block
    ic2:limiter_tube
    ic2:liquid_generator
    ic2:loader_ev
    ic2:loader_hv
    ic2:loader_lv
    ic2:loader_mv
    ic2:luminator
    ic2:machine_block
    ic2:machine_block_plated
    ic2:machine_buffer
    ic2:machine_tank
    ic2:memory_expansion
    ic2:miningpipe
    ic2:miningpipe_slim
    ic2:monitor
    ic2:ocean_generator
    ic2:ore_scanner
    ic2:overclocked_pump
    ic2:personal_tank
    ic2:pesu
    ic2:pickup_tube
    ic2:pipe
    ic2:pixelfoam_bolt
    ic2:pixelfoam_crown
    ic2:pixelfoam_fire
    ic2:pixelfoam_greg
    ic2:pixelfoam_half_life
    ic2:pixelfoam_heart
    ic2:pixelfoam_ic2
    ic2:pixelfoam_muffin_button
    ic2:pixelfoam_nuclear
    ic2:pixelfoam_portal
    ic2:pixelfoam_rose
    ic2:pixelfoam_space_bean
    ic2:pixelfoam_triforce
    ic2:planter_pot
    ic2:plasma_cable
    ic2:plasmafier
    ic2:player_detector
    ic2:pressure_alloy_furnace
    ic2:pressure_alloy_furnace_structure
    ic2:pressure_pipe
    ic2:provider_tube
    ic2:ranged_pump
    ic2:rare_earth_extractor
    ic2:raw_aluminium_block
    ic2:raw_silver_block
    ic2:reactor_planner
    ic2:redirector_master
    ic2:redirector_slave
    ic2:redstone_tube
    ic2:refined_iron_block
    ic2:refined_iron_sign
    ic2:refined_iron_wall_sign
    ic2:refinery
    ic2:reinforced_brick
    ic2:reinforced_clear_glass
    ic2:reinforced_cracked_stone
    ic2:request_tube
    ic2:rocket_miner
    ic2:rotary_macerator
    ic2:round_robin_tube
    ic2:rubber_log_barked
    ic2:rubber_log_barked_stripped
    ic2:rubber_wood_stripped
    ic2:rubberwood_button
    ic2:rubberwood_door
    ic2:rubberwood_fence_gate
    ic2:rubberwood_planks
    ic2:rubberwood_pressure_plate
    ic2:rubberwood_sign
    ic2:rubberwood_slab
    ic2:rubberwood_stairs
    ic2:rubberwood_wall_sign
    ic2:sawmill
    ic2:scaffold_iron
    ic2:scaffold_wooden
    ic2:silver_dust_block
    ic2:silver_ore
    ic2:silver_ore_nether
    ic2:silver_sign
    ic2:silver_wall_sign
    ic2:simple_crop_library
    ic2:simple_tube
    ic2:singularity_compressor
    ic2:slag_generator
    ic2:slow_grinder
    ic2:smoker_induction_furnace
    ic2:solar_panel
    ic2:solar_panel_compressed
    ic2:solar_panel_hv
    ic2:solar_panel_hv_compressed
    ic2:solar_panel_lv
    ic2:solar_panel_lv_compressed
    ic2:solar_panel_mv
    ic2:solar_panel_mv_compressed
    ic2:solar_turbine
    ic2:sound_beacon
    ic2:speed_tube
    ic2:splitter_pipe
    ic2:stabilized_machine_block
    ic2:stacking_tube
    ic2:steam_chamber
    ic2:steam_reactor
    ic2:steam_tunnel
    ic2:steam_turbine
    ic2:sticky_tube
    ic2:stone_canner
    ic2:stone_macerator
    ic2:storage_expansion
    ic2:super_cable
    ic2:switch_tube
    ic2:teleport_tube
    ic2:teleporter_hub
    ic2:textured_block
    ic2:textured_slab
    ic2:textured_stairs
    ic2:textured_wall
    ic2:thermal_generator
    ic2:tin_dust_block
    ic2:tin_sign
    ic2:tin_wall_sign
    ic2:transformer_adjustable
    ic2:transformer_ev
    ic2:transformer_hv
    ic2:transformer_iv
    ic2:transformer_lv
    ic2:transformer_mv
    ic2:transport_tube
    ic2:treetap_and_bucket
    ic2:turbine_multi_block
    ic2:unloader_ev
    ic2:unloader_hv
    ic2:unloader_lv
    ic2:unloader_mv
    ic2:uranium_enricher
    ic2:uu_crop_library
    ic2:uu_expansion
    ic2:vacuum_canner
    ic2:valve
    ic2:valve_animated
    ic2:valve_pushing
    ic2:valve_teleporting
    ic2:villager_o_mat
    ic2:void_pipe
    ic2:void_tube
    ic2:water_mill
    ic2:water_mill_hv
    ic2:water_mill_lv
    ic2:water_mill_mv
    ic2:wave_generator
    ic2:wet_cfoam
    ic2:wind_turbine
    ic2:windmill
    ic2:wood_gassifier
    turret:computer
    turret:crafter
    turret:form
    turret:kuzkina_mat
    turret:mine
    turret:sign_1
    turret:sign_2
    turret:sign_3
    turret:sign_4

Missing minecraft:point_of_interest_type:
    ic2:brewing
    ic2:crop
    ic2:demo
    ic2:electric
    ic2:greg
    ic2:nuclear

Missing minecraft:mob_effect:
    ic2:shaky

Missing minecraft:fluid:
    ic2:alcohol
    ic2:bio_fuel
    ic2:blazing_lava
    ic2:whisky
    ic2:woodgas

Missing minecraft:entity_type:
    gravisuit:plasma_ball
    ic2:batbox
    ic2:esu
    ic2:isu
    ic2:mfe
    ic2:mfsu
    ic2:mininglaser
    ic2:pesu
    ic2:rocket_miner
    ic2:rubberwood_boat
    ic2:tracking_mininglaser
    turret:drobashturret
    turret:fire_turret
    turret:mechanic
    turret:projectile_drobashturret
    turret:projectile_fire_turret
    turret:projectile_slug_turret
    turret:projectile_turret
    turret:slug_turret
    turret:turret


[11:52:44] [Render thread/ERROR] [ne.mi.re.GameData/REGISTRIES]: There are unidentified mappings in this world - we are going to attempt to process anyway
[11:52:44] [Render thread/WARN] [ne.mi.re.ForgeRegistry/REGISTRIES]: Registry minecraft:block: Object did not get ID it asked for. Name: ic2:basalt Expected: 1886 Got: 5236
[11:52:44] [Render thread/WARN] [ne.mi.re.ForgeRegistry/REGISTRIES]: Registry minecraft:block: Object did not get ID it asked for. Name: ic2:lead_ore Expected: 1887 Got: 5237
[11:52:44] [Render thread/WARN] [ne.mi.re.ForgeRegistry/REGISTRIES]: Registry minecraft:block: Object did not get ID it asked for. Name: ic2:deepslate_lead_ore Expected: 1890 Got: 5238
[11:52:44] [Render thread/WARN] [ne.mi.re.ForgeRegistry/REGISTRIES]: Registry minecraft:block: Object did not get ID it asked for. Name: ic2:raw_lead_block Expected: 1893 Got: 5239
[11:52:44] [Render thread/WARN] [ne.mi.re.ForgeRegistry/REGISTRIES]: Registry minecraft:block: Object did not get ID it asked for. Name: ic2:lead_block Expected: 1897 Got: 5240
[11:52:44] [Render thread/WARN] [ne.mi.re.ForgeRegistry/REGISTRIES]: Registry minecraft:block: Object did not get ID it asked for. Name: ic2:steel_block Expected: 1898 Got: 5241
[11:52:44] [Render thread/WARN] [ne.mi.re.ForgeRegistry/REGISTRIES]: Registry minecraft:block: Object did not get ID it asked for. Name: ic2:machine Expected: 1902 Got: 5242
[11:52:44] [Render thread/WARN] [ne.mi.re.ForgeRegistry/REGISTRIES]: Registry minecraft:block: Object did not get ID it asked for. Name: ic2:advanced_machine Expected: 1903 Got: 5243
[11:52:44] [Render thread/WARN] [ne.mi.re.ForgeRegistry/REGISTRIES]: Registry minecraft:block: Object did not get ID it asked for. Name: ic2:reactor_vessel Expected: 1904 Got: 5244
[11:52:44] [Render thread/WARN] [ne.mi.re.ForgeRegistry/REGISTRIES]: Registry minecraft:block: Object did not get ID it asked for. Name: ic2:rubber_log Expected: 1907 Got: 5245
[11:52:44] [Render thread/WARN] [ne.mi.re.ForgeRegistry/REGISTRIES]: Registry minecraft:block: Object did not get ID it asked for. Name: ic2:stripped_rubber_log Expected: 1908 Got: 5246
[11:52:44] [Render thread/WARN] [ne.mi.re.ForgeRegistry/REGISTRIES]: Registry minecraft:block: Object did not get ID it asked for. Name: ic2:stripped_rubber_wood Expected: 1910 Got: 5247
[11:52:44] [Render thread/WARN] [ne.mi.re.ForgeRegistry/REGISTRIES]: Registry minecraft:block: Object did not get ID it asked for. Name: ic2:rubber_planks Expected: 1912 Got: 5248
[11:52:44] [Render thread/WARN] [ne.mi.re.ForgeRegistry/REGISTRIES]: Registry minecraft:block: Object did not get ID it asked for. Name: ic2:rubber_button Expected: 1913 Got: 5249
[11:52:44] [Render thread/WARN] [ne.mi.re.ForgeRegistry/REGISTRIES]: Registry minecraft:block: Object did not get ID it asked for. Name: ic2:rubber_door Expected: 1914 Got: 5250
[11:52:44] [Render thread/WARN] [ne.mi.re.ForgeRegistry/REGISTRIES]: Registry minecraft:block: Object did not get ID it asked for. Name: ic2:rubber_fence_gate Expected: 1916 Got: 5251
[11:52:44] [Render thread/WARN] [ne.mi.re.ForgeRegistry/REGISTRIES]: Registry minecraft:block: Object did not get ID it asked for. Name: ic2:rubber_pressure_plate Expected: 1917 Got: 5252
[11:52:44] [Render thread/WARN] [ne.mi.re.ForgeRegistry/REGISTRIES]: Registry minecraft:block: Object did not get ID it asked for. Name: ic2:rubber_sign Expected: 1918 Got: 5253
[11:52:44] [Render thread/WARN] [ne.mi.re.ForgeRegistry/REGISTRIES]: Registry minecraft:block: Object did not get ID it asked for. Name: ic2:rubber_slab Expected: 1919 Got: 5254
[11:52:44] [Render thread/WARN] [ne.mi.re.ForgeRegistry/REGISTRIES]: Registry minecraft:block: Object did not get ID it asked for. Name: ic2:rubber_stairs Expected: 1920 Got: 5255
[11:52:44] [Render thread/WARN] [ne.mi.re.ForgeRegistry/REGISTRIES]: Registry minecraft:block: Object did not get ID it asked for. Name: ic2:rubber_wall_sign Expected: 1922 Got: 5256
[11:52:44] [Render thread/WARN] [ne.mi.re.ForgeRegistry/REGISTRIES]: Registry minecraft:block: Object did not get ID it asked for. Name: ic2:wooden_scaffold Expected: 1923 Got: 5257
[11:52:44] [Render thread/WARN] [ne.mi.re.ForgeRegistry/REGISTRIES]: Registry minecraft:block: Object did not get ID it asked for. Name: ic2:reinforced_wooden_scaffold Expected: 1924 Got: 5258
[11:52:44] [Render thread/WARN] [ne.mi.re.ForgeRegistry/REGISTRIES]: Registry minecraft:block: Object did not get ID it asked for. Name: ic2:iron_scaffold Expected: 1925 Got: 5259
[11:52:44] [Render thread/WARN] [ne.mi.re.ForgeRegistry/REGISTRIES]: Registry minecraft:block: Object did not get ID it asked for. Name: ic2:reinforced_iron_scaffold Expected: 1926 Got: 5260
[11:52:44] [Render thread/WARN] [ne.mi.re.ForgeRegistry/REGISTRIES]: Registry minecraft:block: Object did not get ID it asked for. Name: ic2:wool_sheet Expected: 1930 Got: 5261
[11:52:44] [Render thread/WARN] [ne.mi.re.ForgeRegistry/REGISTRIES]: Registry minecraft:block: Object did not get ID it asked for. Name: ic2:foam Expected: 1932 Got: 5262
[11:52:44] [Render thread/WARN] [ne.mi.re.ForgeRegistry/REGISTRIES]: Registry minecraft:block: Object did not get ID it asked for. Name: ic2:white_wall Expected: 1933 Got: 5263
[11:52:44] [Render thread/WARN] [ne.mi.re.ForgeRegistry/REGISTRIES]: Registry minecraft:block: Object did not get ID it asked for. Name: ic2:orange_wall Expected: 1934 Got: 5264
[11:52:44] [Render thread/WARN] [ne.mi.re.ForgeRegistry/REGISTRIES]: Registry minecraft:block: Object did not get ID it asked for. Name: ic2:magenta_wall Expected: 1935 Got: 5265
[11:52:44] [Render thread/WARN] [ne.mi.re.ForgeRegistry/REGISTRIES]: Registry minecraft:block: Object did not get ID it asked for. Name: ic2:light_blue_wall Expected: 1936 Got: 5266
[11:52:44] [Render thread/WARN] [ne.mi.re.ForgeRegistry/REGISTRIES]: Registry minecraft:block: Object did not get ID it asked for. Name: ic2:yellow_wall Expected: 1937 Got: 5267
[11:52:44] [Render thread/WARN] [ne.mi.re.ForgeRegistry/REGISTRIES]: Registry minecraft:block: Object did not get ID it asked for. Name: ic2:lime_wall Expected: 1938 Got: 5268
[11:52:44] [Render thread/WARN] [ne.mi.re.ForgeRegistry/REGISTRIES]: Registry minecraft:block: Object did not get ID it asked for. Name: ic2:pink_wall Expected: 1939 Got: 5269
[11:52:44] [Render thread/WARN] [ne.mi.re.ForgeRegistry/REGISTRIES]: Registry minecraft:block: Object did not get ID it asked for. Name: ic2:gray_wall Expected: 1940 Got: 5270
[11:52:44] [Render thread/WARN] [ne.mi.re.ForgeRegistry/REGISTRIES]: Registry minecraft:block: Object did not get ID it asked for. Name: ic2:light_gray_wall Expected: 1941 Got: 5271
[11:52:44] [Render thread/WARN] [ne.mi.re.ForgeRegistry/REGISTRIES]: Registry minecraft:block: Object did not get ID it asked for. Name: ic2:cyan_wall Expected: 1942 Got: 5272
[11:52:44] [Render thread/WARN] [ne.mi.re.ForgeRegistry/REGISTRIES]: Registry minecraft:block: Object did not get ID it asked for. Name: ic2:purple_wall Expected: 1943 Got: 5273
[11:52:44] [Render thread/WARN] [ne.mi.re.ForgeRegistry/REGISTRIES]: Registry minecraft:block: Object did not get ID it asked for. Name: ic2:blue_wall Expected: 1944 Got: 5274
[11:52:44] [Render thread/WARN] [ne.mi.re.ForgeRegistry/REGISTRIES]: Registry minecraft:block: Object did not get ID it asked for. Name: ic2:brown_wall Expected: 1945 Got: 5275
[11:52:44] [Render thread/WARN] [ne.mi.re.ForgeRegistry/REGISTRIES]: Registry minecraft:block: Object did not get ID it asked for. Name: ic2:green_wall Expected: 1946 Got: 5276
[11:52:44] [Render thread/WARN] [ne.mi.re.ForgeRegistry/REGISTRIES]: Registry minecraft:block: Object did not get ID it asked for. Name: ic2:red_wall Expected: 1947 Got: 5277
[11:52:44] [Render thread/WARN] [ne.mi.re.ForgeRegistry/REGISTRIES]: Registry minecraft:block: Object did not get ID it asked for. Name: ic2:black_wall Expected: 1948 Got: 5278
[11:52:44] [Render thread/WARN] [ne.mi.re.ForgeRegistry/REGISTRIES]: Registry minecraft:block: Object did not get ID it asked for. Name: ic2:obscured_wall Expected: 1949 Got: 5279
[11:52:44] [Render thread/WARN] [ne.mi.re.ForgeRegistry/REGISTRIES]: Registry minecraft:block: Object did not get ID it asked for. Name: ic2:mining_pipe Expected: 1950 Got: 5280
[11:52:44] [Render thread/WARN] [ne.mi.re.ForgeRegistry/REGISTRIES]: Registry minecraft:block: Object did not get ID it asked for. Name: ic2:mining_pipe_tip Expected: 1951 Got: 5281
[11:52:44] [Render thread/WARN] [ne.mi.re.ForgeRegistry/REGISTRIES]: Registry minecraft:block: Object did not get ID it asked for. Name: ic2:classic_nuke Expected: 1955 Got: 5282
[11:52:44] [Render thread/WARN] [ne.mi.re.ForgeRegistry/REGISTRIES]: Registry minecraft:block: Object did not get ID it asked for. Name: ic2:geo_generator Expected: 1957 Got: 5283
[11:52:44] [Render thread/WARN] [ne.mi.re.ForgeRegistry/REGISTRIES]: Registry minecraft:block: Object did not get ID it asked for. Name: ic2:kinetic_generator Expected: 1958 Got: 5284
[11:52:44] [Render thread/WARN] [ne.mi.re.ForgeRegistry/REGISTRIES]: Registry minecraft:block: Object did not get ID it asked for. Name: ic2:rt_generator Expected: 1959 Got: 5285
[11:52:44] [Render thread/WARN] [ne.mi.re.ForgeRegistry/REGISTRIES]: Registry minecraft:block: Object did not get ID it asked for. Name: ic2:semifluid_generator Expected: 1960 Got: 5286
[11:52:44] [Render thread/WARN] [ne.mi.re.ForgeRegistry/REGISTRIES]: Registry minecraft:block: Object did not get ID it asked for. Name: ic2:solar_generator Expected: 1961 Got: 5287
[11:52:44] [Render thread/WARN] [ne.mi.re.ForgeRegistry/REGISTRIES]: Registry minecraft:block: Object did not get ID it asked for. Name: ic2:stirling_generator Expected: 1962 Got: 5288
[11:52:44] [Render thread/WARN] [ne.mi.re.ForgeRegistry/REGISTRIES]: Registry minecraft:block: Object did not get ID it asked for. Name: ic2:water_generator Expected: 1963 Got: 5289
[11:52:44] [Render thread/WARN] [ne.mi.re.ForgeRegistry/REGISTRIES]: Registry minecraft:block: Object did not get ID it asked for. Name: ic2:wind_generator Expected: 1964 Got: 5290
[11:52:44] [Render thread/WARN] [ne.mi.re.ForgeRegistry/REGISTRIES]: Registry minecraft:block: Object did not get ID it asked for. Name: ic2:electric_heat_generator Expected: 1965 Got: 5291
[11:52:44] [Render thread/WARN] [ne.mi.re.ForgeRegistry/REGISTRIES]: Registry minecraft:block: Object did not get ID it asked for. Name: ic2:fluid_heat_generator Expected: 1966 Got: 5292
[11:52:44] [Render thread/WARN] [ne.mi.re.ForgeRegistry/REGISTRIES]: Registry minecraft:block: Object did not get ID it asked for. Name: ic2:rt_heat_generator Expected: 1967 Got: 5293
[11:52:44] [Render thread/WARN] [ne.mi.re.ForgeRegistry/REGISTRIES]: Registry minecraft:block: Object did not get ID it asked for. Name: ic2:solid_heat_generator Expected: 1968 Got: 5294
[11:52:44] [Render thread/WARN] [ne.mi.re.ForgeRegistry/REGISTRIES]: Registry minecraft:block: Object did not get ID it asked for. Name: ic2:electric_kinetic_generator Expected: 1969 Got: 5295
[11:52:44] [Render thread/WARN] [ne.mi.re.ForgeRegistry/REGISTRIES]: Registry minecraft:block: Object did not get ID it asked for. Name: ic2:manual_kinetic_generator Expected: 1970 Got: 5296
[11:52:44] [Render thread/WARN] [ne.mi.re.ForgeRegistry/REGISTRIES]: Registry minecraft:block: Object did not get ID it asked for. Name: ic2:steam_kinetic_generator Expected: 1971 Got: 5297
[11:52:44] [Render thread/WARN] [ne.mi.re.ForgeRegistry/REGISTRIES]: Registry minecraft:block: Object did not get ID it asked for. Name: ic2:stirling_kinetic_generator Expected: 1972 Got: 5298
[11:52:44] [Render thread/WARN] [ne.mi.re.ForgeRegistry/REGISTRIES]: Registry minecraft:block: Object did not get ID it asked for. Name: ic2:water_kinetic_generator Expected: 1973 Got: 5299
[11:52:44] [Render thread/WARN] [ne.mi.re.ForgeRegistry/REGISTRIES]: Registry minecraft:block: Object did not get ID it asked for. Name: ic2:wind_kinetic_generator Expected: 1974 Got: 5300
[11:52:44] [Render thread/WARN] [ne.mi.re.ForgeRegistry/REGISTRIES]: Registry minecraft:block: Object did not get ID it asked for. Name: ic2:reactor_access_hatch Expected: 1976 Got: 5301
[11:52:44] [Render thread/WARN] [ne.mi.re.ForgeRegistry/REGISTRIES]: Registry minecraft:block: Object did not get ID it asked for. Name: ic2:reactor_fluid_port Expected: 1978 Got: 5302
[11:52:44] [Render thread/WARN] [ne.mi.re.ForgeRegistry/REGISTRIES]: Registry minecraft:block: Object did not get ID it asked for. Name: ic2:reactor_redstone_port Expected: 1979 Got: 5303
[11:52:44] [Render thread/WARN] [ne.mi.re.ForgeRegistry/REGISTRIES]: Registry minecraft:block: Object did not get ID it asked for. Name: ic2:condenser Expected: 1980 Got: 5304
[11:52:44] [Render thread/WARN] [ne.mi.re.ForgeRegistry/REGISTRIES]: Registry minecraft:block: Object did not get ID it asked for. Name: ic2:fluid_bottler Expected: 1981 Got: 5305
[11:52:44] [Render thread/WARN] [ne.mi.re.ForgeRegistry/REGISTRIES]: Registry minecraft:block: Object did not get ID it asked for. Name: ic2:fluid_distributor Expected: 1982 Got: 5306
[11:52:44] [Render thread/WARN] [ne.mi.re.ForgeRegistry/REGISTRIES]: Registry minecraft:block: Object did not get ID it asked for. Name: ic2:fluid_regulator Expected: 1983 Got: 5307
[11:52:44] [Render thread/WARN] [ne.mi.re.ForgeRegistry/REGISTRIES]: Registry minecraft:block: Object did not get ID it asked for. Name: ic2:liquid_heat_exchanger Expected: 1984 Got: 5308
[11:52:44] [Render thread/WARN] [ne.mi.re.ForgeRegistry/REGISTRIES]: Registry minecraft:block: Object did not get ID it asked for. Name: ic2:solar_distiller Expected: 1986 Got: 5309
[11:52:44] [Render thread/WARN] [ne.mi.re.ForgeRegistry/REGISTRIES]: Registry minecraft:block: Object did not get ID it asked for. Name: ic2:steam_generator Expected: 1987 Got: 5310
[11:52:44] [Render thread/WARN] [ne.mi.re.ForgeRegistry/REGISTRIES]: Registry minecraft:block: Object did not get ID it asked for. Name: ic2:item_buffer Expected: 1988 Got: 5311
[11:52:44] [Render thread/WARN] [ne.mi.re.ForgeRegistry/REGISTRIES]: Registry minecraft:block: Object did not get ID it asked for. Name: ic2:sorting_machine Expected: 1990 Got: 5312
[11:52:44] [Render thread/WARN] [ne.mi.re.ForgeRegistry/REGISTRIES]: Registry minecraft:block: Object did not get ID it asked for. Name: ic2:classic_canner Expected: 1995 Got: 5313
[11:52:44] [Render thread/WARN] [ne.mi.re.ForgeRegistry/REGISTRIES]: Registry minecraft:block: Object did not get ID it asked for. Name: ic2:solid_canner Expected: 2002 Got: 5314
[11:52:44] [Render thread/WARN] [ne.mi.re.ForgeRegistry/REGISTRIES]: Registry minecraft:block: Object did not get ID it asked for. Name: ic2:blast_furnace Expected: 2003 Got: 5315
[11:52:44] [Render thread/WARN] [ne.mi.re.ForgeRegistry/REGISTRIES]: Registry minecraft:block: Object did not get ID it asked for. Name: ic2:block_cutter Expected: 2004 Got: 5316
[11:52:44] [Render thread/WARN] [ne.mi.re.ForgeRegistry/REGISTRIES]: Registry minecraft:block: Object did not get ID it asked for. Name: ic2:centrifuge Expected: 2005 Got: 5317
[11:52:44] [Render thread/WARN] [ne.mi.re.ForgeRegistry/REGISTRIES]: Registry minecraft:block: Object did not get ID it asked for. Name: ic2:fermenter Expected: 2006 Got: 5318
[11:52:44] [Render thread/WARN] [ne.mi.re.ForgeRegistry/REGISTRIES]: Registry minecraft:block: Object did not get ID it asked for. Name: ic2:metal_former Expected: 2008 Got: 5319
[11:52:44] [Render thread/WARN] [ne.mi.re.ForgeRegistry/REGISTRIES]: Registry minecraft:block: Object did not get ID it asked for. Name: ic2:ore_washing_plant Expected: 2009 Got: 5320
[11:52:44] [Render thread/WARN] [ne.mi.re.ForgeRegistry/REGISTRIES]: Registry minecraft:block: Object did not get ID it asked for. Name: ic2:advanced_miner Expected: 2010 Got: 5321
[11:52:44] [Render thread/WARN] [ne.mi.re.ForgeRegistry/REGISTRIES]: Registry minecraft:block: Object did not get ID it asked for. Name: ic2:classic_cropmatron Expected: 2013 Got: 5322
[11:52:44] [Render thread/WARN] [ne.mi.re.ForgeRegistry/REGISTRIES]: Registry minecraft:block: Object did not get ID it asked for. Name: ic2:classic_mass_fabricator Expected: 2016 Got: 5323
[11:52:44] [Render thread/WARN] [ne.mi.re.ForgeRegistry/REGISTRIES]: Registry minecraft:block: Object did not get ID it asked for. Name: ic2:uu_assembly_bench Expected: 2017 Got: 5324
[11:52:44] [Render thread/WARN] [ne.mi.re.ForgeRegistry/REGISTRIES]: Registry minecraft:block: Object did not get ID it asked for. Name: ic2:matter_generator Expected: 2018 Got: 5325
[11:52:44] [Render thread/WARN] [ne.mi.re.ForgeRegistry/REGISTRIES]: Registry minecraft:block: Object did not get ID it asked for. Name: ic2:pattern_storage Expected: 2019 Got: 5326
[11:52:44] [Render thread/WARN] [ne.mi.re.ForgeRegistry/REGISTRIES]: Registry minecraft:block: Object did not get ID it asked for. Name: ic2:replicator Expected: 2020 Got: 5327
[11:52:44] [Render thread/WARN] [ne.mi.re.ForgeRegistry/REGISTRIES]: Registry minecraft:block: Object did not get ID it asked for. Name: ic2:uu_scanner Expected: 2021 Got: 5328
[11:52:44] [Render thread/WARN] [ne.mi.re.ForgeRegistry/REGISTRIES]: Registry minecraft:block: Object did not get ID it asked for. Name: ic2:copper_foam_cable Expected: 2025 Got: 5329
[11:52:44] [Render thread/WARN] [ne.mi.re.ForgeRegistry/REGISTRIES]: Registry minecraft:block: Object did not get ID it asked for. Name: ic2:insulated_copper_foam_cable Expected: 2027 Got: 5330
[11:52:44] [Render thread/WARN] [ne.mi.re.ForgeRegistry/REGISTRIES]: Registry minecraft:block: Object did not get ID it asked for. Name: ic2:insulated_copper_cable Expected: 2028 Got: 5331
[11:52:44] [Render thread/WARN] [ne.mi.re.ForgeRegistry/REGISTRIES]: Registry minecraft:block: Object did not get ID it asked for. Name: ic2:glass_fibre_foam_cable Expected: 2029 Got: 5332
[11:52:44] [Render thread/WARN] [ne.mi.re.ForgeRegistry/REGISTRIES]: Registry minecraft:block: Object did not get ID it asked for. Name: ic2:glass_fibre_cable Expected: 2030 Got: 5333
[11:52:44] [Render thread/WARN] [ne.mi.re.ForgeRegistry/REGISTRIES]: Registry minecraft:block: Object did not get ID it asked for. Name: ic2:gold_foam_cable Expected: 2031 Got: 5334
[11:52:44] [Render thread/WARN] [ne.mi.re.ForgeRegistry/REGISTRIES]: Registry minecraft:block: Object did not get ID it asked for. Name: ic2:insulated_gold_foam_cable Expected: 2033 Got: 5335
[11:52:44] [Render thread/WARN] [ne.mi.re.ForgeRegistry/REGISTRIES]: Registry minecraft:block: Object did not get ID it asked for. Name: ic2:insulated_gold_cable Expected: 2034 Got: 5336
[11:52:44] [Render thread/WARN] [ne.mi.re.ForgeRegistry/REGISTRIES]: Registry minecraft:block: Object did not get ID it asked for. Name: ic2:double_insulated_gold_foam_cable Expected: 2035 Got: 5337
[11:52:44] [Render thread/WARN] [ne.mi.re.ForgeRegistry/REGISTRIES]: Registry minecraft:block: Object did not get ID it asked for. Name: ic2:double_insulated_gold_cable Expected: 2036 Got: 5338
[11:52:44] [Render thread/WARN] [ne.mi.re.ForgeRegistry/REGISTRIES]: Registry minecraft:block: Object did not get ID it asked for. Name: ic2:iron_foam_cable Expected: 2037 Got: 5339
[11:52:44] [Render thread/WARN] [ne.mi.re.ForgeRegistry/REGISTRIES]: Registry minecraft:block: Object did not get ID it asked for. Name: ic2:insulated_iron_foam_cable Expected: 2039 Got: 5340
[11:52:44] [Render thread/WARN] [ne.mi.re.ForgeRegistry/REGISTRIES]: Registry minecraft:block: Object did not get ID it asked for. Name: ic2:insulated_iron_cable Expected: 2040 Got: 5341
[11:52:44] [Render thread/WARN] [ne.mi.re.ForgeRegistry/REGISTRIES]: Registry minecraft:block: Object did not get ID it asked for. Name: ic2:double_insulated_iron_foam_cable Expected: 2041 Got: 5342
[11:52:44] [Render thread/WARN] [ne.mi.re.ForgeRegistry/REGISTRIES]: Registry minecraft:block: Object did not get ID it asked for. Name: ic2:double_insulated_iron_cable Expected: 2042 Got: 5343
[11:52:44] [Render thread/WARN] [ne.mi.re.ForgeRegistry/REGISTRIES]: Registry minecraft:block: Object did not get ID it asked for. Name: ic2:triple_insulated_iron_foam_cable Expected: 2043 Got: 5344
[11:52:44] [Render thread/WARN] [ne.mi.re.ForgeRegistry/REGISTRIES]: Registry minecraft:block: Object did not get ID it asked for. Name: ic2:triple_insulated_iron_cable Expected: 2044 Got: 5345
[11:52:44] [Render thread/WARN] [ne.mi.re.ForgeRegistry/REGISTRIES]: Registry minecraft:block: Object did not get ID it asked for. Name: ic2:tin_foam_cable Expected: 2045 Got: 5346
[11:52:44] [Render thread/WARN] [ne.mi.re.ForgeRegistry/REGISTRIES]: Registry minecraft:block: Object did not get ID it asked for. Name: ic2:insulated_tin_foam_cable Expected: 2047 Got: 5347
[11:52:44] [Render thread/WARN] [ne.mi.re.ForgeRegistry/REGISTRIES]: Registry minecraft:block: Object did not get ID it asked for. Name: ic2:insulated_tin_cable Expected: 2048 Got: 5348
[11:52:44] [Render thread/WARN] [ne.mi.re.ForgeRegistry/REGISTRIES]: Registry minecraft:block: Object did not get ID it asked for. Name: ic2:detector_foam_cable Expected: 2049 Got: 5349
[11:52:44] [Render thread/WARN] [ne.mi.re.ForgeRegistry/REGISTRIES]: Registry minecraft:block: Object did not get ID it asked for. Name: ic2:splitter_foam_cable Expected: 2051 Got: 5350
[11:52:44] [Render thread/WARN] [ne.mi.re.ForgeRegistry/REGISTRIES]: Registry minecraft:block: Object did not get ID it asked for. Name: ic2:batbox_chargepad Expected: 2053 Got: 5351
[11:52:44] [Render thread/WARN] [ne.mi.re.ForgeRegistry/REGISTRIES]: Registry minecraft:block: Object did not get ID it asked for. Name: ic2:cesu_chargepad Expected: 2054 Got: 5352
[11:52:44] [Render thread/WARN] [ne.mi.re.ForgeRegistry/REGISTRIES]: Registry minecraft:block: Object did not get ID it asked for. Name: ic2:mfe_chargepad Expected: 2055 Got: 5353
[11:52:44] [Render thread/WARN] [ne.mi.re.ForgeRegistry/REGISTRIES]: Registry minecraft:block: Object did not get ID it asked for. Name: ic2:mfsu_chargepad Expected: 2056 Got: 5354
[11:52:44] [Render thread/WARN] [ne.mi.re.ForgeRegistry/REGISTRIES]: Registry minecraft:block: Object did not get ID it asked for. Name: ic2:cesu Expected: 2058 Got: 5355
[11:52:44] [Render thread/WARN] [ne.mi.re.ForgeRegistry/REGISTRIES]: Registry minecraft:block: Object did not get ID it asked for. Name: ic2:classic_mfe Expected: 2060 Got: 5356
[11:52:44] [Render thread/WARN] [ne.mi.re.ForgeRegistry/REGISTRIES]: Registry minecraft:block: Object did not get ID it asked for. Name: ic2:classic_mfsu Expected: 2062 Got: 5357
[11:52:44] [Render thread/WARN] [ne.mi.re.ForgeRegistry/REGISTRIES]: Registry minecraft:block: Object did not get ID it asked for. Name: ic2:classic_electrolyzer Expected: 2064 Got: 5358
[11:52:44] [Render thread/WARN] [ne.mi.re.ForgeRegistry/REGISTRIES]: Registry minecraft:block: Object did not get ID it asked for. Name: ic2:lv_transformer Expected: 2065 Got: 5359
[11:52:44] [Render thread/WARN] [ne.mi.re.ForgeRegistry/REGISTRIES]: Registry minecraft:block: Object did not get ID it asked for. Name: ic2:mv_transformer Expected: 2066 Got: 5360
[11:52:44] [Render thread/WARN] [ne.mi.re.ForgeRegistry/REGISTRIES]: Registry minecraft:block: Object did not get ID it asked for. Name: ic2:hv_transformer Expected: 2067 Got: 5361
[11:52:44] [Render thread/WARN] [ne.mi.re.ForgeRegistry/REGISTRIES]: Registry minecraft:block: Object did not get ID it asked for. Name: ic2:ev_transformer Expected: 2068 Got: 5362
[11:52:44] [Render thread/WARN] [ne.mi.re.ForgeRegistry/REGISTRIES]: Registry minecraft:block: Object did not get ID it asked for. Name: ic2:chunk_loader Expected: 2070 Got: 5363
[11:52:44] [Render thread/WARN] [ne.mi.re.ForgeRegistry/REGISTRIES]: Registry minecraft:block: Object did not get ID it asked for. Name: ic2:creative_generator Expected: 2071 Got: 5364
[11:52:44] [Render thread/WARN] [ne.mi.re.ForgeRegistry/REGISTRIES]: Registry minecraft:block: Object did not get ID it asked for. Name: ic2:steam_repressurizer Expected: 2072 Got: 5365
[11:52:44] [Render thread/WARN] [ne.mi.re.ForgeRegistry/REGISTRIES]: Registry minecraft:block: Object did not get ID it asked for. Name: ic2:weighted_fluid_distributor Expected: 2073 Got: 5366
[11:52:44] [Render thread/WARN] [ne.mi.re.ForgeRegistry/REGISTRIES]: Registry minecraft:block: Object did not get ID it asked for. Name: ic2:weighted_item_distributor Expected: 2074 Got: 5367
[11:52:44] [Render thread/WARN] [ne.mi.re.ForgeRegistry/REGISTRIES]: Registry minecraft:block: Object did not get ID it asked for. Name: ic2:rci_rsh Expected: 2075 Got: 5368
[11:52:44] [Render thread/WARN] [ne.mi.re.ForgeRegistry/REGISTRIES]: Registry minecraft:block: Object did not get ID it asked for. Name: ic2:rci_lzh Expected: 2076 Got: 5369
[11:52:44] [Render thread/WARN] [ne.mi.re.ForgeRegistry/REGISTRIES]: Registry minecraft:block: Object did not get ID it asked for. Name: ic2:crop_stick Expected: 2077 Got: 5370
[11:52:44] [Render thread/WARN] [ne.mi.re.ForgeRegistry/REGISTRIES]: Registry minecraft:block: Object did not get ID it asked for. Name: ic2:weed_crop Expected: 2078 Got: 5371
[11:52:44] [Render thread/WARN] [ne.mi.re.ForgeRegistry/REGISTRIES]: Registry minecraft:block: Object did not get ID it asked for. Name: ic2:wheat_crop Expected: 2079 Got: 5372
[11:52:44] [Render thread/WARN] [ne.mi.re.ForgeRegistry/REGISTRIES]: Registry minecraft:block: Object did not get ID it asked for. Name: ic2:carrots_crop Expected: 2080 Got: 5373
[11:52:44] [Render thread/WARN] [ne.mi.re.ForgeRegistry/REGISTRIES]: Registry minecraft:block: Object did not get ID it asked for. Name: ic2:potato_crop Expected: 2081 Got: 5374
[11:52:44] [Render thread/WARN] [ne.mi.re.ForgeRegistry/REGISTRIES]: Registry minecraft:block: Object did not get ID it asked for. Name: ic2:beetroots_crop Expected: 2082 Got: 5375
[11:52:44] [Render thread/WARN] [ne.mi.re.ForgeRegistry/REGISTRIES]: Registry minecraft:block: Object did not get ID it asked for. Name: ic2:pumpkin_crop Expected: 2083 Got: 5376
[11:52:44] [Render thread/WARN] [ne.mi.re.ForgeRegistry/REGISTRIES]: Registry minecraft:block: Object did not get ID it asked for. Name: ic2:melon_crop Expected: 2084 Got: 5377
[11:52:44] [Render thread/WARN] [ne.mi.re.ForgeRegistry/REGISTRIES]: Registry minecraft:block: Object did not get ID it asked for. Name: ic2:dandelion_crop Expected: 2085 Got: 5378
[11:52:44] [Render thread/WARN] [ne.mi.re.ForgeRegistry/REGISTRIES]: Registry minecraft:block: Object did not get ID it asked for. Name: ic2:poppy_crop Expected: 2086 Got: 5379
[11:52:44] [Render thread/WARN] [ne.mi.re.ForgeRegistry/REGISTRIES]: Registry minecraft:block: Object did not get ID it asked for. Name: ic2:blackthorn_crop Expected: 2087 Got: 5380
[11:52:44] [Render thread/WARN] [ne.mi.re.ForgeRegistry/REGISTRIES]: Registry minecraft:block: Object did not get ID it asked for. Name: ic2:tulip_crop Expected: 2088 Got: 5381
[11:52:44] [Render thread/WARN] [ne.mi.re.ForgeRegistry/REGISTRIES]: Registry minecraft:block: Object did not get ID it asked for. Name: ic2:cyazint_crop Expected: 2089 Got: 5382
[11:52:44] [Render thread/WARN] [ne.mi.re.ForgeRegistry/REGISTRIES]: Registry minecraft:block: Object did not get ID it asked for. Name: ic2:venomilia_crop Expected: 2090 Got: 5383
[11:52:44] [Render thread/WARN] [ne.mi.re.ForgeRegistry/REGISTRIES]: Registry minecraft:block: Object did not get ID it asked for. Name: ic2:reed_crop Expected: 2091 Got: 5384
[11:52:44] [Render thread/WARN] [ne.mi.re.ForgeRegistry/REGISTRIES]: Registry minecraft:block: Object did not get ID it asked for. Name: ic2:sticky_reed_crop Expected: 2092 Got: 5385
[11:52:44] [Render thread/WARN] [ne.mi.re.ForgeRegistry/REGISTRIES]: Registry minecraft:block: Object did not get ID it asked for. Name: ic2:cocoa_crop Expected: 2093 Got: 5386
[11:52:44] [Render thread/WARN] [ne.mi.re.ForgeRegistry/REGISTRIES]: Registry minecraft:block: Object did not get ID it asked for. Name: ic2:flax_crop Expected: 2094 Got: 5387
[11:52:44] [Render thread/WARN] [ne.mi.re.ForgeRegistry/REGISTRIES]: Registry minecraft:block: Object did not get ID it asked for. Name: ic2:red_mushroom_crop Expected: 2095 Got: 5388
[11:52:44] [Render thread/WARN] [ne.mi.re.ForgeRegistry/REGISTRIES]: Registry minecraft:block: Object did not get ID it asked for. Name: ic2:brown_mushroom_crop Expected: 2096 Got: 5389
[11:52:44] [Render thread/WARN] [ne.mi.re.ForgeRegistry/REGISTRIES]: Registry minecraft:block: Object did not get ID it asked for. Name: ic2:nether_wart_crop Expected: 2097 Got: 5390
[11:52:44] [Render thread/WARN] [ne.mi.re.ForgeRegistry/REGISTRIES]: Registry minecraft:block: Object did not get ID it asked for. Name: ic2:terra_wart_crop Expected: 2098 Got: 5391
[11:52:44] [Render thread/WARN] [ne.mi.re.ForgeRegistry/REGISTRIES]: Registry minecraft:block: Object did not get ID it asked for. Name: ic2:oak_sapling_crop Expected: 2099 Got: 5392
[11:52:44] [Render thread/WARN] [ne.mi.re.ForgeRegistry/REGISTRIES]: Registry minecraft:block: Object did not get ID it asked for. Name: ic2:spruce_sapling_crop Expected: 2100 Got: 5393
[11:52:44] [Render thread/WARN] [ne.mi.re.ForgeRegistry/REGISTRIES]: Registry minecraft:block: Object did not get ID it asked for. Name: ic2:birch_sapling_crop Expected: 2101 Got: 5394
[11:52:44] [Render thread/WARN] [ne.mi.re.ForgeRegistry/REGISTRIES]: Registry minecraft:block: Object did not get ID it asked for. Name: ic2:jungle_sapling_crop Expected: 2102 Got: 5395
[11:52:44] [Render thread/WARN] [ne.mi.re.ForgeRegistry/REGISTRIES]: Registry minecraft:block: Object did not get ID it asked for. Name: ic2:acacia_sapling_crop Expected: 2103 Got: 5396
[11:52:44] [Render thread/WARN] [ne.mi.re.ForgeRegistry/REGISTRIES]: Registry minecraft:block: Object did not get ID it asked for. Name: ic2:dark_oak_sapling_crop Expected: 2104 Got: 5397
[11:52:44] [Render thread/WARN] [ne.mi.re.ForgeRegistry/REGISTRIES]: Registry minecraft:block: Object did not get ID it asked for. Name: ic2:ferru_crop Expected: 2105 Got: 5398
[11:52:44] [Render thread/WARN] [ne.mi.re.ForgeRegistry/REGISTRIES]: Registry minecraft:block: Object did not get ID it asked for. Name: ic2:cyprium_crop Expected: 2106 Got: 5399
[11:52:44] [Render thread/WARN] [ne.mi.re.ForgeRegistry/REGISTRIES]: Registry minecraft:block: Object did not get ID it asked for. Name: ic2:stagnium_crop Expected: 2107 Got: 5400
[11:52:44] [Render thread/WARN] [ne.mi.re.ForgeRegistry/REGISTRIES]: Registry minecraft:block: Object did not get ID it asked for. Name: ic2:plumbiscus_crop Expected: 2108 Got: 5401
[11:52:44] [Render thread/WARN] [ne.mi.re.ForgeRegistry/REGISTRIES]: Registry minecraft:block: Object did not get ID it asked for. Name: ic2:aurelia_crop Expected: 2109 Got: 5402
[11:52:44] [Render thread/WARN] [ne.mi.re.ForgeRegistry/REGISTRIES]: Registry minecraft:block: Object did not get ID it asked for. Name: ic2:shining_crop Expected: 2110 Got: 5403
[11:52:44] [Render thread/WARN] [ne.mi.re.ForgeRegistry/REGISTRIES]: Registry minecraft:block: Object did not get ID it asked for. Name: ic2:red_wheat_crop Expected: 2111 Got: 5404
[11:52:44] [Render thread/WARN] [ne.mi.re.ForgeRegistry/REGISTRIES]: Registry minecraft:block: Object did not get ID it asked for. Name: ic2:coffee_crop Expected: 2112 Got: 5405
[11:52:44] [Render thread/WARN] [ne.mi.re.ForgeRegistry/REGISTRIES]: Registry minecraft:block: Object did not get ID it asked for. Name: ic2:hops_crop Expected: 2113 Got: 5406
[11:52:44] [Render thread/WARN] [ne.mi.re.ForgeRegistry/REGISTRIES]: Registry minecraft:block: Object did not get ID it asked for. Name: ic2:eating_plant_crop Expected: 2114 Got: 5407
[11:52:44] [Render thread/WARN] [ne.mi.re.ForgeRegistry/REGISTRIES]: Registry minecraft:block: Object did not get ID it asked for. Name: ic2:industrial_workbench Expected: 2115 Got: 5408
[11:52:44] [Render thread/WARN] [ne.mi.re.ForgeRegistry/REGISTRIES]: Registry minecraft:block: Object did not get ID it asked for. Name: ic2:batch_crafter Expected: 2116 Got: 5409
[11:52:44] [Render thread/WARN] [ne.mi.re.ForgeRegistry/REGISTRIES]: Registry minecraft:block: Object did not get ID it asked for. Name: ic2:wooden_storage_box Expected: 2117 Got: 5410
[11:52:44] [Render thread/WARN] [ne.mi.re.ForgeRegistry/REGISTRIES]: Registry minecraft:block: Object did not get ID it asked for. Name: ic2:iron_storage_box Expected: 2118 Got: 5411
[11:52:44] [Render thread/WARN] [ne.mi.re.ForgeRegistry/REGISTRIES]: Registry minecraft:block: Object did not get ID it asked for. Name: ic2:bronze_storage_box Expected: 2119 Got: 5412
[11:52:44] [Render thread/WARN] [ne.mi.re.ForgeRegistry/REGISTRIES]: Registry minecraft:block: Object did not get ID it asked for. Name: ic2:steel_storage_box Expected: 2120 Got: 5413
[11:52:44] [Render thread/WARN] [ne.mi.re.ForgeRegistry/REGISTRIES]: Registry minecraft:block: Object did not get ID it asked for. Name: ic2:iridium_storage_box Expected: 2121 Got: 5414
[11:52:44] [Render thread/WARN] [ne.mi.re.ForgeRegistry/REGISTRIES]: Registry minecraft:block: Object did not get ID it asked for. Name: ic2:bronze_tank Expected: 2122 Got: 5415
[11:52:44] [Render thread/WARN] [ne.mi.re.ForgeRegistry/REGISTRIES]: Registry minecraft:block: Object did not get ID it asked for. Name: ic2:iron_tank Expected: 2123 Got: 5416
[11:52:44] [Render thread/WARN] [ne.mi.re.ForgeRegistry/REGISTRIES]: Registry minecraft:block: Object did not get ID it asked for. Name: ic2:steel_tank Expected: 2124 Got: 5417
[11:52:44] [Render thread/WARN] [ne.mi.re.ForgeRegistry/REGISTRIES]: Registry minecraft:block: Object did not get ID it asked for. Name: ic2:iridium_tank Expected: 2125 Got: 5418
[11:52:44] [Render thread/WARN] [ne.mi.re.ForgeRegistry/REGISTRIES]: Registry minecraft:block: Object did not get ID it asked for. Name: ic2:refractory_bricks Expected: 2127 Got: 5419
[11:52:44] [Render thread/WARN] [ne.mi.re.ForgeRegistry/REGISTRIES]: Registry minecraft:block: Object did not get ID it asked for. Name: ic2:coke_kiln Expected: 2128 Got: 5420
[11:52:44] [Render thread/WARN] [ne.mi.re.ForgeRegistry/REGISTRIES]: Registry minecraft:block: Object did not get ID it asked for. Name: ic2:coke_kiln_hatch Expected: 2129 Got: 5421
[11:52:44] [Render thread/WARN] [ne.mi.re.ForgeRegistry/REGISTRIES]: Registry minecraft:block: Object did not get ID it asked for. Name: ic2:coke_kiln_grate Expected: 2130 Got: 5422
[11:52:44] [Render thread/WARN] [ne.mi.re.ForgeRegistry/REGISTRIES]: Registry minecraft:block: Object did not get ID it asked for. Name: ic2:luminator_flat Expected: 2131 Got: 5423
[11:52:44] [Render thread/WARN] [ne.mi.re.ForgeRegistry/REGISTRIES]: Registry minecraft:block: Object did not get ID it asked for. Name: ic2:fluid_pipe Expected: 2133 Got: 5424
[11:52:44] [Render thread/WARN] [ne.mi.re.ForgeRegistry/REGISTRIES]: Registry minecraft:block: Object did not get ID it asked for. Name: ic2:blazereed_crop Expected: 2134 Got: 5425
[11:52:44] [Render thread/WARN] [ne.mi.re.ForgeRegistry/REGISTRIES]: Registry minecraft:block: Object did not get ID it asked for. Name: ic2:bobs_yer_uncle_ranks_berries_crop Expected: 2135 Got: 5426
[11:52:44] [Render thread/WARN] [ne.mi.re.ForgeRegistry/REGISTRIES]: Registry minecraft:block: Object did not get ID it asked for. Name: ic2:corium_crop Expected: 2136 Got: 5427
[11:52:44] [Render thread/WARN] [ne.mi.re.ForgeRegistry/REGISTRIES]: Registry minecraft:block: Object did not get ID it asked for. Name: ic2:corpse_plant_crop Expected: 2137 Got: 5428
[11:52:44] [Render thread/WARN] [ne.mi.re.ForgeRegistry/REGISTRIES]: Registry minecraft:block: Object did not get ID it asked for. Name: ic2:creeper_weed_crop Expected: 2138 Got: 5429
[11:52:44] [Render thread/WARN] [ne.mi.re.ForgeRegistry/REGISTRIES]: Registry minecraft:block: Object did not get ID it asked for. Name: ic2:diareed_crop Expected: 2139 Got: 5430
[11:52:44] [Render thread/WARN] [ne.mi.re.ForgeRegistry/REGISTRIES]: Registry minecraft:block: Object did not get ID it asked for. Name: ic2:egg_plant_crop Expected: 2140 Got: 5431
[11:52:44] [Render thread/WARN] [ne.mi.re.ForgeRegistry/REGISTRIES]: Registry minecraft:block: Object did not get ID it asked for. Name: ic2:ender_blossom_crop Expected: 2141 Got: 5432
[11:52:44] [Render thread/WARN] [ne.mi.re.ForgeRegistry/REGISTRIES]: Registry minecraft:block: Object did not get ID it asked for. Name: ic2:meat_rose_crop Expected: 2142 Got: 5433
[11:52:44] [Render thread/WARN] [ne.mi.re.ForgeRegistry/REGISTRIES]: Registry minecraft:block: Object did not get ID it asked for. Name: ic2:milk_wart_crop Expected: 2143 Got: 5434
[11:52:44] [Render thread/WARN] [ne.mi.re.ForgeRegistry/REGISTRIES]: Registry minecraft:block: Object did not get ID it asked for. Name: ic2:oil_berries_crop Expected: 2144 Got: 5435
[11:52:44] [Render thread/WARN] [ne.mi.re.ForgeRegistry/REGISTRIES]: Registry minecraft:block: Object did not get ID it asked for. Name: ic2:slime_plant_crop Expected: 2145 Got: 5436
[11:52:44] [Render thread/WARN] [ne.mi.re.ForgeRegistry/REGISTRIES]: Registry minecraft:block: Object did not get ID it asked for. Name: ic2:spidernip_crop Expected: 2146 Got: 5437
[11:52:44] [Render thread/WARN] [ne.mi.re.ForgeRegistry/REGISTRIES]: Registry minecraft:block: Object did not get ID it asked for. Name: ic2:tearstalks_crop Expected: 2147 Got: 5438
[11:52:44] [Render thread/WARN] [ne.mi.re.ForgeRegistry/REGISTRIES]: Registry minecraft:block: Object did not get ID it asked for. Name: ic2:withereed_crop Expected: 2148 Got: 5439
[11:52:44] [Render thread/WARN] [ne.mi.re.ForgeRegistry/REGISTRIES]: Registry minecraft:fluid: Object did not get ID it asked for. Name: ic2:uu_matter Expected: 5 Got: 461
[11:52:44] [Render thread/WARN] [ne.mi.re.ForgeRegistry/REGISTRIES]: Registry minecraft:fluid: Object did not get ID it asked for. Name: ic2:flowing_uu_matter Expected: 6 Got: 462
[11:52:44] [Render thread/WARN] [ne.mi.re.ForgeRegistry/REGISTRIES]: Registry minecraft:fluid: Object did not get ID it asked for. Name: ic2:construction_foam Expected: 7 Got: 463
[11:52:44] [Render thread/WARN] [ne.mi.re.ForgeRegistry/REGISTRIES]: Registry minecraft:fluid: Object did not get ID it asked for. Name: ic2:flowing_construction_foam Expected: 8 Got: 464
[11:52:44] [Render thread/WARN] [ne.mi.re.ForgeRegistry/REGISTRIES]: Registry minecraft:fluid: Object did not get ID it asked for. Name: ic2:coolant Expected: 9 Got: 465
[11:52:44] [Render thread/WARN] [ne.mi.re.ForgeRegistry/REGISTRIES]: Registry minecraft:fluid: Object did not get ID it asked for. Name: ic2:flowing_coolant Expected: 10 Got: 466
[11:52:44] [Render thread/WARN] [ne.mi.re.ForgeRegistry/REGISTRIES]: Registry minecraft:fluid: Object did not get ID it asked for. Name: ic2:creosote Expected: 11 Got: 467
[11:52:44] [Render thread/WARN] [ne.mi.re.ForgeRegistry/REGISTRIES]: Registry minecraft:fluid: Object did not get ID it asked for. Name: ic2:flowing_creosote Expected: 12 Got: 468
[11:52:44] [Render thread/WARN] [ne.mi.re.ForgeRegistry/REGISTRIES]: Registry minecraft:fluid: Object did not get ID it asked for. Name: ic2:hot_coolant Expected: 13 Got: 469
[11:52:44] [Render thread/WARN] [ne.mi.re.ForgeRegistry/REGISTRIES]: Registry minecraft:fluid: Object did not get ID it asked for. Name: ic2:flowing_hot_coolant Expected: 14 Got: 470
[11:52:44] [Render thread/WARN] [ne.mi.re.ForgeRegistry/REGISTRIES]: Registry minecraft:fluid: Object did not get ID it asked for. Name: ic2:pahoehoe_lava Expected: 15 Got: 471
[11:52:44] [Render thread/WARN] [ne.mi.re.ForgeRegistry/REGISTRIES]: Registry minecraft:fluid: Object did not get ID it asked for. Name: ic2:biomass Expected: 16 Got: 472
[11:52:44] [Render thread/WARN] [ne.mi.re.ForgeRegistry/REGISTRIES]: Registry minecraft:fluid: Object did not get ID it asked for. Name: ic2:flowing_biomass Expected: 17 Got: 473
[11:52:44] [Render thread/WARN] [ne.mi.re.ForgeRegistry/REGISTRIES]: Registry minecraft:fluid: Object did not get ID it asked for. Name: ic2:biogas Expected: 18 Got: 474
[11:52:44] [Render thread/WARN] [ne.mi.re.ForgeRegistry/REGISTRIES]: Registry minecraft:fluid: Object did not get ID it asked for. Name: ic2:distilled_water Expected: 19 Got: 475
[11:52:44] [Render thread/WARN] [ne.mi.re.ForgeRegistry/REGISTRIES]: Registry minecraft:fluid: Object did not get ID it asked for. Name: ic2:flowing_distilled_water Expected: 20 Got: 476
[11:52:44] [Render thread/WARN] [ne.mi.re.ForgeRegistry/REGISTRIES]: Registry minecraft:fluid: Object did not get ID it asked for. Name: ic2:superheated_steam Expected: 21 Got: 477
[11:52:44] [Render thread/WARN] [ne.mi.re.ForgeRegistry/REGISTRIES]: Registry minecraft:fluid: Object did not get ID it asked for. Name: ic2:hot_water Expected: 23 Got: 478
[11:52:44] [Render thread/WARN] [ne.mi.re.ForgeRegistry/REGISTRIES]: Registry minecraft:fluid: Object did not get ID it asked for. Name: ic2:flowing_hot_water Expected: 24 Got: 479
[11:52:44] [Render thread/WARN] [ne.mi.re.ForgeRegistry/REGISTRIES]: Registry minecraft:fluid: Object did not get ID it asked for. Name: ic2:weed_ex Expected: 25 Got: 480
[11:52:44] [Render thread/WARN] [ne.mi.re.ForgeRegistry/REGISTRIES]: Registry minecraft:fluid: Object did not get ID it asked for. Name: ic2:air Expected: 26 Got: 481
[11:52:44] [Render thread/WARN] [ne.mi.re.ForgeRegistry/REGISTRIES]: Registry minecraft:fluid: Object did not get ID it asked for. Name: ic2:hydrogen Expected: 27 Got: 482
[11:52:44] [Render thread/WARN] [ne.mi.re.ForgeRegistry/REGISTRIES]: Registry minecraft:fluid: Object did not get ID it asked for. Name: ic2:oxygen Expected: 28 Got: 483
[11:52:44] [Render thread/WARN] [ne.mi.re.ForgeRegistry/REGISTRIES]: Registry minecraft:fluid: Object did not get ID it asked for. Name: ic2:heavy_water Expected: 29 Got: 484
[11:52:44] [Render thread/WARN] [ne.mi.re.ForgeRegistry/REGISTRIES]: Registry minecraft:fluid: Object did not get ID it asked for. Name: ic2:flowing_heavy_water Expected: 30 Got: 485
[11:52:44] [Render thread/WARN] [ne.mi.re.ForgeRegistry/REGISTRIES]: Registry minecraft:item: Object did not get ID it asked for. Name: ic2:uu_matter_bucket Expected: 1152 Got: 9479
[11:52:44] [Render thread/WARN] [ne.mi.re.ForgeRegistry/REGISTRIES]: Registry minecraft:item: Object did not get ID it asked for. Name: ic2:construction_foam_bucket Expected: 1153 Got: 9480
[11:52:44] [Render thread/WARN] [ne.mi.re.ForgeRegistry/REGISTRIES]: Registry minecraft:item: Object did not get ID it asked for. Name: ic2:coolant_bucket Expected: 1154 Got: 9481
[11:52:44] [Render thread/WARN] [ne.mi.re.ForgeRegistry/REGISTRIES]: Registry minecraft:item: Object did not get ID it asked for. Name: ic2:creosote_bucket Expected: 1155 Got: 9482
[11:52:44] [Render thread/WARN] [ne.mi.re.ForgeRegistry/REGISTRIES]: Registry minecraft:item: Object did not get ID it asked for. Name: ic2:hot_coolant_bucket Expected: 1156 Got: 9483
[11:52:44] [Render thread/WARN] [ne.mi.re.ForgeRegistry/REGISTRIES]: Registry minecraft:item: Object did not get ID it asked for. Name: ic2:pahoehoe_lava_bucket Expected: 1157 Got: 9484
[11:52:44] [Render thread/WARN] [ne.mi.re.ForgeRegistry/REGISTRIES]: Registry minecraft:item: Object did not get ID it asked for. Name: ic2:biomass_bucket Expected: 1158 Got: 9485
[11:52:44] [Render thread/WARN] [ne.mi.re.ForgeRegistry/REGISTRIES]: Registry minecraft:item: Object did not get ID it asked for. Name: ic2:biogas_bucket Expected: 1159 Got: 9486
[11:52:44] [Render thread/WARN] [ne.mi.re.ForgeRegistry/REGISTRIES]: Registry minecraft:item: Object did not get ID it asked for. Name: ic2:distilled_water_bucket Expected: 1160 Got: 9487
[11:52:44] [Render thread/WARN] [ne.mi.re.ForgeRegistry/REGISTRIES]: Registry minecraft:item: Object did not get ID it asked for. Name: ic2:superheated_steam_bucket Expected: 1161 Got: 9488
[11:52:44] [Render thread/WARN] [ne.mi.re.ForgeRegistry/REGISTRIES]: Registry minecraft:item: Object did not get ID it asked for. Name: ic2:steam_bucket Expected: 1162 Got: 9489
[11:52:44] [Render thread/WARN] [ne.mi.re.ForgeRegistry/REGISTRIES]: Registry minecraft:item: Object did not get ID it asked for. Name: ic2:hot_water_bucket Expected: 1163 Got: 9490
[11:52:44] [Render thread/WARN] [ne.mi.re.ForgeRegistry/REGISTRIES]: Registry minecraft:item: Object did not get ID it asked for. Name: ic2:weed_ex_bucket Expected: 1164 Got: 9491
[11:52:44] [Render thread/WARN] [ne.mi.re.ForgeRegistry/REGISTRIES]: Registry minecraft:item: Object did not get ID it asked for. Name: ic2:air_bucket Expected: 1165 Got: 9492
[11:52:44] [Render thread/WARN] [ne.mi.re.ForgeRegistry/REGISTRIES]: Registry minecraft:item: Object did not get ID it asked for. Name: ic2:hydrogen_bucket Expected: 1166 Got: 9493
[11:52:44] [Render thread/WARN] [ne.mi.re.ForgeRegistry/REGISTRIES]: Registry minecraft:item: Object did not get ID it asked for. Name: ic2:oxygen_bucket Expected: 1167 Got: 9494
[11:52:44] [Render thread/WARN] [ne.mi.re.ForgeRegistry/REGISTRIES]: Registry minecraft:item: Object did not get ID it asked for. Name: ic2:heavy_water_bucket Expected: 1168 Got: 9495
[11:52:44] [Render thread/WARN] [ne.mi.re.ForgeRegistry/REGISTRIES]: Registry minecraft:item: Object did not get ID it asked for. Name: ic2:basalt Expected: 1169 Got: 9496
[11:52:44] [Render thread/WARN] [ne.mi.re.ForgeRegistry/REGISTRIES]: Registry minecraft:item: Object did not get ID it asked for. Name: ic2:lead_ore Expected: 1170 Got: 9497
[11:52:44] [Render thread/WARN] [ne.mi.re.ForgeRegistry/REGISTRIES]: Registry minecraft:item: Object did not get ID it asked for. Name: ic2:deepslate_lead_ore Expected: 1175 Got: 9498
[11:52:44] [Render thread/WARN] [ne.mi.re.ForgeRegistry/REGISTRIES]: Registry minecraft:item: Object did not get ID it asked for. Name: ic2:raw_lead Expected: 1176 Got: 9499
[11:52:44] [Render thread/WARN] [ne.mi.re.ForgeRegistry/REGISTRIES]: Registry minecraft:item: Object did not get ID it asked for. Name: ic2:raw_uranium Expected: 1178 Got: 9500
[11:52:44] [Render thread/WARN] [ne.mi.re.ForgeRegistry/REGISTRIES]: Registry minecraft:item: Object did not get ID it asked for. Name: ic2:raw_lead_block Expected: 1179 Got: 9501
[11:52:44] [Render thread/WARN] [ne.mi.re.ForgeRegistry/REGISTRIES]: Registry minecraft:item: Object did not get ID it asked for. Name: ic2:lead_block Expected: 1183 Got: 9502
[11:52:44] [Render thread/WARN] [ne.mi.re.ForgeRegistry/REGISTRIES]: Registry minecraft:item: Object did not get ID it asked for. Name: ic2:steel_block Expected: 1184 Got: 9503
[11:52:44] [Render thread/WARN] [ne.mi.re.ForgeRegistry/REGISTRIES]: Registry minecraft:item: Object did not get ID it asked for. Name: ic2:machine Expected: 1188 Got: 9504
[11:52:44] [Render thread/WARN] [ne.mi.re.ForgeRegistry/REGISTRIES]: Registry minecraft:item: Object did not get ID it asked for. Name: ic2:advanced_machine Expected: 1189 Got: 9505
[11:52:44] [Render thread/WARN] [ne.mi.re.ForgeRegistry/REGISTRIES]: Registry minecraft:item: Object did not get ID it asked for. Name: ic2:reactor_vessel Expected: 1190 Got: 9506
[11:52:44] [Render thread/WARN] [ne.mi.re.ForgeRegistry/REGISTRIES]: Registry minecraft:item: Object did not get ID it asked for. Name: ic2:rubber_log Expected: 1193 Got: 9507
[11:52:44] [Render thread/WARN] [ne.mi.re.ForgeRegistry/REGISTRIES]: Registry minecraft:item: Object did not get ID it asked for. Name: ic2:stripped_rubber_log Expected: 1194 Got: 9508
[11:52:44] [Render thread/WARN] [ne.mi.re.ForgeRegistry/REGISTRIES]: Registry minecraft:item: Object did not get ID it asked for. Name: ic2:stripped_rubber_wood Expected: 1196 Got: 9509
[11:52:44] [Render thread/WARN] [ne.mi.re.ForgeRegistry/REGISTRIES]: Registry minecraft:item: Object did not get ID it asked for. Name: ic2:mining_pipe Expected: 1198 Got: 9510
[11:52:44] [Render thread/WARN] [ne.mi.re.ForgeRegistry/REGISTRIES]: Registry minecraft:item: Object did not get ID it asked for. Name: ic2:rubber_planks Expected: 1199 Got: 9511
[11:52:44] [Render thread/WARN] [ne.mi.re.ForgeRegistry/REGISTRIES]: Registry minecraft:item: Object did not get ID it asked for. Name: ic2:rubber_button Expected: 1200 Got: 9512
[11:52:44] [Render thread/WARN] [ne.mi.re.ForgeRegistry/REGISTRIES]: Registry minecraft:item: Object did not get ID it asked for. Name: ic2:rubber_door Expected: 1201 Got: 9513
[11:52:44] [Render thread/WARN] [ne.mi.re.ForgeRegistry/REGISTRIES]: Registry minecraft:item: Object did not get ID it asked for. Name: ic2:rubber_fence_gate Expected: 1203 Got: 9514
[11:52:44] [Render thread/WARN] [ne.mi.re.ForgeRegistry/REGISTRIES]: Registry minecraft:item: Object did not get ID it asked for. Name: ic2:rubber_pressure_plate Expected: 1204 Got: 9515
[11:52:44] [Render thread/WARN] [ne.mi.re.ForgeRegistry/REGISTRIES]: Registry minecraft:item: Object did not get ID it asked for. Name: ic2:rubber_sign Expected: 1205 Got: 9516
[11:52:44] [Render thread/WARN] [ne.mi.re.ForgeRegistry/REGISTRIES]: Registry minecraft:item: Object did not get ID it asked for. Name: ic2:rubber_slab Expected: 1206 Got: 9517
[11:52:44] [Render thread/WARN] [ne.mi.re.ForgeRegistry/REGISTRIES]: Registry minecraft:item: Object did not get ID it asked for. Name: ic2:rubber_stairs Expected: 1207 Got: 9518
[11:52:44] [Render thread/WARN] [ne.mi.re.ForgeRegistry/REGISTRIES]: Registry minecraft:item: Object did not get ID it asked for. Name: ic2:wooden_scaffold Expected: 1209 Got: 9519
[11:52:44] [Render thread/WARN] [ne.mi.re.ForgeRegistry/REGISTRIES]: Registry minecraft:item: Object did not get ID it asked for. Name: ic2:reinforced_wooden_scaffold Expected: 1210 Got: 9520
[11:52:44] [Render thread/WARN] [ne.mi.re.ForgeRegistry/REGISTRIES]: Registry minecraft:item: Object did not get ID it asked for. Name: ic2:iron_scaffold Expected: 1211 Got: 9521
[11:52:44] [Render thread/WARN] [ne.mi.re.ForgeRegistry/REGISTRIES]: Registry minecraft:item: Object did not get ID it asked for. Name: ic2:reinforced_iron_scaffold Expected: 1212 Got: 9522
[11:52:44] [Render thread/WARN] [ne.mi.re.ForgeRegistry/REGISTRIES]: Registry minecraft:item: Object did not get ID it asked for. Name: ic2:resin_sheet Expected: 1214 Got: 9523
[11:52:44] [Render thread/WARN] [ne.mi.re.ForgeRegistry/REGISTRIES]: Registry minecraft:item: Object did not get ID it asked for. Name: ic2:wool_sheet Expected: 1216 Got: 9524
[11:52:44] [Render thread/WARN] [ne.mi.re.ForgeRegistry/REGISTRIES]: Registry minecraft:item: Object did not get ID it asked for. Name: ic2:foam Expected: 1218 Got: 9525
[11:52:44] [Render thread/WARN] [ne.mi.re.ForgeRegistry/REGISTRIES]: Registry minecraft:item: Object did not get ID it asked for. Name: ic2:white_wall Expected: 1219 Got: 9526
[11:52:44] [Render thread/WARN] [ne.mi.re.ForgeRegistry/REGISTRIES]: Registry minecraft:item: Object did not get ID it asked for. Name: ic2:orange_wall Expected: 1220 Got: 9527
[11:52:44] [Render thread/WARN] [ne.mi.re.ForgeRegistry/REGISTRIES]: Registry minecraft:item: Object did not get ID it asked for. Name: ic2:magenta_wall Expected: 1221 Got: 9528
[11:52:44] [Render thread/WARN] [ne.mi.re.ForgeRegistry/REGISTRIES]: Registry minecraft:item: Object did not get ID it asked for. Name: ic2:light_blue_wall Expected: 1222 Got: 9529
[11:52:44] [Render thread/WARN] [ne.mi.re.ForgeRegistry/REGISTRIES]: Registry minecraft:item: Object did not get ID it asked for. Name: ic2:yellow_wall Expected: 1223 Got: 9530
[11:52:44] [Render thread/WARN] [ne.mi.re.ForgeRegistry/REGISTRIES]: Registry minecraft:item: Object did not get ID it asked for. Name: ic2:lime_wall Expected: 1224 Got: 9531
[11:52:44] [Render thread/WARN] [ne.mi.re.ForgeRegistry/REGISTRIES]: Registry minecraft:item: Object did not get ID it asked for. Name: ic2:pink_wall Expected: 1225 Got: 9532
[11:52:44] [Render thread/WARN] [ne.mi.re.ForgeRegistry/REGISTRIES]: Registry minecraft:item: Object did not get ID it asked for. Name: ic2:gray_wall Expected: 1226 Got: 9533
[11:52:44] [Render thread/WARN] [ne.mi.re.ForgeRegistry/REGISTRIES]: Registry minecraft:item: Object did not get ID it asked for. Name: ic2:light_gray_wall Expected: 1227 Got: 9534
[11:52:44] [Render thread/WARN] [ne.mi.re.ForgeRegistry/REGISTRIES]: Registry minecraft:item: Object did not get ID it asked for. Name: ic2:cyan_wall Expected: 1228 Got: 9535
[11:52:44] [Render thread/WARN] [ne.mi.re.ForgeRegistry/REGISTRIES]: Registry minecraft:item: Object did not get ID it asked for. Name: ic2:purple_wall Expected: 1229 Got: 9536
[11:52:44] [Render thread/WARN] [ne.mi.re.ForgeRegistry/REGISTRIES]: Registry minecraft:item: Object did not get ID it asked for. Name: ic2:blue_wall Expected: 1230 Got: 9537
[11:52:44] [Render thread/WARN] [ne.mi.re.ForgeRegistry/REGISTRIES]: Registry minecraft:item: Object did not get ID it asked for. Name: ic2:brown_wall Expected: 1231 Got: 9538
[11:52:44] [Render thread/WARN] [ne.mi.re.ForgeRegistry/REGISTRIES]: Registry minecraft:item: Object did not get ID it asked for. Name: ic2:green_wall Expected: 1232 Got: 9539
[11:52:44] [Render thread/WARN] [ne.mi.re.ForgeRegistry/REGISTRIES]: Registry minecraft:item: Object did not get ID it asked for. Name: ic2:red_wall Expected: 1233 Got: 9540
[11:52:44] [Render thread/WARN] [ne.mi.re.ForgeRegistry/REGISTRIES]: Registry minecraft:item: Object did not get ID it asked for. Name: ic2:black_wall Expected: 1234 Got: 9541
[11:52:44] [Render thread/WARN] [ne.mi.re.ForgeRegistry/REGISTRIES]: Registry minecraft:item: Object did not get ID it asked for. Name: ic2:classic_nuke Expected: 1238 Got: 9542
[11:52:44] [Render thread/WARN] [ne.mi.re.ForgeRegistry/REGISTRIES]: Registry minecraft:item: Object did not get ID it asked for. Name: ic2:geo_generator Expected: 1240 Got: 9543
[11:52:44] [Render thread/WARN] [ne.mi.re.ForgeRegistry/REGISTRIES]: Registry minecraft:item: Object did not get ID it asked for. Name: ic2:kinetic_generator Expected: 1241 Got: 9544
[11:52:44] [Render thread/WARN] [ne.mi.re.ForgeRegistry/REGISTRIES]: Registry minecraft:item: Object did not get ID it asked for. Name: ic2:rt_generator Expected: 1242 Got: 9545
[11:52:44] [Render thread/WARN] [ne.mi.re.ForgeRegistry/REGISTRIES]: Registry minecraft:item: Object did not get ID it asked for. Name: ic2:semifluid_generator Expected: 1243 Got: 9546
[11:52:44] [Render thread/WARN] [ne.mi.re.ForgeRegistry/REGISTRIES]: Registry minecraft:item: Object did not get ID it asked for. Name: ic2:solar_generator Expected: 1244 Got: 9547
[11:52:44] [Render thread/WARN] [ne.mi.re.ForgeRegistry/REGISTRIES]: Registry minecraft:item: Object did not get ID it asked for. Name: ic2:stirling_generator Expected: 1245 Got: 9548
[11:52:44] [Render thread/WARN] [ne.mi.re.ForgeRegistry/REGISTRIES]: Registry minecraft:item: Object did not get ID it asked for. Name: ic2:water_generator Expected: 1246 Got: 9549
[11:52:44] [Render thread/WARN] [ne.mi.re.ForgeRegistry/REGISTRIES]: Registry minecraft:item: Object did not get ID it asked for. Name: ic2:wind_generator Expected: 1247 Got: 9550
[11:52:44] [Render thread/WARN] [ne.mi.re.ForgeRegistry/REGISTRIES]: Registry minecraft:item: Object did not get ID it asked for. Name: ic2:electric_heat_generator Expected: 1248 Got: 9551
[11:52:44] [Render thread/WARN] [ne.mi.re.ForgeRegistry/REGISTRIES]: Registry minecraft:item: Object did not get ID it asked for. Name: ic2:fluid_heat_generator Expected: 1249 Got: 9552
[11:52:44] [Render thread/WARN] [ne.mi.re.ForgeRegistry/REGISTRIES]: Registry minecraft:item: Object did not get ID it asked for. Name: ic2:rt_heat_generator Expected: 1250 Got: 9553
[11:52:44] [Render thread/WARN] [ne.mi.re.ForgeRegistry/REGISTRIES]: Registry minecraft:item: Object did not get ID it asked for. Name: ic2:solid_heat_generator Expected: 1251 Got: 9554
[11:52:44] [Render thread/WARN] [ne.mi.re.ForgeRegistry/REGISTRIES]: Registry minecraft:item: Object did not get ID it asked for. Name: ic2:electric_kinetic_generator Expected: 1252 Got: 9555
[11:52:44] [Render thread/WARN] [ne.mi.re.ForgeRegistry/REGISTRIES]: Registry minecraft:item: Object did not get ID it asked for. Name: ic2:manual_kinetic_generator Expected: 1253 Got: 9556
[11:52:44] [Render thread/WARN] [ne.mi.re.ForgeRegistry/REGISTRIES]: Registry minecraft:item: Object did not get ID it asked for. Name: ic2:steam_kinetic_generator Expected: 1254 Got: 9557
[11:52:44] [Render thread/WARN] [ne.mi.re.ForgeRegistry/REGISTRIES]: Registry minecraft:item: Object did not get ID it asked for. Name: ic2:stirling_kinetic_generator Expected: 1255 Got: 9558
[11:52:44] [Render thread/WARN] [ne.mi.re.ForgeRegistry/REGISTRIES]: Registry minecraft:item: Object did not get ID it asked for. Name: ic2:water_kinetic_generator Expected: 1256 Got: 9559
[11:52:44] [Render thread/WARN] [ne.mi.re.ForgeRegistry/REGISTRIES]: Registry minecraft:item: Object did not get ID it asked for. Name: ic2:wind_kinetic_generator Expected: 1257 Got: 9560
[11:52:44] [Render thread/WARN] [ne.mi.re.ForgeRegistry/REGISTRIES]: Registry minecraft:item: Object did not get ID it asked for. Name: ic2:reactor_access_hatch Expected: 1259 Got: 9561
[11:52:44] [Render thread/WARN] [ne.mi.re.ForgeRegistry/REGISTRIES]: Registry minecraft:item: Object did not get ID it asked for. Name: ic2:reactor_fluid_port Expected: 1261 Got: 9562
[11:52:44] [Render thread/WARN] [ne.mi.re.ForgeRegistry/REGISTRIES]: Registry minecraft:item: Object did not get ID it asked for. Name: ic2:reactor_redstone_port Expected: 1262 Got: 9563
[11:52:44] [Render thread/WARN] [ne.mi.re.ForgeRegistry/REGISTRIES]: Registry minecraft:item: Object did not get ID it asked for. Name: ic2:condenser Expected: 1263 Got: 9564
[11:52:44] [Render thread/WARN] [ne.mi.re.ForgeRegistry/REGISTRIES]: Registry minecraft:item: Object did not get ID it asked for. Name: ic2:fluid_bottler Expected: 1264 Got: 9565
[11:52:44] [Render thread/WARN] [ne.mi.re.ForgeRegistry/REGISTRIES]: Registry minecraft:item: Object did not get ID it asked for. Name: ic2:fluid_distributor Expected: 1265 Got: 9566
[11:52:44] [Render thread/WARN] [ne.mi.re.ForgeRegistry/REGISTRIES]: Registry minecraft:item: Object did not get ID it asked for. Name: ic2:fluid_regulator Expected: 1266 Got: 9567
[11:52:44] [Render thread/WARN] [ne.mi.re.ForgeRegistry/REGISTRIES]: Registry minecraft:item: Object did not get ID it asked for. Name: ic2:liquid_heat_exchanger Expected: 1267 Got: 9568
[11:52:44] [Render thread/WARN] [ne.mi.re.ForgeRegistry/REGISTRIES]: Registry minecraft:item: Object did not get ID it asked for. Name: ic2:solar_distiller Expected: 1269 Got: 9569
[11:52:44] [Render thread/WARN] [ne.mi.re.ForgeRegistry/REGISTRIES]: Registry minecraft:item: Object did not get ID it asked for. Name: ic2:steam_generator Expected: 1270 Got: 9570
[11:52:44] [Render thread/WARN] [ne.mi.re.ForgeRegistry/REGISTRIES]: Registry minecraft:item: Object did not get ID it asked for. Name: ic2:item_buffer Expected: 1271 Got: 9571
[11:52:44] [Render thread/WARN] [ne.mi.re.ForgeRegistry/REGISTRIES]: Registry minecraft:item: Object did not get ID it asked for. Name: ic2:sorting_machine Expected: 1273 Got: 9572
[11:52:44] [Render thread/WARN] [ne.mi.re.ForgeRegistry/REGISTRIES]: Registry minecraft:item: Object did not get ID it asked for. Name: ic2:classic_canner Expected: 1278 Got: 9573
[11:52:44] [Render thread/WARN] [ne.mi.re.ForgeRegistry/REGISTRIES]: Registry minecraft:item: Object did not get ID it asked for. Name: ic2:solid_canner Expected: 1285 Got: 9574
[11:52:44] [Render thread/WARN] [ne.mi.re.ForgeRegistry/REGISTRIES]: Registry minecraft:item: Object did not get ID it asked for. Name: ic2:blast_furnace Expected: 1286 Got: 9575
[11:52:44] [Render thread/WARN] [ne.mi.re.ForgeRegistry/REGISTRIES]: Registry minecraft:item: Object did not get ID it asked for. Name: ic2:block_cutter Expected: 1287 Got: 9576
[11:52:44] [Render thread/WARN] [ne.mi.re.ForgeRegistry/REGISTRIES]: Registry minecraft:item: Object did not get ID it asked for. Name: ic2:centrifuge Expected: 1288 Got: 9577
[11:52:44] [Render thread/WARN] [ne.mi.re.ForgeRegistry/REGISTRIES]: Registry minecraft:item: Object did not get ID it asked for. Name: ic2:fermenter Expected: 1289 Got: 9578
[11:52:44] [Render thread/WARN] [ne.mi.re.ForgeRegistry/REGISTRIES]: Registry minecraft:item: Object did not get ID it asked for. Name: ic2:metal_former Expected: 1291 Got: 9579
[11:52:44] [Render thread/WARN] [ne.mi.re.ForgeRegistry/REGISTRIES]: Registry minecraft:item: Object did not get ID it asked for. Name: ic2:ore_washing_plant Expected: 1292 Got: 9580
[11:52:44] [Render thread/WARN] [ne.mi.re.ForgeRegistry/REGISTRIES]: Registry minecraft:item: Object did not get ID it asked for. Name: ic2:advanced_miner Expected: 1293 Got: 9581
[11:52:44] [Render thread/WARN] [ne.mi.re.ForgeRegistry/REGISTRIES]: Registry minecraft:item: Object did not get ID it asked for. Name: ic2:classic_cropmatron Expected: 1296 Got: 9582
[11:52:44] [Render thread/WARN] [ne.mi.re.ForgeRegistry/REGISTRIES]: Registry minecraft:item: Object did not get ID it asked for. Name: ic2:classic_mass_fabricator Expected: 1299 Got: 9583
[11:52:44] [Render thread/WARN] [ne.mi.re.ForgeRegistry/REGISTRIES]: Registry minecraft:item: Object did not get ID it asked for. Name: ic2:uu_assembly_bench Expected: 1300 Got: 9584
[11:52:44] [Render thread/WARN] [ne.mi.re.ForgeRegistry/REGISTRIES]: Registry minecraft:item: Object did not get ID it asked for. Name: ic2:matter_generator Expected: 1301 Got: 9585
[11:52:44] [Render thread/WARN] [ne.mi.re.ForgeRegistry/REGISTRIES]: Registry minecraft:item: Object did not get ID it asked for. Name: ic2:pattern_storage Expected: 1302 Got: 9586
[11:52:44] [Render thread/WARN] [ne.mi.re.ForgeRegistry/REGISTRIES]: Registry minecraft:item: Object did not get ID it asked for. Name: ic2:replicator Expected: 1303 Got: 9587
[11:52:44] [Render thread/WARN] [ne.mi.re.ForgeRegistry/REGISTRIES]: Registry minecraft:item: Object did not get ID it asked for. Name: ic2:uu_scanner Expected: 1304 Got: 9588
[11:52:44] [Render thread/WARN] [ne.mi.re.ForgeRegistry/REGISTRIES]: Registry minecraft:item: Object did not get ID it asked for. Name: ic2:insulated_copper_cable Expected: 1309 Got: 9589
[11:52:44] [Render thread/WARN] [ne.mi.re.ForgeRegistry/REGISTRIES]: Registry minecraft:item: Object did not get ID it asked for. Name: ic2:glass_fibre_cable Expected: 1310 Got: 9590
[11:52:44] [Render thread/WARN] [ne.mi.re.ForgeRegistry/REGISTRIES]: Registry minecraft:item: Object did not get ID it asked for. Name: ic2:insulated_gold_cable Expected: 1312 Got: 9591
[11:52:44] [Render thread/WARN] [ne.mi.re.ForgeRegistry/REGISTRIES]: Registry minecraft:item: Object did not get ID it asked for. Name: ic2:double_insulated_gold_cable Expected: 1313 Got: 9592
[11:52:44] [Render thread/WARN] [ne.mi.re.ForgeRegistry/REGISTRIES]: Registry minecraft:item: Object did not get ID it asked for. Name: ic2:insulated_iron_cable Expected: 1315 Got: 9593
[11:52:44] [Render thread/WARN] [ne.mi.re.ForgeRegistry/REGISTRIES]: Registry minecraft:item: Object did not get ID it asked for. Name: ic2:double_insulated_iron_cable Expected: 1316 Got: 9594
[11:52:44] [Render thread/WARN] [ne.mi.re.ForgeRegistry/REGISTRIES]: Registry minecraft:item: Object did not get ID it asked for. Name: ic2:triple_insulated_iron_cable Expected: 1317 Got: 9595
[11:52:44] [Render thread/WARN] [ne.mi.re.ForgeRegistry/REGISTRIES]: Registry minecraft:item: Object did not get ID it asked for. Name: ic2:insulated_tin_cable Expected: 1319 Got: 9596
[11:52:44] [Render thread/WARN] [ne.mi.re.ForgeRegistry/REGISTRIES]: Registry minecraft:item: Object did not get ID it asked for. Name: ic2:batbox_chargepad Expected: 1322 Got: 9597
[11:52:44] [Render thread/WARN] [ne.mi.re.ForgeRegistry/REGISTRIES]: Registry minecraft:item: Object did not get ID it asked for. Name: ic2:cesu_chargepad Expected: 1323 Got: 9598
[11:52:44] [Render thread/WARN] [ne.mi.re.ForgeRegistry/REGISTRIES]: Registry minecraft:item: Object did not get ID it asked for. Name: ic2:mfe_chargepad Expected: 1324 Got: 9599
[11:52:44] [Render thread/WARN] [ne.mi.re.ForgeRegistry/REGISTRIES]: Registry minecraft:item: Object did not get ID it asked for. Name: ic2:mfsu_chargepad Expected: 1325 Got: 9600
[11:52:44] [Render thread/WARN] [ne.mi.re.ForgeRegistry/REGISTRIES]: Registry minecraft:item: Object did not get ID it asked for. Name: ic2:cesu Expected: 1327 Got: 9601
[11:52:44] [Render thread/WARN] [ne.mi.re.ForgeRegistry/REGISTRIES]: Registry minecraft:item: Object did not get ID it asked for. Name: ic2:classic_mfe Expected: 1329 Got: 9602
[11:52:44] [Render thread/WARN] [ne.mi.re.ForgeRegistry/REGISTRIES]: Registry minecraft:item: Object did not get ID it asked for. Name: ic2:classic_mfsu Expected: 1331 Got: 9603
[11:52:44] [Render thread/WARN] [ne.mi.re.ForgeRegistry/REGISTRIES]: Registry minecraft:item: Object did not get ID it asked for. Name: ic2:classic_electrolyzer Expected: 1333 Got: 9604
[11:52:44] [Render thread/WARN] [ne.mi.re.ForgeRegistry/REGISTRIES]: Registry minecraft:item: Object did not get ID it asked for. Name: ic2:lv_transformer Expected: 1334 Got: 9605
[11:52:44] [Render thread/WARN] [ne.mi.re.ForgeRegistry/REGISTRIES]: Registry minecraft:item: Object did not get ID it asked for. Name: ic2:mv_transformer Expected: 1335 Got: 9606
[11:52:44] [Render thread/WARN] [ne.mi.re.ForgeRegistry/REGISTRIES]: Registry minecraft:item: Object did not get ID it asked for. Name: ic2:hv_transformer Expected: 1336 Got: 9607
[11:52:44] [Render thread/WARN] [ne.mi.re.ForgeRegistry/REGISTRIES]: Registry minecraft:item: Object did not get ID it asked for. Name: ic2:ev_transformer Expected: 1337 Got: 9608
[11:52:44] [Render thread/WARN] [ne.mi.re.ForgeRegistry/REGISTRIES]: Registry minecraft:item: Object did not get ID it asked for. Name: ic2:chunk_loader Expected: 1339 Got: 9609
[11:52:44] [Render thread/WARN] [ne.mi.re.ForgeRegistry/REGISTRIES]: Registry minecraft:item: Object did not get ID it asked for. Name: ic2:creative_generator Expected: 1340 Got: 9610
[11:52:44] [Render thread/WARN] [ne.mi.re.ForgeRegistry/REGISTRIES]: Registry minecraft:item: Object did not get ID it asked for. Name: ic2:steam_repressurizer Expected: 1341 Got: 9611
[11:52:44] [Render thread/WARN] [ne.mi.re.ForgeRegistry/REGISTRIES]: Registry minecraft:item: Object did not get ID it asked for. Name: ic2:weighted_fluid_distributor Expected: 1342 Got: 9612
[11:52:44] [Render thread/WARN] [ne.mi.re.ForgeRegistry/REGISTRIES]: Registry minecraft:item: Object did not get ID it asked for. Name: ic2:weighted_item_distributor Expected: 1343 Got: 9613
[11:52:44] [Render thread/WARN] [ne.mi.re.ForgeRegistry/REGISTRIES]: Registry minecraft:item: Object did not get ID it asked for. Name: ic2:rci_rsh Expected: 1344 Got: 9614
[11:52:44] [Render thread/WARN] [ne.mi.re.ForgeRegistry/REGISTRIES]: Registry minecraft:item: Object did not get ID it asked for. Name: ic2:rci_lzh Expected: 1345 Got: 9615
[11:52:44] [Render thread/WARN] [ne.mi.re.ForgeRegistry/REGISTRIES]: Registry minecraft:item: Object did not get ID it asked for. Name: ic2:industrial_workbench Expected: 1346 Got: 9616
[11:52:44] [Render thread/WARN] [ne.mi.re.ForgeRegistry/REGISTRIES]: Registry minecraft:item: Object did not get ID it asked for. Name: ic2:batch_crafter Expected: 1347 Got: 9617
[11:52:44] [Render thread/WARN] [ne.mi.re.ForgeRegistry/REGISTRIES]: Registry minecraft:item: Object did not get ID it asked for. Name: ic2:wooden_storage_box Expected: 1348 Got: 9618
[11:52:44] [Render thread/WARN] [ne.mi.re.ForgeRegistry/REGISTRIES]: Registry minecraft:item: Object did not get ID it asked for. Name: ic2:iron_storage_box Expected: 1349 Got: 9619
[11:52:44] [Render thread/WARN] [ne.mi.re.ForgeRegistry/REGISTRIES]: Registry minecraft:item: Object did not get ID it asked for. Name: ic2:bronze_storage_box Expected: 1350 Got: 9620
[11:52:44] [Render thread/WARN] [ne.mi.re.ForgeRegistry/REGISTRIES]: Registry minecraft:item: Object did not get ID it asked for. Name: ic2:steel_storage_box Expected: 1351 Got: 9621
[11:52:44] [Render thread/WARN] [ne.mi.re.ForgeRegistry/REGISTRIES]: Registry minecraft:item: Object did not get ID it asked for. Name: ic2:iridium_storage_box Expected: 1352 Got: 9622
[11:52:44] [Render thread/WARN] [ne.mi.re.ForgeRegistry/REGISTRIES]: Registry minecraft:item: Object did not get ID it asked for. Name: ic2:bronze_tank Expected: 1353 Got: 9623
[11:52:44] [Render thread/WARN] [ne.mi.re.ForgeRegistry/REGISTRIES]: Registry minecraft:item: Object did not get ID it asked for. Name: ic2:iron_tank Expected: 1354 Got: 9624
[11:52:44] [Render thread/WARN] [ne.mi.re.ForgeRegistry/REGISTRIES]: Registry minecraft:item: Object did not get ID it asked for. Name: ic2:steel_tank Expected: 1355 Got: 9625
[11:52:44] [Render thread/WARN] [ne.mi.re.ForgeRegistry/REGISTRIES]: Registry minecraft:item: Object did not get ID it asked for. Name: ic2:iridium_tank Expected: 1356 Got: 9626
[11:52:44] [Render thread/WARN] [ne.mi.re.ForgeRegistry/REGISTRIES]: Registry minecraft:item: Object did not get ID it asked for. Name: ic2:broken_rubber_boat Expected: 1357 Got: 9627
[11:52:44] [Render thread/WARN] [ne.mi.re.ForgeRegistry/REGISTRIES]: Registry minecraft:item: Object did not get ID it asked for. Name: ic2:electric_boat Expected: 1359 Got: 9628
[11:52:44] [Render thread/WARN] [ne.mi.re.ForgeRegistry/REGISTRIES]: Registry minecraft:item: Object did not get ID it asked for. Name: ic2:crushed_copper Expected: 1361 Got: 9629
[11:52:44] [Render thread/WARN] [ne.mi.re.ForgeRegistry/REGISTRIES]: Registry minecraft:item: Object did not get ID it asked for. Name: ic2:crushed_gold Expected: 1362 Got: 9630
[11:52:44] [Render thread/WARN] [ne.mi.re.ForgeRegistry/REGISTRIES]: Registry minecraft:item: Object did not get ID it asked for. Name: ic2:crushed_iron Expected: 1363 Got: 9631
[11:52:44] [Render thread/WARN] [ne.mi.re.ForgeRegistry/REGISTRIES]: Registry minecraft:item: Object did not get ID it asked for. Name: ic2:crushed_lead Expected: 1364 Got: 9632
[11:52:44] [Render thread/WARN] [ne.mi.re.ForgeRegistry/REGISTRIES]: Registry minecraft:item: Object did not get ID it asked for. Name: ic2:crushed_silver Expected: 1365 Got: 9633
[11:52:44] [Render thread/WARN] [ne.mi.re.ForgeRegistry/REGISTRIES]: Registry minecraft:item: Object did not get ID it asked for. Name: ic2:crushed_tin Expected: 1366 Got: 9634
[11:52:44] [Render thread/WARN] [ne.mi.re.ForgeRegistry/REGISTRIES]: Registry minecraft:item: Object did not get ID it asked for. Name: ic2:crushed_uranium Expected: 1367 Got: 9635
[11:52:44] [Render thread/WARN] [ne.mi.re.ForgeRegistry/REGISTRIES]: Registry minecraft:item: Object did not get ID it asked for. Name: ic2:purified_copper Expected: 1368 Got: 9636
[11:52:44] [Render thread/WARN] [ne.mi.re.ForgeRegistry/REGISTRIES]: Registry minecraft:item: Object did not get ID it asked for. Name: ic2:purified_gold Expected: 1369 Got: 9637
[11:52:44] [Render thread/WARN] [ne.mi.re.ForgeRegistry/REGISTRIES]: Registry minecraft:item: Object did not get ID it asked for. Name: ic2:purified_iron Expected: 1370 Got: 9638
[11:52:44] [Render thread/WARN] [ne.mi.re.ForgeRegistry/REGISTRIES]: Registry minecraft:item: Object did not get ID it asked for. Name: ic2:purified_lead Expected: 1371 Got: 9639
[11:52:44] [Render thread/WARN] [ne.mi.re.ForgeRegistry/REGISTRIES]: Registry minecraft:item: Object did not get ID it asked for. Name: ic2:purified_silver Expected: 1372 Got: 9640
[11:52:44] [Render thread/WARN] [ne.mi.re.ForgeRegistry/REGISTRIES]: Registry minecraft:item: Object did not get ID it asked for. Name: ic2:purified_tin Expected: 1373 Got: 9641
[11:52:44] [Render thread/WARN] [ne.mi.re.ForgeRegistry/REGISTRIES]: Registry minecraft:item: Object did not get ID it asked for. Name: ic2:purified_uranium Expected: 1374 Got: 9642
[11:52:44] [Render thread/WARN] [ne.mi.re.ForgeRegistry/REGISTRIES]: Registry minecraft:item: Object did not get ID it asked for. Name: ic2:bronze_dust Expected: 1375 Got: 9643
[11:52:44] [Render thread/WARN] [ne.mi.re.ForgeRegistry/REGISTRIES]: Registry minecraft:item: Object did not get ID it asked for. Name: ic2:clay_dust Expected: 1376 Got: 9644
[11:52:44] [Render thread/WARN] [ne.mi.re.ForgeRegistry/REGISTRIES]: Registry minecraft:item: Object did not get ID it asked for. Name: ic2:coal_dust Expected: 1377 Got: 9645
[11:52:44] [Render thread/WARN] [ne.mi.re.ForgeRegistry/REGISTRIES]: Registry minecraft:item: Object did not get ID it asked for. Name: ic2:coal_fuel_dust Expected: 1378 Got: 9646
[11:52:44] [Render thread/WARN] [ne.mi.re.ForgeRegistry/REGISTRIES]: Registry minecraft:item: Object did not get ID it asked for. Name: ic2:copper_dust Expected: 1379 Got: 9647
[11:52:44] [Render thread/WARN] [ne.mi.re.ForgeRegistry/REGISTRIES]: Registry minecraft:item: Object did not get ID it asked for. Name: ic2:diamond_dust Expected: 1380 Got: 9648
[11:52:44] [Render thread/WARN] [ne.mi.re.ForgeRegistry/REGISTRIES]: Registry minecraft:item: Object did not get ID it asked for. Name: ic2:energium_dust Expected: 1381 Got: 9649
[11:52:44] [Render thread/WARN] [ne.mi.re.ForgeRegistry/REGISTRIES]: Registry minecraft:item: Object did not get ID it asked for. Name: ic2:gold_dust Expected: 1382 Got: 9650
[11:52:44] [Render thread/WARN] [ne.mi.re.ForgeRegistry/REGISTRIES]: Registry minecraft:item: Object did not get ID it asked for. Name: ic2:iron_dust Expected: 1383 Got: 9651
[11:52:44] [Render thread/WARN] [ne.mi.re.ForgeRegistry/REGISTRIES]: Registry minecraft:item: Object did not get ID it asked for. Name: ic2:lapis_dust Expected: 1384 Got: 9652
[11:52:44] [Render thread/WARN] [ne.mi.re.ForgeRegistry/REGISTRIES]: Registry minecraft:item: Object did not get ID it asked for. Name: ic2:lead_dust Expected: 1385 Got: 9653
[11:52:44] [Render thread/WARN] [ne.mi.re.ForgeRegistry/REGISTRIES]: Registry minecraft:item: Object did not get ID it asked for. Name: ic2:lithium_dust Expected: 1386 Got: 9654
[11:52:44] [Render thread/WARN] [ne.mi.re.ForgeRegistry/REGISTRIES]: Registry minecraft:item: Object did not get ID it asked for. Name: ic2:obsidian_dust Expected: 1387 Got: 9655
[11:52:44] [Render thread/WARN] [ne.mi.re.ForgeRegistry/REGISTRIES]: Registry minecraft:item: Object did not get ID it asked for. Name: ic2:silicon_dioxide_dust Expected: 1388 Got: 9656
[11:52:44] [Render thread/WARN] [ne.mi.re.ForgeRegistry/REGISTRIES]: Registry minecraft:item: Object did not get ID it asked for. Name: ic2:silver_dust Expected: 1389 Got: 9657
[11:52:44] [Render thread/WARN] [ne.mi.re.ForgeRegistry/REGISTRIES]: Registry minecraft:item: Object did not get ID it asked for. Name: ic2:stone_dust Expected: 1390 Got: 9658
[11:52:44] [Render thread/WARN] [ne.mi.re.ForgeRegistry/REGISTRIES]: Registry minecraft:item: Object did not get ID it asked for. Name: ic2:sulfur_dust Expected: 1391 Got: 9659
[11:52:44] [Render thread/WARN] [ne.mi.re.ForgeRegistry/REGISTRIES]: Registry minecraft:item: Object did not get ID it asked for. Name: ic2:tin_dust Expected: 1392 Got: 9660
[11:52:44] [Render thread/WARN] [ne.mi.re.ForgeRegistry/REGISTRIES]: Registry minecraft:item: Object did not get ID it asked for. Name: ic2:small_bronze_dust Expected: 1393 Got: 9661
[11:52:44] [Render thread/WARN] [ne.mi.re.ForgeRegistry/REGISTRIES]: Registry minecraft:item: Object did not get ID it asked for. Name: ic2:small_copper_dust Expected: 1394 Got: 9662
[11:52:44] [Render thread/WARN] [ne.mi.re.ForgeRegistry/REGISTRIES]: Registry minecraft:item: Object did not get ID it asked for. Name: ic2:small_gold_dust Expected: 1395 Got: 9663
[11:52:44] [Render thread/WARN] [ne.mi.re.ForgeRegistry/REGISTRIES]: Registry minecraft:item: Object did not get ID it asked for. Name: ic2:small_iron_dust Expected: 1396 Got: 9664
[11:52:44] [Render thread/WARN] [ne.mi.re.ForgeRegistry/REGISTRIES]: Registry minecraft:item: Object did not get ID it asked for. Name: ic2:small_lapis_dust Expected: 1397 Got: 9665
[11:52:44] [Render thread/WARN] [ne.mi.re.ForgeRegistry/REGISTRIES]: Registry minecraft:item: Object did not get ID it asked for. Name: ic2:small_lead_dust Expected: 1398 Got: 9666
[11:52:44] [Render thread/WARN] [ne.mi.re.ForgeRegistry/REGISTRIES]: Registry minecraft:item: Object did not get ID it asked for. Name: ic2:small_lithium_dust Expected: 1399 Got: 9667
[11:52:44] [Render thread/WARN] [ne.mi.re.ForgeRegistry/REGISTRIES]: Registry minecraft:item: Object did not get ID it asked for. Name: ic2:small_obsidian_dust Expected: 1400 Got: 9668
[11:52:44] [Render thread/WARN] [ne.mi.re.ForgeRegistry/REGISTRIES]: Registry minecraft:item: Object did not get ID it asked for. Name: ic2:small_silver_dust Expected: 1401 Got: 9669
[11:52:44] [Render thread/WARN] [ne.mi.re.ForgeRegistry/REGISTRIES]: Registry minecraft:item: Object did not get ID it asked for. Name: ic2:small_sulfur_dust Expected: 1402 Got: 9670
[11:52:44] [Render thread/WARN] [ne.mi.re.ForgeRegistry/REGISTRIES]: Registry minecraft:item: Object did not get ID it asked for. Name: ic2:small_tin_dust Expected: 1403 Got: 9671
[11:52:44] [Render thread/WARN] [ne.mi.re.ForgeRegistry/REGISTRIES]: Registry minecraft:item: Object did not get ID it asked for. Name: ic2:hydrated_tin_dust Expected: 1404 Got: 9672
[11:52:44] [Render thread/WARN] [ne.mi.re.ForgeRegistry/REGISTRIES]: Registry minecraft:item: Object did not get ID it asked for. Name: ic2:netherrack_dust Expected: 1405 Got: 9673
[11:52:44] [Render thread/WARN] [ne.mi.re.ForgeRegistry/REGISTRIES]: Registry minecraft:item: Object did not get ID it asked for. Name: ic2:mixed_metal_ingot Expected: 1406 Got: 9674
[11:52:44] [Render thread/WARN] [ne.mi.re.ForgeRegistry/REGISTRIES]: Registry minecraft:item: Object did not get ID it asked for. Name: ic2:bronze_ingot Expected: 1407 Got: 9675
[11:52:44] [Render thread/WARN] [ne.mi.re.ForgeRegistry/REGISTRIES]: Registry minecraft:item: Object did not get ID it asked for. Name: ic2:copper_ingot Expected: 1408 Got: 9676
[11:52:44] [Render thread/WARN] [ne.mi.re.ForgeRegistry/REGISTRIES]: Registry minecraft:item: Object did not get ID it asked for. Name: ic2:lead_ingot Expected: 1409 Got: 9677
[11:52:44] [Render thread/WARN] [ne.mi.re.ForgeRegistry/REGISTRIES]: Registry minecraft:item: Object did not get ID it asked for. Name: ic2:silver_ingot Expected: 1410 Got: 9678
[11:52:44] [Render thread/WARN] [ne.mi.re.ForgeRegistry/REGISTRIES]: Registry minecraft:item: Object did not get ID it asked for. Name: ic2:steel_ingot Expected: 1411 Got: 9679
[11:52:44] [Render thread/WARN] [ne.mi.re.ForgeRegistry/REGISTRIES]: Registry minecraft:item: Object did not get ID it asked for. Name: ic2:tin_ingot Expected: 1412 Got: 9680
[11:52:44] [Render thread/WARN] [ne.mi.re.ForgeRegistry/REGISTRIES]: Registry minecraft:item: Object did not get ID it asked for. Name: ic2:refined_iron_ingot Expected: 1413 Got: 9681
[11:52:44] [Render thread/WARN] [ne.mi.re.ForgeRegistry/REGISTRIES]: Registry minecraft:item: Object did not get ID it asked for. Name: ic2:uranium_ingot Expected: 1414 Got: 9682
[11:52:44] [Render thread/WARN] [ne.mi.re.ForgeRegistry/REGISTRIES]: Registry minecraft:item: Object did not get ID it asked for. Name: ic2:bronze_plate Expected: 1415 Got: 9683
[11:52:44] [Render thread/WARN] [ne.mi.re.ForgeRegistry/REGISTRIES]: Registry minecraft:item: Object did not get ID it asked for. Name: ic2:copper_plate Expected: 1416 Got: 9684
[11:52:44] [Render thread/WARN] [ne.mi.re.ForgeRegistry/REGISTRIES]: Registry minecraft:item: Object did not get ID it asked for. Name: ic2:gold_plate Expected: 1417 Got: 9685
[11:52:44] [Render thread/WARN] [ne.mi.re.ForgeRegistry/REGISTRIES]: Registry minecraft:item: Object did not get ID it asked for. Name: ic2:iron_plate Expected: 1418 Got: 9686
[11:52:44] [Render thread/WARN] [ne.mi.re.ForgeRegistry/REGISTRIES]: Registry minecraft:item: Object did not get ID it asked for. Name: ic2:lapis_plate Expected: 1419 Got: 9687
[11:52:44] [Render thread/WARN] [ne.mi.re.ForgeRegistry/REGISTRIES]: Registry minecraft:item: Object did not get ID it asked for. Name: ic2:lead_plate Expected: 1420 Got: 9688
[11:52:44] [Render thread/WARN] [ne.mi.re.ForgeRegistry/REGISTRIES]: Registry minecraft:item: Object did not get ID it asked for. Name: ic2:obsidian_plate Expected: 1421 Got: 9689
[11:52:44] [Render thread/WARN] [ne.mi.re.ForgeRegistry/REGISTRIES]: Registry minecraft:item: Object did not get ID it asked for. Name: ic2:steel_plate Expected: 1422 Got: 9690
[11:52:44] [Render thread/WARN] [ne.mi.re.ForgeRegistry/REGISTRIES]: Registry minecraft:item: Object did not get ID it asked for. Name: ic2:tin_plate Expected: 1423 Got: 9691
[11:52:44] [Render thread/WARN] [ne.mi.re.ForgeRegistry/REGISTRIES]: Registry minecraft:item: Object did not get ID it asked for. Name: ic2:dense_bronze_plate Expected: 1424 Got: 9692
[11:52:44] [Render thread/WARN] [ne.mi.re.ForgeRegistry/REGISTRIES]: Registry minecraft:item: Object did not get ID it asked for. Name: ic2:dense_copper_plate Expected: 1425 Got: 9693
[11:52:44] [Render thread/WARN] [ne.mi.re.ForgeRegistry/REGISTRIES]: Registry minecraft:item: Object did not get ID it asked for. Name: ic2:dense_gold_plate Expected: 1426 Got: 9694
[11:52:44] [Render thread/WARN] [ne.mi.re.ForgeRegistry/REGISTRIES]: Registry minecraft:item: Object did not get ID it asked for. Name: ic2:dense_iron_plate Expected: 1427 Got: 9695
[11:52:44] [Render thread/WARN] [ne.mi.re.ForgeRegistry/REGISTRIES]: Registry minecraft:item: Object did not get ID it asked for. Name: ic2:dense_lapis_plate Expected: 1428 Got: 9696
[11:52:44] [Render thread/WARN] [ne.mi.re.ForgeRegistry/REGISTRIES]: Registry minecraft:item: Object did not get ID it asked for. Name: ic2:dense_lead_plate Expected: 1429 Got: 9697
[11:52:44] [Render thread/WARN] [ne.mi.re.ForgeRegistry/REGISTRIES]: Registry minecraft:item: Object did not get ID it asked for. Name: ic2:dense_obsidian_plate Expected: 1430 Got: 9698
[11:52:44] [Render thread/WARN] [ne.mi.re.ForgeRegistry/REGISTRIES]: Registry minecraft:item: Object did not get ID it asked for. Name: ic2:dense_steel_plate Expected: 1431 Got: 9699
[11:52:44] [Render thread/WARN] [ne.mi.re.ForgeRegistry/REGISTRIES]: Registry minecraft:item: Object did not get ID it asked for. Name: ic2:dense_tin_plate Expected: 1432 Got: 9700
[11:52:44] [Render thread/WARN] [ne.mi.re.ForgeRegistry/REGISTRIES]: Registry minecraft:item: Object did not get ID it asked for. Name: ic2:bronze_casing Expected: 1433 Got: 9701
[11:52:44] [Render thread/WARN] [ne.mi.re.ForgeRegistry/REGISTRIES]: Registry minecraft:item: Object did not get ID it asked for. Name: ic2:copper_casing Expected: 1434 Got: 9702
[11:52:44] [Render thread/WARN] [ne.mi.re.ForgeRegistry/REGISTRIES]: Registry minecraft:item: Object did not get ID it asked for. Name: ic2:gold_casing Expected: 1435 Got: 9703
[11:52:44] [Render thread/WARN] [ne.mi.re.ForgeRegistry/REGISTRIES]: Registry minecraft:item: Object did not get ID it asked for. Name: ic2:iron_casing Expected: 1436 Got: 9704
[11:52:44] [Render thread/WARN] [ne.mi.re.ForgeRegistry/REGISTRIES]: Registry minecraft:item: Object did not get ID it asked for. Name: ic2:lead_casing Expected: 1437 Got: 9705
[11:52:44] [Render thread/WARN] [ne.mi.re.ForgeRegistry/REGISTRIES]: Registry minecraft:item: Object did not get ID it asked for. Name: ic2:steel_casing Expected: 1438 Got: 9706
[11:52:44] [Render thread/WARN] [ne.mi.re.ForgeRegistry/REGISTRIES]: Registry minecraft:item: Object did not get ID it asked for. Name: ic2:tin_casing Expected: 1439 Got: 9707
[11:52:44] [Render thread/WARN] [ne.mi.re.ForgeRegistry/REGISTRIES]: Registry minecraft:item: Object did not get ID it asked for. Name: ic2:uranium Expected: 1440 Got: 9708
[11:52:44] [Render thread/WARN] [ne.mi.re.ForgeRegistry/REGISTRIES]: Registry minecraft:item: Object did not get ID it asked for. Name: ic2:uranium_235 Expected: 1441 Got: 9709
[11:52:44] [Render thread/WARN] [ne.mi.re.ForgeRegistry/REGISTRIES]: Registry minecraft:item: Object did not get ID it asked for. Name: ic2:uranium_238 Expected: 1442 Got: 9710
[11:52:44] [Render thread/WARN] [ne.mi.re.ForgeRegistry/REGISTRIES]: Registry minecraft:item: Object did not get ID it asked for. Name: ic2:plutonium Expected: 1443 Got: 9711
[11:52:44] [Render thread/WARN] [ne.mi.re.ForgeRegistry/REGISTRIES]: Registry minecraft:item: Object did not get ID it asked for. Name: ic2:mox Expected: 1444 Got: 9712
[11:52:44] [Render thread/WARN] [ne.mi.re.ForgeRegistry/REGISTRIES]: Registry minecraft:item: Object did not get ID it asked for. Name: ic2:small_uranium_235 Expected: 1445 Got: 9713
[11:52:44] [Render thread/WARN] [ne.mi.re.ForgeRegistry/REGISTRIES]: Registry minecraft:item: Object did not get ID it asked for. Name: ic2:small_uranium_238 Expected: 1446 Got: 9714
[11:52:44] [Render thread/WARN] [ne.mi.re.ForgeRegistry/REGISTRIES]: Registry minecraft:item: Object did not get ID it asked for. Name: ic2:small_plutonium Expected: 1447 Got: 9715
[11:52:44] [Render thread/WARN] [ne.mi.re.ForgeRegistry/REGISTRIES]: Registry minecraft:item: Object did not get ID it asked for. Name: ic2:uranium_pellet Expected: 1448 Got: 9716
[11:52:44] [Render thread/WARN] [ne.mi.re.ForgeRegistry/REGISTRIES]: Registry minecraft:item: Object did not get ID it asked for. Name: ic2:mox_pellet Expected: 1449 Got: 9717
[11:52:44] [Render thread/WARN] [ne.mi.re.ForgeRegistry/REGISTRIES]: Registry minecraft:item: Object did not get ID it asked for. Name: ic2:rtg_pellet Expected: 1450 Got: 9718
[11:52:44] [Render thread/WARN] [ne.mi.re.ForgeRegistry/REGISTRIES]: Registry minecraft:item: Object did not get ID it asked for. Name: ic2:depleted_uranium_fuel_rod Expected: 1451 Got: 9719
[11:52:44] [Render thread/WARN] [ne.mi.re.ForgeRegistry/REGISTRIES]: Registry minecraft:item: Object did not get ID it asked for. Name: ic2:depleted_dual_uranium_fuel_rod Expected: 1452 Got: 9720
[11:52:44] [Render thread/WARN] [ne.mi.re.ForgeRegistry/REGISTRIES]: Registry minecraft:item: Object did not get ID it asked for. Name: ic2:depleted_quad_uranium_fuel_rod Expected: 1453 Got: 9721
[11:52:44] [Render thread/WARN] [ne.mi.re.ForgeRegistry/REGISTRIES]: Registry minecraft:item: Object did not get ID it asked for. Name: ic2:depleted_mox_fuel_rod Expected: 1454 Got: 9722
[11:52:44] [Render thread/WARN] [ne.mi.re.ForgeRegistry/REGISTRIES]: Registry minecraft:item: Object did not get ID it asked for. Name: ic2:depleted_dual_mox_fuel_rod Expected: 1455 Got: 9723
[11:52:44] [Render thread/WARN] [ne.mi.re.ForgeRegistry/REGISTRIES]: Registry minecraft:item: Object did not get ID it asked for. Name: ic2:depleted_quad_mox_fuel_rod Expected: 1456 Got: 9724
[11:52:44] [Render thread/WARN] [ne.mi.re.ForgeRegistry/REGISTRIES]: Registry minecraft:item: Object did not get ID it asked for. Name: ic2:near_depleted_uranium Expected: 1457 Got: 9725
[11:52:44] [Render thread/WARN] [ne.mi.re.ForgeRegistry/REGISTRIES]: Registry minecraft:item: Object did not get ID it asked for. Name: ic2:re_enriched_uranium Expected: 1458 Got: 9726
[11:52:44] [Render thread/WARN] [ne.mi.re.ForgeRegistry/REGISTRIES]: Registry minecraft:item: Object did not get ID it asked for. Name: ic2:ashes Expected: 1459 Got: 9727
[11:52:44] [Render thread/WARN] [ne.mi.re.ForgeRegistry/REGISTRIES]: Registry minecraft:item: Object did not get ID it asked for. Name: ic2:iridium_ore Expected: 1460 Got: 9728
[11:52:44] [Render thread/WARN] [ne.mi.re.ForgeRegistry/REGISTRIES]: Registry minecraft:item: Object did not get ID it asked for. Name: ic2:iridium_shard Expected: 1461 Got: 9729
[11:52:44] [Render thread/WARN] [ne.mi.re.ForgeRegistry/REGISTRIES]: Registry minecraft:item: Object did not get ID it asked for. Name: ic2:uu_matter Expected: 1462 Got: 9730
[11:52:44] [Render thread/WARN] [ne.mi.re.ForgeRegistry/REGISTRIES]: Registry minecraft:item: Object did not get ID it asked for. Name: ic2:resin Expected: 1463 Got: 9731
[11:52:44] [Render thread/WARN] [ne.mi.re.ForgeRegistry/REGISTRIES]: Registry minecraft:item: Object did not get ID it asked for. Name: ic2:slag Expected: 1464 Got: 9732
[11:52:44] [Render thread/WARN] [ne.mi.re.ForgeRegistry/REGISTRIES]: Registry minecraft:item: Object did not get ID it asked for. Name: ic2:iodine Expected: 1465 Got: 9733
[11:52:44] [Render thread/WARN] [ne.mi.re.ForgeRegistry/REGISTRIES]: Registry minecraft:item: Object did not get ID it asked for. Name: ic2:water_sheet Expected: 1466 Got: 9734
[11:52:44] [Render thread/WARN] [ne.mi.re.ForgeRegistry/REGISTRIES]: Registry minecraft:item: Object did not get ID it asked for. Name: ic2:lava_sheet Expected: 1467 Got: 9735
[11:52:44] [Render thread/WARN] [ne.mi.re.ForgeRegistry/REGISTRIES]: Registry minecraft:item: Object did not get ID it asked for. Name: ic2:alloy Expected: 1471 Got: 9736
[11:52:44] [Render thread/WARN] [ne.mi.re.ForgeRegistry/REGISTRIES]: Registry minecraft:item: Object did not get ID it asked for. Name: ic2:iridium Expected: 1472 Got: 9737
[11:52:44] [Render thread/WARN] [ne.mi.re.ForgeRegistry/REGISTRIES]: Registry minecraft:item: Object did not get ID it asked for. Name: ic2:coil Expected: 1473 Got: 9738
[11:52:44] [Render thread/WARN] [ne.mi.re.ForgeRegistry/REGISTRIES]: Registry minecraft:item: Object did not get ID it asked for. Name: ic2:electric_motor Expected: 1474 Got: 9739
[11:52:44] [Render thread/WARN] [ne.mi.re.ForgeRegistry/REGISTRIES]: Registry minecraft:item: Object did not get ID it asked for. Name: ic2:heat_conductor Expected: 1475 Got: 9740
[11:52:44] [Render thread/WARN] [ne.mi.re.ForgeRegistry/REGISTRIES]: Registry minecraft:item: Object did not get ID it asked for. Name: ic2:copper_boiler Expected: 1476 Got: 9741
[11:52:44] [Render thread/WARN] [ne.mi.re.ForgeRegistry/REGISTRIES]: Registry minecraft:item: Object did not get ID it asked for. Name: ic2:fuel_rod Expected: 1477 Got: 9742
[11:52:44] [Render thread/WARN] [ne.mi.re.ForgeRegistry/REGISTRIES]: Registry minecraft:item: Object did not get ID it asked for. Name: ic2:small_power_unit Expected: 1479 Got: 9743
[11:52:44] [Render thread/WARN] [ne.mi.re.ForgeRegistry/REGISTRIES]: Registry minecraft:item: Object did not get ID it asked for. Name: ic2:power_unit Expected: 1480 Got: 9744
[11:52:44] [Render thread/WARN] [ne.mi.re.ForgeRegistry/REGISTRIES]: Registry minecraft:item: Object did not get ID it asked for. Name: ic2:carbon_fibre Expected: 1481 Got: 9745
[11:52:44] [Render thread/WARN] [ne.mi.re.ForgeRegistry/REGISTRIES]: Registry minecraft:item: Object did not get ID it asked for. Name: ic2:coal_block Expected: 1485 Got: 9746
[11:52:44] [Render thread/WARN] [ne.mi.re.ForgeRegistry/REGISTRIES]: Registry minecraft:item: Object did not get ID it asked for. Name: ic2:compressed_plants Expected: 1489 Got: 9747
[11:52:44] [Render thread/WARN] [ne.mi.re.ForgeRegistry/REGISTRIES]: Registry minecraft:item: Object did not get ID it asked for. Name: ic2:bio_chaff Expected: 1490 Got: 9748
[11:52:44] [Render thread/WARN] [ne.mi.re.ForgeRegistry/REGISTRIES]: Registry minecraft:item: Object did not get ID it asked for. Name: ic2:scrap_box Expected: 1493 Got: 9749
[11:52:44] [Render thread/WARN] [ne.mi.re.ForgeRegistry/REGISTRIES]: Registry minecraft:item: Object did not get ID it asked for. Name: ic2:cf_powder Expected: 1494 Got: 9750
[11:52:44] [Render thread/WARN] [ne.mi.re.ForgeRegistry/REGISTRIES]: Registry minecraft:item: Object did not get ID it asked for. Name: ic2:pellet Expected: 1495 Got: 9751
[11:52:44] [Render thread/WARN] [ne.mi.re.ForgeRegistry/REGISTRIES]: Registry minecraft:item: Object did not get ID it asked for. Name: ic2:raw_crystal_memory Expected: 1496 Got: 9752
[11:52:44] [Render thread/WARN] [ne.mi.re.ForgeRegistry/REGISTRIES]: Registry minecraft:item: Object did not get ID it asked for. Name: ic2:crystal_memory Expected: 1497 Got: 9753
[11:52:44] [Render thread/WARN] [ne.mi.re.ForgeRegistry/REGISTRIES]: Registry minecraft:item: Object did not get ID it asked for. Name: ic2:iron_shaft Expected: 1498 Got: 9754
[11:52:44] [Render thread/WARN] [ne.mi.re.ForgeRegistry/REGISTRIES]: Registry minecraft:item: Object did not get ID it asked for. Name: ic2:steel_shaft Expected: 1499 Got: 9755
[11:52:44] [Render thread/WARN] [ne.mi.re.ForgeRegistry/REGISTRIES]: Registry minecraft:item: Object did not get ID it asked for. Name: ic2:wooden_rotor_blade Expected: 1500 Got: 9756
[11:52:44] [Render thread/WARN] [ne.mi.re.ForgeRegistry/REGISTRIES]: Registry minecraft:item: Object did not get ID it asked for. Name: ic2:iron_rotor_blade Expected: 1501 Got: 9757
[11:52:44] [Render thread/WARN] [ne.mi.re.ForgeRegistry/REGISTRIES]: Registry minecraft:item: Object did not get ID it asked for. Name: ic2:steel_rotor_blade Expected: 1502 Got: 9758
[11:52:44] [Render thread/WARN] [ne.mi.re.ForgeRegistry/REGISTRIES]: Registry minecraft:item: Object did not get ID it asked for. Name: ic2:carbon_rotor_blade Expected: 1503 Got: 9759
[11:52:44] [Render thread/WARN] [ne.mi.re.ForgeRegistry/REGISTRIES]: Registry minecraft:item: Object did not get ID it asked for. Name: ic2:steam_turbine_blade Expected: 1504 Got: 9760
[11:52:44] [Render thread/WARN] [ne.mi.re.ForgeRegistry/REGISTRIES]: Registry minecraft:item: Object did not get ID it asked for. Name: ic2:jetpack_attachment_plate Expected: 1506 Got: 9761
[11:52:44] [Render thread/WARN] [ne.mi.re.ForgeRegistry/REGISTRIES]: Registry minecraft:item: Object did not get ID it asked for. Name: ic2:empty_fuel_can Expected: 1508 Got: 9762
[11:52:44] [Render thread/WARN] [ne.mi.re.ForgeRegistry/REGISTRIES]: Registry minecraft:item: Object did not get ID it asked for. Name: ic2:bronze_rotor_blade Expected: 1509 Got: 9763
[11:52:44] [Render thread/WARN] [ne.mi.re.ForgeRegistry/REGISTRIES]: Registry minecraft:item: Object did not get ID it asked for. Name: ic2:bronze_shaft Expected: 1510 Got: 9764
[11:52:44] [Render thread/WARN] [ne.mi.re.ForgeRegistry/REGISTRIES]: Registry minecraft:item: Object did not get ID it asked for. Name: ic2:advanced_re_battery Expected: 1512 Got: 9765
[11:52:44] [Render thread/WARN] [ne.mi.re.ForgeRegistry/REGISTRIES]: Registry minecraft:item: Object did not get ID it asked for. Name: ic2:lapotron_crystal Expected: 1514 Got: 9766
[11:52:44] [Render thread/WARN] [ne.mi.re.ForgeRegistry/REGISTRIES]: Registry minecraft:item: Object did not get ID it asked for. Name: ic2:single_use_battery Expected: 1515 Got: 9767
[11:52:44] [Render thread/WARN] [ne.mi.re.ForgeRegistry/REGISTRIES]: Registry minecraft:item: Object did not get ID it asked for. Name: ic2:reactor_coolant_cell Expected: 1516 Got: 9768
[11:52:44] [Render thread/WARN] [ne.mi.re.ForgeRegistry/REGISTRIES]: Registry minecraft:item: Object did not get ID it asked for. Name: ic2:triple_reactor_coolant_cell Expected: 1517 Got: 9769
[11:52:44] [Render thread/WARN] [ne.mi.re.ForgeRegistry/REGISTRIES]: Registry minecraft:item: Object did not get ID it asked for. Name: ic2:sextuple_reactor_coolant_cell Expected: 1518 Got: 9770
[11:52:44] [Render thread/WARN] [ne.mi.re.ForgeRegistry/REGISTRIES]: Registry minecraft:item: Object did not get ID it asked for. Name: ic2:reactor_plating Expected: 1519 Got: 9771
[11:52:44] [Render thread/WARN] [ne.mi.re.ForgeRegistry/REGISTRIES]: Registry minecraft:item: Object did not get ID it asked for. Name: ic2:reactor_heat_plating Expected: 1520 Got: 9772
[11:52:44] [Render thread/WARN] [ne.mi.re.ForgeRegistry/REGISTRIES]: Registry minecraft:item: Object did not get ID it asked for. Name: ic2:containment_reactor_plating Expected: 1521 Got: 9773
[11:52:44] [Render thread/WARN] [ne.mi.re.ForgeRegistry/REGISTRIES]: Registry minecraft:item: Object did not get ID it asked for. Name: ic2:reactor_heat_exchanger Expected: 1523 Got: 9774
[11:52:44] [Render thread/WARN] [ne.mi.re.ForgeRegistry/REGISTRIES]: Registry minecraft:item: Object did not get ID it asked for. Name: ic2:component_heat_exchanger Expected: 1524 Got: 9775
[11:52:44] [Render thread/WARN] [ne.mi.re.ForgeRegistry/REGISTRIES]: Registry minecraft:item: Object did not get ID it asked for. Name: ic2:advanced_heat_exchanger Expected: 1525 Got: 9776
[11:52:44] [Render thread/WARN] [ne.mi.re.ForgeRegistry/REGISTRIES]: Registry minecraft:item: Object did not get ID it asked for. Name: ic2:reactor_heat_vent Expected: 1527 Got: 9777
[11:52:44] [Render thread/WARN] [ne.mi.re.ForgeRegistry/REGISTRIES]: Registry minecraft:item: Object did not get ID it asked for. Name: ic2:overclocked_heat_vent Expected: 1528 Got: 9778
[11:52:44] [Render thread/WARN] [ne.mi.re.ForgeRegistry/REGISTRIES]: Registry minecraft:item: Object did not get ID it asked for. Name: ic2:component_heat_vent Expected: 1529 Got: 9779
[11:52:44] [Render thread/WARN] [ne.mi.re.ForgeRegistry/REGISTRIES]: Registry minecraft:item: Object did not get ID it asked for. Name: ic2:advanced_heat_vent Expected: 1530 Got: 9780
[11:52:44] [Render thread/WARN] [ne.mi.re.ForgeRegistry/REGISTRIES]: Registry minecraft:item: Object did not get ID it asked for. Name: ic2:neutron_reflector Expected: 1531 Got: 9781
[11:52:44] [Render thread/WARN] [ne.mi.re.ForgeRegistry/REGISTRIES]: Registry minecraft:item: Object did not get ID it asked for. Name: ic2:thick_neutron_reflector Expected: 1532 Got: 9782
[11:52:44] [Render thread/WARN] [ne.mi.re.ForgeRegistry/REGISTRIES]: Registry minecraft:item: Object did not get ID it asked for. Name: ic2:iridium_neutron_reflector Expected: 1533 Got: 9783
[11:52:44] [Render thread/WARN] [ne.mi.re.ForgeRegistry/REGISTRIES]: Registry minecraft:item: Object did not get ID it asked for. Name: ic2:rsh_condensator Expected: 1534 Got: 9784
[11:52:44] [Render thread/WARN] [ne.mi.re.ForgeRegistry/REGISTRIES]: Registry minecraft:item: Object did not get ID it asked for. Name: ic2:lzh_condensator Expected: 1535 Got: 9785
[11:52:44] [Render thread/WARN] [ne.mi.re.ForgeRegistry/REGISTRIES]: Registry minecraft:item: Object did not get ID it asked for. Name: ic2:heatpack Expected: 1536 Got: 9786
[11:52:44] [Render thread/WARN] [ne.mi.re.ForgeRegistry/REGISTRIES]: Registry minecraft:item: Object did not get ID it asked for. Name: ic2:uranium_fuel_rod Expected: 1537 Got: 9787
[11:52:44] [Render thread/WARN] [ne.mi.re.ForgeRegistry/REGISTRIES]: Registry minecraft:item: Object did not get ID it asked for. Name: ic2:dual_uranium_fuel_rod Expected: 1538 Got: 9788
[11:52:44] [Render thread/WARN] [ne.mi.re.ForgeRegistry/REGISTRIES]: Registry minecraft:item: Object did not get ID it asked for. Name: ic2:quad_uranium_fuel_rod Expected: 1539 Got: 9789
[11:52:44] [Render thread/WARN] [ne.mi.re.ForgeRegistry/REGISTRIES]: Registry minecraft:item: Object did not get ID it asked for. Name: ic2:mox_fuel_rod Expected: 1540 Got: 9790
[11:52:44] [Render thread/WARN] [ne.mi.re.ForgeRegistry/REGISTRIES]: Registry minecraft:item: Object did not get ID it asked for. Name: ic2:dual_mox_fuel_rod Expected: 1541 Got: 9791
[11:52:44] [Render thread/WARN] [ne.mi.re.ForgeRegistry/REGISTRIES]: Registry minecraft:item: Object did not get ID it asked for. Name: ic2:quad_mox_fuel_rod Expected: 1542 Got: 9792
[11:52:44] [Render thread/WARN] [ne.mi.re.ForgeRegistry/REGISTRIES]: Registry minecraft:item: Object did not get ID it asked for. Name: ic2:lithium_fuel_rod Expected: 1543 Got: 9793
[11:52:44] [Render thread/WARN] [ne.mi.re.ForgeRegistry/REGISTRIES]: Registry minecraft:item: Object did not get ID it asked for. Name: ic2:depleted_isotope_fuel_rod Expected: 1544 Got: 9794
[11:52:44] [Render thread/WARN] [ne.mi.re.ForgeRegistry/REGISTRIES]: Registry minecraft:item: Object did not get ID it asked for. Name: ic2:blank_tfbp Expected: 1545 Got: 9795
[11:52:44] [Render thread/WARN] [ne.mi.re.ForgeRegistry/REGISTRIES]: Registry minecraft:item: Object did not get ID it asked for. Name: ic2:chilling_tfbp Expected: 1546 Got: 9796
[11:52:44] [Render thread/WARN] [ne.mi.re.ForgeRegistry/REGISTRIES]: Registry minecraft:item: Object did not get ID it asked for. Name: ic2:cultivation_tfbp Expected: 1547 Got: 9797
[11:52:44] [Render thread/WARN] [ne.mi.re.ForgeRegistry/REGISTRIES]: Registry minecraft:item: Object did not get ID it asked for. Name: ic2:desertification_tfbp Expected: 1548 Got: 9798
[11:52:44] [Render thread/WARN] [ne.mi.re.ForgeRegistry/REGISTRIES]: Registry minecraft:item: Object did not get ID it asked for. Name: ic2:flatification_tfbp Expected: 1549 Got: 9799
[11:52:44] [Render thread/WARN] [ne.mi.re.ForgeRegistry/REGISTRIES]: Registry minecraft:item: Object did not get ID it asked for. Name: ic2:irrigation_tfbp Expected: 1550 Got: 9800
[11:52:44] [Render thread/WARN] [ne.mi.re.ForgeRegistry/REGISTRIES]: Registry minecraft:item: Object did not get ID it asked for. Name: ic2:mushroom_tfbp Expected: 1551 Got: 9801
[11:52:44] [Render thread/WARN] [ne.mi.re.ForgeRegistry/REGISTRIES]: Registry minecraft:item: Object did not get ID it asked for. Name: ic2:forge_hammer Expected: 1554 Got: 9802
[11:52:44] [Render thread/WARN] [ne.mi.re.ForgeRegistry/REGISTRIES]: Registry minecraft:item: Object did not get ID it asked for. Name: ic2:treetap Expected: 1555 Got: 9803
[11:52:44] [Render thread/WARN] [ne.mi.re.ForgeRegistry/REGISTRIES]: Registry minecraft:item: Object did not get ID it asked for. Name: ic2:bronze_axe Expected: 1557 Got: 9804
[11:52:44] [Render thread/WARN] [ne.mi.re.ForgeRegistry/REGISTRIES]: Registry minecraft:item: Object did not get ID it asked for. Name: ic2:bronze_hoe Expected: 1558 Got: 9805
[11:52:44] [Render thread/WARN] [ne.mi.re.ForgeRegistry/REGISTRIES]: Registry minecraft:item: Object did not get ID it asked for. Name: ic2:bronze_sword Expected: 1559 Got: 9806
[11:52:44] [Render thread/WARN] [ne.mi.re.ForgeRegistry/REGISTRIES]: Registry minecraft:item: Object did not get ID it asked for. Name: ic2:bronze_shovel Expected: 1560 Got: 9807
[11:52:44] [Render thread/WARN] [ne.mi.re.ForgeRegistry/REGISTRIES]: Registry minecraft:item: Object did not get ID it asked for. Name: ic2:bronze_pickaxe Expected: 1561 Got: 9808
[11:52:44] [Render thread/WARN] [ne.mi.re.ForgeRegistry/REGISTRIES]: Registry minecraft:item: Object did not get ID it asked for. Name: ic2:empty_mug Expected: 1562 Got: 9809
[11:52:44] [Render thread/WARN] [ne.mi.re.ForgeRegistry/REGISTRIES]: Registry minecraft:item: Object did not get ID it asked for. Name: ic2:coffee_mug Expected: 1563 Got: 9810
[11:52:44] [Render thread/WARN] [ne.mi.re.ForgeRegistry/REGISTRIES]: Registry minecraft:item: Object did not get ID it asked for. Name: ic2:cold_coffee_mug Expected: 1564 Got: 9811
[11:52:44] [Render thread/WARN] [ne.mi.re.ForgeRegistry/REGISTRIES]: Registry minecraft:item: Object did not get ID it asked for. Name: ic2:dark_coffee_mug Expected: 1565 Got: 9812
[11:52:44] [Render thread/WARN] [ne.mi.re.ForgeRegistry/REGISTRIES]: Registry minecraft:item: Object did not get ID it asked for. Name: ic2:crop_stick Expected: 1566 Got: 9813
[11:52:44] [Render thread/WARN] [ne.mi.re.ForgeRegistry/REGISTRIES]: Registry minecraft:item: Object did not get ID it asked for. Name: ic2:crop_seed_bag Expected: 1567 Got: 9814
[11:52:44] [Render thread/WARN] [ne.mi.re.ForgeRegistry/REGISTRIES]: Registry minecraft:item: Object did not get ID it asked for. Name: ic2:weed Expected: 1573 Got: 9815
[11:52:44] [Render thread/WARN] [ne.mi.re.ForgeRegistry/REGISTRIES]: Registry minecraft:item: Object did not get ID it asked for. Name: ic2:terra_wart Expected: 1574 Got: 9816
[11:52:44] [Render thread/WARN] [ne.mi.re.ForgeRegistry/REGISTRIES]: Registry minecraft:item: Object did not get ID it asked for. Name: ic2:advanced_scanner Expected: 1575 Got: 9817
[11:52:44] [Render thread/WARN] [ne.mi.re.ForgeRegistry/REGISTRIES]: Registry minecraft:item: Object did not get ID it asked for. Name: ic2:electric_treetap Expected: 1580 Got: 9818
[11:52:44] [Render thread/WARN] [ne.mi.re.ForgeRegistry/REGISTRIES]: Registry minecraft:item: Object did not get ID it asked for. Name: ic2:iridium_drill Expected: 1582 Got: 9819
[11:52:44] [Render thread/WARN] [ne.mi.re.ForgeRegistry/REGISTRIES]: Registry minecraft:item: Object did not get ID it asked for. Name: ic2:scanner Expected: 1585 Got: 9820
[11:52:44] [Render thread/WARN] [ne.mi.re.ForgeRegistry/REGISTRIES]: Registry minecraft:item: Object did not get ID it asked for. Name: ic2:wind_meter Expected: 1586 Got: 9821
[11:52:44] [Render thread/WARN] [ne.mi.re.ForgeRegistry/REGISTRIES]: Registry minecraft:item: Object did not get ID it asked for. Name: ic2:black_painter Expected: 1588 Got: 9822
[11:52:44] [Render thread/WARN] [ne.mi.re.ForgeRegistry/REGISTRIES]: Registry minecraft:item: Object did not get ID it asked for. Name: ic2:blue_painter Expected: 1589 Got: 9823
[11:52:44] [Render thread/WARN] [ne.mi.re.ForgeRegistry/REGISTRIES]: Registry minecraft:item: Object did not get ID it asked for. Name: ic2:brown_painter Expected: 1590 Got: 9824
[11:52:44] [Render thread/WARN] [ne.mi.re.ForgeRegistry/REGISTRIES]: Registry minecraft:item: Object did not get ID it asked for. Name: ic2:cyan_painter Expected: 1591 Got: 9825
[11:52:44] [Render thread/WARN] [ne.mi.re.ForgeRegistry/REGISTRIES]: Registry minecraft:item: Object did not get ID it asked for. Name: ic2:gray_painter Expected: 1592 Got: 9826
[11:52:44] [Render thread/WARN] [ne.mi.re.ForgeRegistry/REGISTRIES]: Registry minecraft:item: Object did not get ID it asked for. Name: ic2:green_painter Expected: 1593 Got: 9827
[11:52:44] [Render thread/WARN] [ne.mi.re.ForgeRegistry/REGISTRIES]: Registry minecraft:item: Object did not get ID it asked for. Name: ic2:light_blue_painter Expected: 1594 Got: 9828
[11:52:44] [Render thread/WARN] [ne.mi.re.ForgeRegistry/REGISTRIES]: Registry minecraft:item: Object did not get ID it asked for. Name: ic2:light_gray_painter Expected: 1595 Got: 9829
[11:52:44] [Render thread/WARN] [ne.mi.re.ForgeRegistry/REGISTRIES]: Registry minecraft:item: Object did not get ID it asked for. Name: ic2:lime_painter Expected: 1596 Got: 9830
[11:52:44] [Render thread/WARN] [ne.mi.re.ForgeRegistry/REGISTRIES]: Registry minecraft:item: Object did not get ID it asked for. Name: ic2:magenta_painter Expected: 1597 Got: 9831
[11:52:44] [Render thread/WARN] [ne.mi.re.ForgeRegistry/REGISTRIES]: Registry minecraft:item: Object did not get ID it asked for. Name: ic2:orange_painter Expected: 1598 Got: 9832
[11:52:44] [Render thread/WARN] [ne.mi.re.ForgeRegistry/REGISTRIES]: Registry minecraft:item: Object did not get ID it asked for. Name: ic2:pink_painter Expected: 1599 Got: 9833
[11:52:44] [Render thread/WARN] [ne.mi.re.ForgeRegistry/REGISTRIES]: Registry minecraft:item: Object did not get ID it asked for. Name: ic2:purple_painter Expected: 1600 Got: 9834
[11:52:44] [Render thread/WARN] [ne.mi.re.ForgeRegistry/REGISTRIES]: Registry minecraft:item: Object did not get ID it asked for. Name: ic2:red_painter Expected: 1601 Got: 9835
[11:52:44] [Render thread/WARN] [ne.mi.re.ForgeRegistry/REGISTRIES]: Registry minecraft:item: Object did not get ID it asked for. Name: ic2:white_painter Expected: 1602 Got: 9836
[11:52:44] [Render thread/WARN] [ne.mi.re.ForgeRegistry/REGISTRIES]: Registry minecraft:item: Object did not get ID it asked for. Name: ic2:yellow_painter Expected: 1603 Got: 9837
[11:52:44] [Render thread/WARN] [ne.mi.re.ForgeRegistry/REGISTRIES]: Registry minecraft:item: Object did not get ID it asked for. Name: ic2:empty_cell Expected: 1604 Got: 9838
[11:52:44] [Render thread/WARN] [ne.mi.re.ForgeRegistry/REGISTRIES]: Registry minecraft:item: Object did not get ID it asked for. Name: ic2:water_cell Expected: 1605 Got: 9839
[11:52:44] [Render thread/WARN] [ne.mi.re.ForgeRegistry/REGISTRIES]: Registry minecraft:item: Object did not get ID it asked for. Name: ic2:lava_cell Expected: 1606 Got: 9840
[11:52:44] [Render thread/WARN] [ne.mi.re.ForgeRegistry/REGISTRIES]: Registry minecraft:item: Object did not get ID it asked for. Name: ic2:air_cell Expected: 1607 Got: 9841
[11:52:44] [Render thread/WARN] [ne.mi.re.ForgeRegistry/REGISTRIES]: Registry minecraft:item: Object did not get ID it asked for. Name: ic2:electrolyzed_water_cell Expected: 1608 Got: 9842
[11:52:44] [Render thread/WARN] [ne.mi.re.ForgeRegistry/REGISTRIES]: Registry minecraft:item: Object did not get ID it asked for. Name: ic2:biofuel_cell Expected: 1609 Got: 9843
[11:52:44] [Render thread/WARN] [ne.mi.re.ForgeRegistry/REGISTRIES]: Registry minecraft:item: Object did not get ID it asked for. Name: ic2:coalfuel_cell Expected: 1610 Got: 9844
[11:52:44] [Render thread/WARN] [ne.mi.re.ForgeRegistry/REGISTRIES]: Registry minecraft:item: Object did not get ID it asked for. Name: ic2:bio_cell Expected: 1611 Got: 9845
[11:52:44] [Render thread/WARN] [ne.mi.re.ForgeRegistry/REGISTRIES]: Registry minecraft:item: Object did not get ID it asked for. Name: ic2:hydrated_coal_cell Expected: 1612 Got: 9846
[11:52:44] [Render thread/WARN] [ne.mi.re.ForgeRegistry/REGISTRIES]: Registry minecraft:item: Object did not get ID it asked for. Name: ic2:weed_ex_cell Expected: 1613 Got: 9847
[11:52:44] [Render thread/WARN] [ne.mi.re.ForgeRegistry/REGISTRIES]: Registry minecraft:item: Object did not get ID it asked for. Name: ic2:overclocker_upgrade Expected: 1615 Got: 9848
[11:52:44] [Render thread/WARN] [ne.mi.re.ForgeRegistry/REGISTRIES]: Registry minecraft:item: Object did not get ID it asked for. Name: ic2:transformer_upgrade Expected: 1616 Got: 9849
[11:52:44] [Render thread/WARN] [ne.mi.re.ForgeRegistry/REGISTRIES]: Registry minecraft:item: Object did not get ID it asked for. Name: ic2:energy_storage_upgrade Expected: 1617 Got: 9850
[11:52:44] [Render thread/WARN] [ne.mi.re.ForgeRegistry/REGISTRIES]: Registry minecraft:item: Object did not get ID it asked for. Name: ic2:redstone_inverter_upgrade Expected: 1618 Got: 9851
[11:52:44] [Render thread/WARN] [ne.mi.re.ForgeRegistry/REGISTRIES]: Registry minecraft:item: Object did not get ID it asked for. Name: ic2:ejector_upgrade Expected: 1619 Got: 9852
[11:52:44] [Render thread/WARN] [ne.mi.re.ForgeRegistry/REGISTRIES]: Registry minecraft:item: Object did not get ID it asked for. Name: ic2:advanced_ejector_upgrade Expected: 1620 Got: 9853
[11:52:44] [Render thread/WARN] [ne.mi.re.ForgeRegistry/REGISTRIES]: Registry minecraft:item: Object did not get ID it asked for. Name: ic2:pulling_upgrade Expected: 1621 Got: 9854
[11:52:44] [Render thread/WARN] [ne.mi.re.ForgeRegistry/REGISTRIES]: Registry minecraft:item: Object did not get ID it asked for. Name: ic2:advanced_pulling_upgrade Expected: 1622 Got: 9855
[11:52:44] [Render thread/WARN] [ne.mi.re.ForgeRegistry/REGISTRIES]: Registry minecraft:item: Object did not get ID it asked for. Name: ic2:fluid_ejector_upgrade Expected: 1623 Got: 9856
[11:52:44] [Render thread/WARN] [ne.mi.re.ForgeRegistry/REGISTRIES]: Registry minecraft:item: Object did not get ID it asked for. Name: ic2:fluid_pulling_upgrade Expected: 1624 Got: 9857
[11:52:44] [Render thread/WARN] [ne.mi.re.ForgeRegistry/REGISTRIES]: Registry minecraft:item: Object did not get ID it asked for. Name: ic2:remote_interface_upgrade Expected: 1625 Got: 9858
[11:52:44] [Render thread/WARN] [ne.mi.re.ForgeRegistry/REGISTRIES]: Registry minecraft:item: Object did not get ID it asked for. Name: ic2:filled_fuel_can Expected: 1627 Got: 9859
[11:52:44] [Render thread/WARN] [ne.mi.re.ForgeRegistry/REGISTRIES]: Registry minecraft:item: Object did not get ID it asked for. Name: ic2:alloy_chestplate Expected: 1628 Got: 9860
[11:52:44] [Render thread/WARN] [ne.mi.re.ForgeRegistry/REGISTRIES]: Registry minecraft:item: Object did not get ID it asked for. Name: ic2:bronze_boots Expected: 1629 Got: 9861
[11:52:44] [Render thread/WARN] [ne.mi.re.ForgeRegistry/REGISTRIES]: Registry minecraft:item: Object did not get ID it asked for. Name: ic2:bronze_chestplate Expected: 1630 Got: 9862
[11:52:44] [Render thread/WARN] [ne.mi.re.ForgeRegistry/REGISTRIES]: Registry minecraft:item: Object did not get ID it asked for. Name: ic2:bronze_helmet Expected: 1631 Got: 9863
[11:52:44] [Render thread/WARN] [ne.mi.re.ForgeRegistry/REGISTRIES]: Registry minecraft:item: Object did not get ID it asked for. Name: ic2:bronze_leggings Expected: 1632 Got: 9864
[11:52:44] [Render thread/WARN] [ne.mi.re.ForgeRegistry/REGISTRIES]: Registry minecraft:item: Object did not get ID it asked for. Name: ic2:hazmat_chestplate Expected: 1634 Got: 9865
[11:52:44] [Render thread/WARN] [ne.mi.re.ForgeRegistry/REGISTRIES]: Registry minecraft:item: Object did not get ID it asked for. Name: ic2:hazmat_helmet Expected: 1635 Got: 9866
[11:52:44] [Render thread/WARN] [ne.mi.re.ForgeRegistry/REGISTRIES]: Registry minecraft:item: Object did not get ID it asked for. Name: ic2:hazmat_leggings Expected: 1636 Got: 9867
[11:52:44] [Render thread/WARN] [ne.mi.re.ForgeRegistry/REGISTRIES]: Registry minecraft:item: Object did not get ID it asked for. Name: ic2:jetpack Expected: 1637 Got: 9868
[11:52:44] [Render thread/WARN] [ne.mi.re.ForgeRegistry/REGISTRIES]: Registry minecraft:item: Object did not get ID it asked for. Name: ic2:nano_boots Expected: 1638 Got: 9869
[11:52:44] [Render thread/WARN] [ne.mi.re.ForgeRegistry/REGISTRIES]: Registry minecraft:item: Object did not get ID it asked for. Name: ic2:nano_chestplate Expected: 1639 Got: 9870
[11:52:44] [Render thread/WARN] [ne.mi.re.ForgeRegistry/REGISTRIES]: Registry minecraft:item: Object did not get ID it asked for. Name: ic2:nano_helmet Expected: 1640 Got: 9871
[11:52:44] [Render thread/WARN] [ne.mi.re.ForgeRegistry/REGISTRIES]: Registry minecraft:item: Object did not get ID it asked for. Name: ic2:nano_leggings Expected: 1641 Got: 9872
[11:52:44] [Render thread/WARN] [ne.mi.re.ForgeRegistry/REGISTRIES]: Registry minecraft:item: Object did not get ID it asked for. Name: ic2:quantum_boots Expected: 1642 Got: 9873
[11:52:44] [Render thread/WARN] [ne.mi.re.ForgeRegistry/REGISTRIES]: Registry minecraft:item: Object did not get ID it asked for. Name: ic2:quantum_chestplate Expected: 1643 Got: 9874
[11:52:44] [Render thread/WARN] [ne.mi.re.ForgeRegistry/REGISTRIES]: Registry minecraft:item: Object did not get ID it asked for. Name: ic2:quantum_helmet Expected: 1644 Got: 9875
[11:52:44] [Render thread/WARN] [ne.mi.re.ForgeRegistry/REGISTRIES]: Registry minecraft:item: Object did not get ID it asked for. Name: ic2:quantum_leggings Expected: 1645 Got: 9876
[11:52:44] [Render thread/WARN] [ne.mi.re.ForgeRegistry/REGISTRIES]: Registry minecraft:item: Object did not get ID it asked for. Name: ic2:rubber_boots Expected: 1646 Got: 9877
[11:52:44] [Render thread/WARN] [ne.mi.re.ForgeRegistry/REGISTRIES]: Registry minecraft:item: Object did not get ID it asked for. Name: ic2:night_vision_goggles Expected: 1647 Got: 9878
[11:52:44] [Render thread/WARN] [ne.mi.re.ForgeRegistry/REGISTRIES]: Registry minecraft:item: Object did not get ID it asked for. Name: ic2:bronze_rotor Expected: 1649 Got: 9879
[11:52:44] [Render thread/WARN] [ne.mi.re.ForgeRegistry/REGISTRIES]: Registry minecraft:item: Object did not get ID it asked for. Name: ic2:steel_rotor Expected: 1651 Got: 9880
[11:52:44] [Render thread/WARN] [ne.mi.re.ForgeRegistry/REGISTRIES]: Registry minecraft:item: Object did not get ID it asked for. Name: ic2:iron_cutting_blade Expected: 3331 Got: 9881
[11:52:44] [Render thread/WARN] [ne.mi.re.ForgeRegistry/REGISTRIES]: Registry minecraft:item: Object did not get ID it asked for. Name: ic2:diamond_cutting_blade Expected: 3332 Got: 9882
[11:52:44] [Render thread/WARN] [ne.mi.re.ForgeRegistry/REGISTRIES]: Registry minecraft:item: Object did not get ID it asked for. Name: ic2:steel_cutting_blade Expected: 3333 Got: 9883
[11:52:44] [Render thread/WARN] [ne.mi.re.ForgeRegistry/REGISTRIES]: Registry minecraft:item: Object did not get ID it asked for. Name: ic2:meter Expected: 3335 Got: 9884
[11:52:44] [Render thread/WARN] [ne.mi.re.ForgeRegistry/REGISTRIES]: Registry minecraft:item: Object did not get ID it asked for. Name: ic2:crowbar Expected: 3337 Got: 9885
[11:52:44] [Render thread/WARN] [ne.mi.re.ForgeRegistry/REGISTRIES]: Registry minecraft:item: Object did not get ID it asked for. Name: ic2:charging_re_battery Expected: 3338 Got: 9886
[11:52:44] [Render thread/WARN] [ne.mi.re.ForgeRegistry/REGISTRIES]: Registry minecraft:item: Object did not get ID it asked for. Name: ic2:advanced_charging_re_battery Expected: 3339 Got: 9887
[11:52:44] [Render thread/WARN] [ne.mi.re.ForgeRegistry/REGISTRIES]: Registry minecraft:item: Object did not get ID it asked for. Name: ic2:charging_energy_crystal Expected: 3340 Got: 9888
[11:52:44] [Render thread/WARN] [ne.mi.re.ForgeRegistry/REGISTRIES]: Registry minecraft:item: Object did not get ID it asked for. Name: ic2:charging_lapotron_crystal Expected: 3341 Got: 9889
[11:52:44] [Render thread/WARN] [ne.mi.re.ForgeRegistry/REGISTRIES]: Registry minecraft:item: Object did not get ID it asked for. Name: ic2:advanced_batpack Expected: 3343 Got: 9890
[11:52:44] [Render thread/WARN] [ne.mi.re.ForgeRegistry/REGISTRIES]: Registry minecraft:item: Object did not get ID it asked for. Name: ic2:energy_pack Expected: 3344 Got: 9891
[11:52:44] [Render thread/WARN] [ne.mi.re.ForgeRegistry/REGISTRIES]: Registry minecraft:item: Object did not get ID it asked for. Name: ic2:cropnalyzer Expected: 3347 Got: 9892
[11:52:44] [Render thread/WARN] [ne.mi.re.ForgeRegistry/REGISTRIES]: Registry minecraft:item: Object did not get ID it asked for. Name: ic2:jetpack_electric Expected: 3349 Got: 9893
[11:52:44] [Render thread/WARN] [ne.mi.re.ForgeRegistry/REGISTRIES]: Registry minecraft:item: Object did not get ID it asked for. Name: ic2:weeding_trowel Expected: 3350 Got: 9894
[11:52:44] [Render thread/WARN] [ne.mi.re.ForgeRegistry/REGISTRIES]: Registry minecraft:item: Object did not get ID it asked for. Name: ic2:iodine_tablet Expected: 3353 Got: 9895
[11:52:44] [Render thread/WARN] [ne.mi.re.ForgeRegistry/REGISTRIES]: Registry minecraft:item: Object did not get ID it asked for. Name: ic2:upgrade_kit Expected: 3354 Got: 9896
[11:52:44] [Render thread/WARN] [ne.mi.re.ForgeRegistry/REGISTRIES]: Registry minecraft:item: Object did not get ID it asked for. Name: ic2:containment_box Expected: 3355 Got: 9897
[11:52:44] [Render thread/WARN] [ne.mi.re.ForgeRegistry/REGISTRIES]: Registry minecraft:item: Object did not get ID it asked for. Name: ic2:fluid_cell Expected: 3356 Got: 9898
[11:52:44] [Render thread/WARN] [ne.mi.re.ForgeRegistry/REGISTRIES]: Registry minecraft:item: Object did not get ID it asked for. Name: ic2:dynamite_sticky Expected: 3358 Got: 9899
[11:52:44] [Render thread/WARN] [ne.mi.re.ForgeRegistry/REGISTRIES]: Registry minecraft:item: Object did not get ID it asked for. Name: ic2:remote Expected: 3359 Got: 9900
[11:52:44] [Render thread/WARN] [ne.mi.re.ForgeRegistry/REGISTRIES]: Registry minecraft:item: Object did not get ID it asked for. Name: ic2:luminator_flat Expected: 3360 Got: 9901
[11:52:44] [Render thread/WARN] [ne.mi.re.ForgeRegistry/REGISTRIES]: Registry minecraft:item: Object did not get ID it asked for. Name: ic2:refractory_bricks Expected: 3361 Got: 9902
[11:52:44] [Render thread/WARN] [ne.mi.re.ForgeRegistry/REGISTRIES]: Registry minecraft:item: Object did not get ID it asked for. Name: ic2:coke Expected: 3362 Got: 9903
[11:52:44] [Render thread/WARN] [ne.mi.re.ForgeRegistry/REGISTRIES]: Registry minecraft:item: Object did not get ID it asked for. Name: ic2:coke_kiln Expected: 3363 Got: 9904
[11:52:44] [Render thread/WARN] [ne.mi.re.ForgeRegistry/REGISTRIES]: Registry minecraft:item: Object did not get ID it asked for. Name: ic2:coke_kiln_hatch Expected: 3364 Got: 9905
[11:52:44] [Render thread/WARN] [ne.mi.re.ForgeRegistry/REGISTRIES]: Registry minecraft:item: Object did not get ID it asked for. Name: ic2:coke_kiln_grate Expected: 3365 Got: 9906
[11:52:44] [Render thread/WARN] [ne.mi.re.ForgeRegistry/REGISTRIES]: Registry minecraft:item: Object did not get ID it asked for. Name: ic2:booze_mug Expected: 3367 Got: 9907
[11:52:44] [Render thread/WARN] [ne.mi.re.ForgeRegistry/REGISTRIES]: Registry minecraft:item: Object did not get ID it asked for. Name: ic2:cover Expected: 3369 Got: 9908
[11:52:44] [Render thread/WARN] [ne.mi.re.ForgeRegistry/REGISTRIES]: Registry minecraft:item: Object did not get ID it asked for. Name: ic2:ender_pearl_dust Expected: 3370 Got: 9909
[11:52:44] [Render thread/WARN] [ne.mi.re.ForgeRegistry/REGISTRIES]: Registry minecraft:item: Object did not get ID it asked for. Name: ic2:ender_eye_dust Expected: 3371 Got: 9910
[11:52:44] [Render thread/WARN] [ne.mi.re.ForgeRegistry/REGISTRIES]: Registry minecraft:item: Object did not get ID it asked for. Name: ic2:milk_dust Expected: 3372 Got: 9911
[11:52:44] [Render thread/WARN] [ne.mi.re.ForgeRegistry/REGISTRIES]: Registry minecraft:item: Object did not get ID it asked for. Name: ic2:emerald_dust Expected: 3373 Got: 9912
[11:52:44] [Render thread/WARN] [ne.mi.re.ForgeRegistry/REGISTRIES]: Registry minecraft:item: Object did not get ID it asked for. Name: ic2:small_emerald_dust Expected: 3374 Got: 9913
[11:52:44] [Render thread/WARN] [ne.mi.re.ForgeRegistry/REGISTRIES]: Registry minecraft:item: Object did not get ID it asked for. Name: ic2:small_diamond_dust Expected: 3375 Got: 9914
[11:52:44] [Render thread/WARN] [ne.mi.re.ForgeRegistry/REGISTRIES]: Registry minecraft:item: Object did not get ID it asked for. Name: ic2:milk_wart Expected: 3376 Got: 9915
[11:52:44] [Render thread/WARN] [ne.mi.re.ForgeRegistry/REGISTRIES]: Registry minecraft:item: Object did not get ID it asked for. Name: ic2:oil_berry Expected: 3377 Got: 9916
[11:52:44] [Render thread/WARN] [ne.mi.re.ForgeRegistry/REGISTRIES]: Registry minecraft:item: Object did not get ID it asked for. Name: ic2:bobs_yer_uncle_ranks_berry Expected: 3378 Got: 9917
[11:52:44] [Render thread/WARN] [ne.mi.re.ForgeRegistry/REGISTRIES]: Registry minecraft:sound_event: Object did not get ID it asked for. Name: ic2:item.treetap.use Expected: 1439 Got: 1531
[11:52:44] [Render thread/WARN] [ne.mi.re.ForgeRegistry/REGISTRIES]: Registry minecraft:sound_event: Object did not get ID it asked for. Name: ic2:item.wrench.use Expected: 1440 Got: 1532
[11:52:44] [Render thread/WARN] [ne.mi.re.ForgeRegistry/REGISTRIES]: Registry minecraft:sound_event: Object did not get ID it asked for. Name: ic2:item.cutter.use Expected: 1441 Got: 1533
[11:52:44] [Render thread/WARN] [ne.mi.re.ForgeRegistry/REGISTRIES]: Registry minecraft:sound_event: Object did not get ID it asked for. Name: ic2:item.painter.use Expected: 1442 Got: 1534
[11:52:44] [Render thread/WARN] [ne.mi.re.ForgeRegistry/REGISTRIES]: Registry minecraft:sound_event: Object did not get ID it asked for. Name: ic2:item.electric.shutdown Expected: 1443 Got: 1535
[11:52:44] [Render thread/WARN] [ne.mi.re.ForgeRegistry/REGISTRIES]: Registry minecraft:sound_event: Object did not get ID it asked for. Name: ic2:item.battery.use Expected: 1444 Got: 1536
[11:52:44] [Render thread/WARN] [ne.mi.re.ForgeRegistry/REGISTRIES]: Registry minecraft:sound_event: Object did not get ID it asked for. Name: ic2:item.treetap.electric.use Expected: 1445 Got: 1537
[11:52:44] [Render thread/WARN] [ne.mi.re.ForgeRegistry/REGISTRIES]: Registry minecraft:sound_event: Object did not get ID it asked for. Name: ic2:item.chainsaw.idle Expected: 1446 Got: 1538
[11:52:44] [Render thread/WARN] [ne.mi.re.ForgeRegistry/REGISTRIES]: Registry minecraft:sound_event: Object did not get ID it asked for. Name: ic2:item.chainsaw.stop Expected: 1447 Got: 1539
[11:52:44] [Render thread/WARN] [ne.mi.re.ForgeRegistry/REGISTRIES]: Registry minecraft:sound_event: Object did not get ID it asked for. Name: ic2:item.chainsaw.use1 Expected: 1448 Got: 1540
[11:52:44] [Render thread/WARN] [ne.mi.re.ForgeRegistry/REGISTRIES]: Registry minecraft:sound_event: Object did not get ID it asked for. Name: ic2:item.chainsaw.use2 Expected: 1449 Got: 1541
[11:52:44] [Render thread/WARN] [ne.mi.re.ForgeRegistry/REGISTRIES]: Registry minecraft:sound_event: Object did not get ID it asked for. Name: ic2:item.drill.idle Expected: 1450 Got: 1542
[11:52:44] [Render thread/WARN] [ne.mi.re.ForgeRegistry/REGISTRIES]: Registry minecraft:sound_event: Object did not get ID it asked for. Name: ic2:item.drill.hard Expected: 1451 Got: 1543
[11:52:44] [Render thread/WARN] [ne.mi.re.ForgeRegistry/REGISTRIES]: Registry minecraft:sound_event: Object did not get ID it asked for. Name: ic2:item.drill.soft Expected: 1452 Got: 1544
[11:52:44] [Render thread/WARN] [ne.mi.re.ForgeRegistry/REGISTRIES]: Registry minecraft:sound_event: Object did not get ID it asked for. Name: ic2:item.laser.shoot Expected: 1453 Got: 1545
[11:52:44] [Render thread/WARN] [ne.mi.re.ForgeRegistry/REGISTRIES]: Registry minecraft:sound_event: Object did not get ID it asked for. Name: ic2:item.laser.explosive Expected: 1454 Got: 1546
[11:52:44] [Render thread/WARN] [ne.mi.re.ForgeRegistry/REGISTRIES]: Registry minecraft:sound_event: Object did not get ID it asked for. Name: ic2:item.laser.long_range Expected: 1455 Got: 1547
[11:52:44] [Render thread/WARN] [ne.mi.re.ForgeRegistry/REGISTRIES]: Registry minecraft:sound_event: Object did not get ID it asked for. Name: ic2:item.laser.low_focus Expected: 1456 Got: 1548
[11:52:44] [Render thread/WARN] [ne.mi.re.ForgeRegistry/REGISTRIES]: Registry minecraft:sound_event: Object did not get ID it asked for. Name: ic2:item.laser.scatter Expected: 1457 Got: 1549
[11:52:44] [Render thread/WARN] [ne.mi.re.ForgeRegistry/REGISTRIES]: Registry minecraft:sound_event: Object did not get ID it asked for. Name: ic2:item.nanosaber.idle Expected: 1458 Got: 1550
[11:52:44] [Render thread/WARN] [ne.mi.re.ForgeRegistry/REGISTRIES]: Registry minecraft:sound_event: Object did not get ID it asked for. Name: ic2:item.nanosaber.power_up Expected: 1459 Got: 1551
[11:52:44] [Render thread/WARN] [ne.mi.re.ForgeRegistry/REGISTRIES]: Registry minecraft:sound_event: Object did not get ID it asked for. Name: ic2:item.nanosaber.swing1 Expected: 1460 Got: 1552
[11:52:44] [Render thread/WARN] [ne.mi.re.ForgeRegistry/REGISTRIES]: Registry minecraft:sound_event: Object did not get ID it asked for. Name: ic2:item.nanosaber.swing2 Expected: 1461 Got: 1553
[11:52:44] [Render thread/WARN] [ne.mi.re.ForgeRegistry/REGISTRIES]: Registry minecraft:sound_event: Object did not get ID it asked for. Name: ic2:item.nanosaber.swing3 Expected: 1462 Got: 1554
[11:52:44] [Render thread/WARN] [ne.mi.re.ForgeRegistry/REGISTRIES]: Registry minecraft:sound_event: Object did not get ID it asked for. Name: ic2:item.scanner.use Expected: 1463 Got: 1555
[11:52:44] [Render thread/WARN] [ne.mi.re.ForgeRegistry/REGISTRIES]: Registry minecraft:sound_event: Object did not get ID it asked for. Name: ic2:generator.generator.loop Expected: 1464 Got: 1556
[11:52:44] [Render thread/WARN] [ne.mi.re.ForgeRegistry/REGISTRIES]: Registry minecraft:sound_event: Object did not get ID it asked for. Name: ic2:generator.geothermal.loop Expected: 1465 Got: 1557
[11:52:44] [Render thread/WARN] [ne.mi.re.ForgeRegistry/REGISTRIES]: Registry minecraft:sound_event: Object did not get ID it asked for. Name: ic2:generator.water.loop Expected: 1466 Got: 1558
[11:52:44] [Render thread/WARN] [ne.mi.re.ForgeRegistry/REGISTRIES]: Registry minecraft:sound_event: Object did not get ID it asked for. Name: ic2:generator.wind.loop Expected: 1467 Got: 1559
[11:52:44] [Render thread/WARN] [ne.mi.re.ForgeRegistry/REGISTRIES]: Registry minecraft:sound_event: Object did not get ID it asked for. Name: ic2:generator.nuclear.loop Expected: 1468 Got: 1560
[11:52:44] [Render thread/WARN] [ne.mi.re.ForgeRegistry/REGISTRIES]: Registry minecraft:sound_event: Object did not get ID it asked for. Name: ic2:generator.nuclear.power.low Expected: 1469 Got: 1561
[11:52:44] [Render thread/WARN] [ne.mi.re.ForgeRegistry/REGISTRIES]: Registry minecraft:sound_event: Object did not get ID it asked for. Name: ic2:generator.nuclear.power.medium Expected: 1470 Got: 1562
[11:52:44] [Render thread/WARN] [ne.mi.re.ForgeRegistry/REGISTRIES]: Registry minecraft:sound_event: Object did not get ID it asked for. Name: ic2:generator.nuclear.power.high Expected: 1471 Got: 1563
[11:52:44] [Render thread/WARN] [ne.mi.re.ForgeRegistry/REGISTRIES]: Registry minecraft:sound_event: Object did not get ID it asked for. Name: ic2:machine.overload Expected: 1472 Got: 1564
[11:52:44] [Render thread/WARN] [ne.mi.re.ForgeRegistry/REGISTRIES]: Registry minecraft:sound_event: Object did not get ID it asked for. Name: ic2:machine.interrupt1 Expected: 1473 Got: 1565
[11:52:44] [Render thread/WARN] [ne.mi.re.ForgeRegistry/REGISTRIES]: Registry minecraft:sound_event: Object did not get ID it asked for. Name: ic2:machine.canner.operate Expected: 1474 Got: 1566
[11:52:44] [Render thread/WARN] [ne.mi.re.ForgeRegistry/REGISTRIES]: Registry minecraft:sound_event: Object did not get ID it asked for. Name: ic2:machine.canner.reverse Expected: 1475 Got: 1567
[11:52:44] [Render thread/WARN] [ne.mi.re.ForgeRegistry/REGISTRIES]: Registry minecraft:sound_event: Object did not get ID it asked for. Name: ic2:machine.compressor.operate Expected: 1476 Got: 1568
[11:52:44] [Render thread/WARN] [ne.mi.re.ForgeRegistry/REGISTRIES]: Registry minecraft:sound_event: Object did not get ID it asked for. Name: ic2:machine.electrolyzer.loop Expected: 1477 Got: 1569
[11:52:44] [Render thread/WARN] [ne.mi.re.ForgeRegistry/REGISTRIES]: Registry minecraft:sound_event: Object did not get ID it asked for. Name: ic2:machine.extractor.operate Expected: 1478 Got: 1570
[11:52:44] [Render thread/WARN] [ne.mi.re.ForgeRegistry/REGISTRIES]: Registry minecraft:sound_event: Object did not get ID it asked for. Name: ic2:machine.fabricator.loop Expected: 1479 Got: 1571
[11:52:44] [Render thread/WARN] [ne.mi.re.ForgeRegistry/REGISTRIES]: Registry minecraft:sound_event: Object did not get ID it asked for. Name: ic2:machine.fabricator.scrap Expected: 1480 Got: 1572
[11:52:44] [Render thread/WARN] [ne.mi.re.ForgeRegistry/REGISTRIES]: Registry minecraft:sound_event: Object did not get ID it asked for. Name: ic2:machine.furnace.electric.start Expected: 1481 Got: 1573
[11:52:44] [Render thread/WARN] [ne.mi.re.ForgeRegistry/REGISTRIES]: Registry minecraft:sound_event: Object did not get ID it asked for. Name: ic2:machine.furnace.electric.stop Expected: 1482 Got: 1574
[11:52:44] [Render thread/WARN] [ne.mi.re.ForgeRegistry/REGISTRIES]: Registry minecraft:sound_event: Object did not get ID it asked for. Name: ic2:machine.furnace.electric.loop Expected: 1483 Got: 1575
[11:52:44] [Render thread/WARN] [ne.mi.re.ForgeRegistry/REGISTRIES]: Registry minecraft:sound_event: Object did not get ID it asked for. Name: ic2:machine.furnace.induction.start Expected: 1484 Got: 1576
[11:52:44] [Render thread/WARN] [ne.mi.re.ForgeRegistry/REGISTRIES]: Registry minecraft:sound_event: Object did not get ID it asked for. Name: ic2:machine.furnace.induction.stop Expected: 1485 Got: 1577
[11:52:44] [Render thread/WARN] [ne.mi.re.ForgeRegistry/REGISTRIES]: Registry minecraft:sound_event: Object did not get ID it asked for. Name: ic2:machine.furnace.induction.loop Expected: 1486 Got: 1578
[11:52:44] [Render thread/WARN] [ne.mi.re.ForgeRegistry/REGISTRIES]: Registry minecraft:sound_event: Object did not get ID it asked for. Name: ic2:machine.macerator.operate Expected: 1487 Got: 1579
[11:52:44] [Render thread/WARN] [ne.mi.re.ForgeRegistry/REGISTRIES]: Registry minecraft:sound_event: Object did not get ID it asked for. Name: ic2:machine.pump.operate Expected: 1488 Got: 1580
[11:52:44] [Render thread/WARN] [ne.mi.re.ForgeRegistry/REGISTRIES]: Registry minecraft:sound_event: Object did not get ID it asked for. Name: ic2:machine.recycler.operate Expected: 1489 Got: 1581
[11:52:44] [Render thread/WARN] [ne.mi.re.ForgeRegistry/REGISTRIES]: Registry minecraft:sound_event: Object did not get ID it asked for. Name: ic2:block.nuke.explode Expected: 1490 Got: 1582
[11:52:44] [Render thread/WARN] [ne.mi.re.ForgeRegistry/REGISTRIES]: Registry minecraft:sound_event: Object did not get ID it asked for. Name: ic2:item.iodine_tablet.eat Expected: 1491 Got: 1583
[11:52:44] [Render thread/WARN] [ne.mi.re.ForgeRegistry/REGISTRIES]: Registry minecraft:sound_event: Object did not get ID it asked for. Name: ic2:item.remote.use Expected: 1492 Got: 1584
[11:52:44] [Render thread/WARN] [ne.mi.re.ForgeRegistry/REGISTRIES]: Registry minecraft:sound_event: Object did not get ID it asked for. Name: ic2:item.crowbar.use Expected: 1493 Got: 1585
[11:52:44] [Render thread/WARN] [ne.mi.re.ForgeRegistry/REGISTRIES]: Registry minecraft:entity_type: Object did not get ID it asked for. Name: ic2:laser_bullet Expected: 195 Got: 224
[11:52:44] [Render thread/WARN] [ne.mi.re.ForgeRegistry/REGISTRIES]: Registry minecraft:entity_type: Object did not get ID it asked for. Name: ic2:electric_boat Expected: 197 Got: 225
[11:52:44] [Realms Notification Availability checker #1/INFO] [mojang/RealmsClient]: Could not authorize you against Realms server: java.lang.RuntimeException: Failed to parse into SignedJWT: 0
[11:52:45] [Render thread/WARN] [minecraft/MinecraftServer]: Missing data pack mod:playerabilitylib
[11:52:45] [Render thread/WARN] [minecraft/MinecraftServer]: Missing data pack mod:advanced_solars
[11:52:45] [Render thread/WARN] [minecraft/MinecraftServer]: Missing data pack mod:ic2cuumatter
[11:52:45] [Render thread/WARN] [minecraft/MinecraftServer]: Missing data pack mod:turret
[11:52:45] [Render thread/WARN] [minecraft/MinecraftServer]: Missing data pack mod:gravisuit
[11:52:45] [Render thread/WARN] [minecraft/MinecraftServer]: Missing data pack C:\Users\mot\AppData\Roaming\.minecraft\config\hordes
[11:52:45] [Render thread/WARN] [minecraft/MinecraftServer]: Missing data pack mod:ic2c
[11:52:45] [Render thread/WARN] [minecraft/MinecraftServer]: Missing data pack tacz_pack/AK Pack
[11:52:45] [Render thread/WARN] [minecraft/MinecraftServer]: Missing data pack tacz_pack/arip
[11:52:45] [Render thread/WARN] [minecraft/MinecraftServer]: Missing data pack tacz_pack/gz
[11:52:45] [Render thread/WARN] [minecraft/MinecraftServer]: Missing data pack tacz_pack/suffuse
[11:52:45] [Render thread/INFO] [minecraft/MinecraftServer]: Found new data pack C:\Users\mot\AppData\Roaming\.minecraft\ic2-experimental-port\smoke-instance\config\hordes, loading it automatically
[IC2-FIDELITY-RELOAD] datapack reload listener phase reached
[11:52:47] [Worker-Main-10/ERROR] [minecraft/TagLoader]: Couldn't load tag [rftoolsbuilder:blue_shield_template_block (from lostcities-1.19-6.2.2.jar), rftoolsbuilder:red_shield_template_block (from lostcities-1.19-6.2.2.jar), rftoolsbuilder:green_shield_template_block (from lostcities-1.19-6.2.2.jar), rftoolsbuilder:yellow_shield_template_block (from lostcities-1.19-6.2.2.jar), rftoolsbuilder:shielding_solid (from lostcities-1.19-6.2.2.jar), rftoolsbuilder:shielding_translucent (from lostcities-1.19-6.2.2.jar), rftoolsbuilder:shielding_cutout (from lostcities-1.19-6.2.2.jar), rftoolsstorage:crafting_manager (from lostcities-1.19-6.2.2.jar), deepresonance:dense_glass (from lostcities-1.19-6.2.2.jar), restrictions:oneway (from lostcities-1.19-6.2.2.jar), restrictions:oneway_wall (from lostcities-1.19-6.2.2.jar), lostruins:glassgray3x2_complete (from lostcities-1.19-6.2.2.jar), lostruins:glassgray3x2_pane_complete (from lostcities-1.19-6.2.2.jar), lostruins:glassgray3x2_mossy (from lostcities-1.19-6.2.2.jar), lostruins:glassgray3x2_pane_mossy (from lostcities-1.19-6.2.2.jar), lostruins:glassgray3x2_broken (from lostcities-1.19-6.2.2.jar), lostruins:glassgray3x2_pane_broken (from lostcities-1.19-6.2.2.jar), lostruins:glassgray3x2_broken_mossy (from lostcities-1.19-6.2.2.jar), lostruins:glassgray3x2_pane_broken_mossy (from lostcities-1.19-6.2.2.jar), lostruins:glassgray3x2_vines (from lostcities-1.19-6.2.2.jar), lostruins:glassgray3x2_pane_vines (from lostcities-1.19-6.2.2.jar)] as it is missing following references: rftoolsbuilder:blue_shield_template_block (from lostcities-1.19-6.2.2.jar), 
	rftoolsbuilder:red_shield_template_block (from lostcities-1.19-6.2.2.jar), 
	rftoolsbuilder:green_shield_template_block (from lostcities-1.19-6.2.2.jar), 
	rftoolsbuilder:yellow_shield_template_block (from lostcities-1.19-6.2.2.jar), 
	rftoolsbuilder:shielding_solid (from lostcities-1.19-6.2.2.jar), 
	rftoolsbuilder:shielding_translucent (from lostcities-1.19-6.2.2.jar), 
	rftoolsbuilder:shielding_cutout (from lostcities-1.19-6.2.2.jar), 
	rftoolsstorage:crafting_manager (from lostcities-1.19-6.2.2.jar), 
	deepresonance:dense_glass (from lostcities-1.19-6.2.2.jar), 
	restrictions:oneway (from lostcities-1.19-6.2.2.jar), 
	restrictions:oneway_wall (from lostcities-1.19-6.2.2.jar), 
	lostruins:glassgray3x2_complete (from lostcities-1.19-6.2.2.jar), 
	lostruins:glassgray3x2_pane_complete (from lostcities-1.19-6.2.2.jar), 
	lostruins:glassgray3x2_mossy (from lostcities-1.19-6.2.2.jar), 
	lostruins:glassgray3x2_pane_mossy (from lostcities-1.19-6.2.2.jar), 
	lostruins:glassgray3x2_broken (from lostcities-1.19-6.2.2.jar), 
	lostruins:glassgray3x2_pane_broken (from lostcities-1.19-6.2.2.jar), 
	lostruins:glassgray3x2_broken_mossy (from lostcities-1.19-6.2.2.jar), 
	lostruins:glassgray3x2_pane_broken_mossy (from lostcities-1.19-6.2.2.jar), 
	lostruins:glassgray3x2_vines (from lostcities-1.19-6.2.2.jar), 
	lostruins:glassgray3x2_pane_vines (from lostcities-1.19-6.2.2.jar)
[11:52:47] [Worker-Main-10/WARN] [AlmostUnified/]: The following tags are invalid and will be ignored: [forge:ores/coal_coke, forge:storage_blocks/amber, forge:storage_blocks/raw_sulfur, forge:raw_materials/mithril, forge:gems/tungsten, forge:plates/coal_coke, forge:storage_blocks/raw_elementium, forge:gems/zinc, forge:wires/lapis, forge:plates/graphite, forge:ingots/elementium, forge:wires/invar, forge:raw_materials/aluminum, forge:wires/chrome, forge:storage_blocks/raw_graphite, forge:gems/bitumen, forge:plates/potassium_nitrate, forge:nuggets/bitumen, forge:rods/bronze, forge:rods/gold, forge:wires/copper, forge:raw_materials/coal, forge:plates/sulfur, forge:raw_materials/fluorite, forge:ores/netherite, forge:raw_materials/electrum, forge:gems/brass, forge:gears/brass, forge:storage_blocks/peridot, forge:raw_materials/sapphire, forge:ores/bronze, forge:ingots/coal, forge:wires/nickel, forge:rods/chrome, forge:raw_materials/enderium, forge:rods/copper, forge:wires/gold, forge:gems/uranium, forge:storage_blocks/raw_apatite, forge:ores/enderium, forge:dusts/chrome, forge:nuggets/mithril, forge:ingots/lapis, forge:raw_materials/sulfur, forge:gears/uranium, forge:rods/diamond, forge:wires/bronze, forge:dusts/amber, forge:ores/aluminum, forge:rods/netherite, forge:wires/uranium, forge:gems/signalum, forge:rods/signalum, forge:wires/obsidian, forge:gears/elementium, forge:ingots/graphite, forge:wires/lumium, forge:nuggets/chrome, forge:wires/cinnabar, forge:storage_blocks/raw_signalum, forge:nuggets/sapphire, forge:ores/potassium_nitrate, forge:raw_materials/obsidian, forge:gems/bronze, forge:ingots/charcoal, forge:gems/iron, forge:gears/peridot, forge:storage_blocks/raw_brass, forge:gems/platinum, forge:storage_blocks/raw_aeternium, forge:gems/chrome, forge:gems/copper, forge:plates/diamond, forge:rods/mithril, forge:storage_blocks/raw_bronze, forge:wires/signalum, forge:gems/obsidian, forge:ores/chrome, forge:ingots/sapphire, forge:ores/graphite, forge:storage_blocks/raw_ruby, forge:storage_blocks/raw_emerald, forge:wires/emerald, forge:rods/apatite, forge:gears/potassium_nitrate, forge:plates/amber, forge:wires/osmium, forge:ingots/diamond, forge:gems/charcoal, forge:nuggets/fluorite, forge:raw_materials/charcoal, forge:raw_materials/diamond, forge:rods/graphite, forge:gears/aeternium, forge:nuggets/emerald, forge:gears/sulfur, forge:raw_materials/ruby, forge:wires/electrum, forge:ingots/fluorite, forge:dusts/aeternium, forge:plates/coal, forge:plates/chrome, forge:plates/uranium, forge:raw_materials/aeternium, forge:storage_blocks/raw_diamond, forge:gems/lumium, forge:ingots/coal_coke, forge:dusts/aluminum, forge:rods/cinnabar, forge:ingots/sulfur, forge:raw_materials/cinnabar, forge:plates/emerald, forge:gems/steel, forge:rods/ruby, forge:storage_blocks/raw_enderium, forge:wires/peridot, forge:rods/sulfur, forge:gears/apatite, forge:wires/ruby, forge:storage_blocks/raw_cinnabar, forge:storage_blocks/raw_peridot, forge:wires/platinum, forge:nuggets/potassium_nitrate, forge:rods/aluminum, forge:storage_blocks/raw_coal, forge:gems/aeternium, forge:gems/electrum, forge:plates/apatite, forge:ingots/ruby, forge:plates/peridot, forge:storage_blocks/raw_aluminum, forge:gems/amber, forge:gems/osmium, forge:dusts/uranium, forge:gems/nickel, forge:plates/charcoal, forge:wires/sapphire, forge:gears/cinnabar, forge:ores/elementium, forge:storage_blocks/raw_amber, forge:nuggets/obsidian, forge:ingots/bitumen, forge:gems/gold, forge:wires/fluorite, forge:raw_materials/bitumen, forge:nuggets/sulfur, forge:ores/constantan, forge:plates/elementium, forge:storage_blocks/raw_uranium, forge:plates/fluorite, forge:rods/tin, forge:storage_blocks/aeternium, forge:storage_blocks/elementium, forge:raw_materials/signalum, forge:rods/coal_coke, forge:storage_blocks/raw_netherite, forge:gems/constantan, forge:wires/apatite, forge:gems/mithril, forge:storage_blocks/raw_steel, forge:gems/elementium, forge:nuggets/coal_coke, forge:rods/uranium, forge:wires/coal, forge:storage_blocks/obsidian, forge:raw_materials/potassium_nitrate, forge:plates/sapphire, forge:dusts/peridot, forge:gears/aluminum, forge:wires/coal_coke, forge:ores/amber, forge:gears/graphite, forge:rods/potassium_nitrate, forge:rods/fluorite, forge:storage_blocks/raw_coal_coke, forge:nuggets/graphite, forge:raw_materials/steel, forge:raw_materials/peridot, forge:rods/sapphire, forge:rods/peridot, forge:dusts/fluorite, forge:gems/fluorite, forge:plates/aluminum, forge:ingots/obsidian, forge:gears/chrome, forge:dusts/mithril, forge:rods/lead, forge:storage_blocks/raw_electrum, forge:nuggets/elementium, forge:raw_materials/coal_coke, forge:rods/enderium, forge:dusts/brass, forge:nuggets/lapis, forge:wires/charcoal, forge:storage_blocks/fluorite, forge:storage_blocks/raw_lapis, forge:ingots/cinnabar, forge:nuggets/coal, forge:ingots/chrome, forge:gems/enderium, forge:raw_materials/lumium, forge:wires/lead, forge:gears/charcoal, forge:plates/bitumen, forge:raw_materials/netherite, forge:dusts/potassium_nitrate, forge:storage_blocks/raw_potassium_nitrate, forge:wires/netherite, forge:gems/invar, forge:ores/aeternium, forge:raw_materials/graphite, forge:plates/aeternium, forge:gears/coal, forge:ingots/aluminum, forge:nuggets/charcoal, forge:ores/lumium, forge:storage_blocks/raw_lumium, forge:storage_blocks/raw_bitumen, forge:nuggets/ruby, forge:gears/amber, forge:dusts/elementium, forge:raw_materials/amber, forge:wires/enderium, forge:nuggets/apatite, forge:plates/ruby, forge:gems/peridot, forge:gems/silver, forge:ores/bitumen, forge:storage_blocks/raw_invar, forge:wires/zinc, forge:ores/steel, forge:wires/brass, forge:raw_materials/uranium, forge:rods/coal, forge:wires/silver, forge:rods/emerald, forge:dusts/charcoal, forge:ingots/potassium_nitrate, forge:storage_blocks/raw_constantan, forge:plates/cinnabar, forge:storage_blocks/raw_mithril, forge:wires/iridium, forge:wires/iron, forge:gems/potassium_nitrate, forge:rods/bitumen, forge:dusts/graphite, forge:storage_blocks/raw_chrome, forge:rods/lumium, forge:gears/bitumen, forge:gems/coal, forge:wires/aluminum, forge:raw_materials/apatite, forge:raw_materials/elementium, forge:storage_blocks/raw_fluorite, forge:ingots/emerald, forge:rods/obsidian, forge:ores/invar, forge:rods/brass, forge:rods/iron, forge:gems/coal_coke, forge:storage_blocks/raw_sapphire, forge:nuggets/peridot, forge:dusts/coal_coke, forge:wires/graphite, forge:gems/iridium, forge:wires/sulfur, forge:wires/amber, forge:gears/fluorite, forge:ores/signalum, forge:ores/obsidian, forge:wires/diamond, forge:ingots/aeternium, forge:wires/tin, forge:rods/amber, forge:dusts/bitumen, forge:storage_blocks/potassium_nitrate, forge:gems/netherite, forge:gears/steel, forge:raw_materials/lapis, forge:storage_blocks/graphite, forge:ores/peridot, forge:raw_materials/constantan, forge:dusts/steel, forge:wires/tungsten, forge:wires/mithril, forge:raw_materials/emerald, forge:gears/coal_coke, forge:nuggets/uranium, forge:ingots/amber, forge:ingots/apatite, forge:ingots/peridot, forge:rods/steel, forge:wires/elementium, forge:gems/cobalt, forge:gems/aluminum, forge:storage_blocks/raw_charcoal, forge:wires/constantan, forge:storage_blocks/chrome, forge:gems/graphite, forge:gems/lead, forge:ores/charcoal, forge:wires/steel, forge:nuggets/diamond, forge:gems/tin, forge:nuggets/amber, forge:gears/mithril, forge:rods/aeternium, forge:raw_materials/bronze, forge:rods/charcoal, forge:nuggets/aluminum, forge:raw_materials/brass, forge:storage_blocks/raw_obsidian, forge:gears/obsidian, forge:ores/electrum, forge:wires/bitumen, forge:raw_materials/chrome, forge:raw_materials/invar, forge:nuggets/aeternium, forge:rods/constantan, forge:nuggets/cinnabar, forge:ores/fluorite, forge:wires/potassium_nitrate, forge:rods/lapis, forge:wires/cobalt, forge:wires/aeternium, forge:storage_blocks/aluminum, forge:ores/brass, forge:rods/elementium]
[11:52:47] [Render thread/WARN] [AlmostUnified/]: Recipe count: 9657
[11:52:48] [Render thread/WARN] [AlmostUnified/]: Recipe count afterwards: 9530 (done in 295.1 ms)
[11:52:48] [Render thread/ERROR] [minecraft/RecipeManager]: Parsing error loading recipe create:crushing/compat/ae2/deepslate_quartz_ore
com.google.gson.JsonSyntaxException: Unknown item 'ae2:deepslate_quartz_ore'
	at net.minecraft.world.item.crafting.ShapedRecipe.m_151280_(ShapedRecipe.java:275) ~[client-1.19.2-20220805.130853-srg.jar%23292!/:?] {re:classloading}
	at java.util.Optional.orElseThrow(Optional.java:403) ~[?:?] {re:mixin}
	at net.minecraft.world.item.crafting.ShapedRecipe.m_151278_(ShapedRecipe.java:274) ~[client-1.19.2-20220805.130853-srg.jar%23292!/:?] {re:classloading}
	at net.minecraft.world.item.crafting.Ingredient.m_43919_(Ingredient.java:222) ~[client-1.19.2-20220805.130853-srg.jar%23292!/:?] {re:mixin,pl:accesstransformer:B,re:classloading,pl:accesstransformer:B,pl:mixin:APP:industrialupgrade.mixins.json:access.IngredientAccessor,pl:mixin:A}
	at net.minecraftforge.common.crafting.VanillaIngredientSerializer.parse(VanillaIngredientSerializer.java:27) ~[forge-1.19.2-43.5.2-universal.jar%23297!/:?] {re:classloading}
	at net.minecraftforge.common.crafting.CraftingHelper.getIngredient(CraftingHelper.java:142) ~[forge-1.19.2-43.5.2-universal.jar%23297!/:?] {re:classloading}
	at net.minecraft.world.item.crafting.Ingredient.m_43917_(Ingredient.java:197) ~[client-1.19.2-20220805.130853-srg.jar%23292!/:?] {re:mixin,pl:accesstransformer:B,re:classloading,pl:accesstransformer:B,pl:mixin:APP:industrialupgrade.mixins.json:access.IngredientAccessor,pl:mixin:A}
	at com.simibubi.create.content.processing.recipe.ProcessingRecipeSerializer.readFromJson(ProcessingRecipeSerializer.java:66) ~[create-1.19.2-0.5.1.i.jar%23238!/:0.5.1.i] {re:classloading}
	at com.simibubi.create.content.processing.recipe.ProcessingRecipeSerializer.fromJson(ProcessingRecipeSerializer.java:154) ~[create-1.19.2-0.5.1.i.jar%23238!/:0.5.1.i] {re:classloading}
	at com.simibubi.create.content.processing.recipe.ProcessingRecipeSerializer.m_6729_(ProcessingRecipeSerializer.java:21) ~[create-1.19.2-0.5.1.i.jar%23238!/:0.5.1.i] {re:classloading}
	at net.minecraftforge.common.extensions.IForgeRecipeSerializer.fromJson(IForgeRecipeSerializer.java:23) ~[forge-1.19.2-43.5.2-universal.jar%23297!/:?] {re:classloading}
	at net.minecraft.world.item.crafting.RecipeManager.fromJson(RecipeManager.java:171) ~[client-1.19.2-20220805.130853-srg.jar%23292!/:?] {re:mixin,pl:accesstransformer:B,re:classloading,pl:accesstransformer:B,pl:mixin:A}
	at net.minecraft.world.item.crafting.RecipeManager.m_5787_(RecipeManager.java:67) ~[client-1.19.2-20220805.130853-srg.jar%23292!/:?] {re:mixin,pl:accesstransformer:B,re:classloading,pl:accesstransformer:B,pl:mixin:A}
	at net.minecraft.world.item.crafting.RecipeManager.m_5787_(RecipeManager.java:34) ~[client-1.19.2-20220805.130853-srg.jar%23292!/:?] {re:mixin,pl:accesstransformer:B,re:classloading,pl:accesstransformer:B,pl:mixin:A}
	at net.minecraft.server.packs.resources.SimplePreparableReloadListener.m_10789_(SimplePreparableReloadListener.java:13) ~[client-1.19.2-20220805.130853-srg.jar%23292!/:?] {re:classloading,re:mixin}
	at java.util.concurrent.CompletableFuture$UniAccept.tryFire(CompletableFuture.java:718) ~[?:?] {}
	at java.util.concurrent.CompletableFuture$Completion.run(CompletableFuture.java:482) ~[?:?] {}
	at net.minecraft.server.packs.resources.SimpleReloadInstance.m_143940_(SimpleReloadInstance.java:69) ~[client-1.19.2-20220805.130853-srg.jar%23292!/:?] {re:classloading}
	at net.minecraft.util.thread.BlockableEventLoop.m_6367_(BlockableEventLoop.java:157) ~[client-1.19.2-20220805.130853-srg.jar%23292!/:?] {re:mixin,pl:accesstransformer:B,re:computing_frames,pl:accesstransformer:B,re:classloading,pl:accesstransformer:B}
	at net.minecraft.util.thread.ReentrantBlockableEventLoop.m_6367_(ReentrantBlockableEventLoop.java:23) ~[client-1.19.2-20220805.130853-srg.jar%23292!/:?] {re:mixin,re:computing_frames,re:classloading}
	at net.minecraft.util.thread.BlockableEventLoop.m_7245_(BlockableEventLoop.java:131) ~[client-1.19.2-20220805.130853-srg.jar%23292!/:?] {re:mixin,pl:accesstransformer:B,re:computing_frames,pl:accesstransformer:B,re:classloading,pl:accesstransformer:B}
	at net.minecraft.util.thread.BlockableEventLoop.m_18701_(BlockableEventLoop.java:140) ~[client-1.19.2-20220805.130853-srg.jar%23292!/:?] {re:mixin,pl:accesstransformer:B,re:computing_frames,pl:accesstransformer:B,re:classloading,pl:accesstransformer:B}
	at net.minecraft.client.gui.screens.worldselection.WorldOpenFlows.m_233096_(WorldOpenFlows.java:130) ~[client-1.19.2-20220805.130853-srg.jar%23292!/:?] {re:classloading,pl:runtimedistcleaner:A}
	at net.minecraft.client.gui.screens.worldselection.WorldOpenFlows.m_233122_(WorldOpenFlows.java:109) ~[client-1.19.2-20220805.130853-srg.jar%23292!/:?] {re:classloading,pl:runtimedistcleaner:A}
	at net.minecraft.client.gui.screens.worldselection.WorldOpenFlows.doLoadLevel(WorldOpenFlows.java:148) ~[client-1.19.2-20220805.130853-srg.jar%23292!/:?] {re:classloading,pl:runtimedistcleaner:A}
	at net.minecraft.client.gui.screens.worldselection.WorldOpenFlows.m_233145_(WorldOpenFlows.java:136) ~[client-1.19.2-20220805.130853-srg.jar%23292!/:?] {re:classloading,pl:runtimedistcleaner:A}
	at net.minecraft.client.gui.screens.worldselection.WorldOpenFlows.m_233133_(WorldOpenFlows.java:58) ~[client-1.19.2-20220805.130853-srg.jar%23292!/:?] {re:classloading,pl:runtimedistcleaner:A}
	at ru.mot.ic2exfidelity.integration.SmokeWorldLauncher.onClientTick(SmokeWorldLauncher.java:31) ~[IC2-Experimental-Fidelity-0.1.0.jar%23249!/:0.1.0] {re:classloading}
	at ru.mot.ic2exfidelity.integration.__SmokeWorldLauncher_onClientTick_ClientTickEvent.invoke(.dynamic) ~[IC2-Experimental-Fidelity-0.1.0.jar%23249!/:0.1.0] {re:classloading,pl:eventbus:B}
	at net.minecraftforge.eventbus.ASMEventHandler.invoke(ASMEventHandler.java:73) ~[eventbus-6.0.3.jar%2386!/:?] {}
	at net.minecraftforge.eventbus.EventBus.post(EventBus.java:315) ~[eventbus-6.0.3.jar%2386!/:?] {}
	at net.minecraftforge.eventbus.EventBus.post(EventBus.java:296) ~[eventbus-6.0.3.jar%2386!/:?] {}
	at net.minecraftforge.event.ForgeEventFactory.onPostClientTick(ForgeEventFactory.java:839) ~[forge-1.19.2-43.5.2-universal.jar%23297!/:?] {re:classloading}
	at net.minecraft.client.Minecraft.m_91398_(Minecraft.java:1852) ~[client-1.19.2-20220805.130853-srg.jar%23292!/:?] {re:mixin,pl:accesstransformer:B,pl:runtimedistcleaner:A,re:classloading,pl:accesstransformer:B,pl:mixin:APP:dynamiclightsreforged.mixins.json:MinecraftClientMixin,pl:mixin:APP:ae2.mixins.json:PickColorMixin,pl:mixin:APP:balm.mixins.json:MinecraftMixin,pl:mixin:APP:konkrete.mixin.json:MixinMinecraft,pl:mixin:APP:entity_model_features-common.mixins.json:MixinResourceReload,pl:mixin:APP:entity_model_features-common.mixins.json:accessor.MinecraftClientAccessor,pl:mixin:APP:entity_texture_features-common.mixins.json:reloading.MixinMinecraftClient,pl:mixin:APP:flywheel.mixins.json:PausedPartialTickAccessor,pl:mixin:APP:mixins.oculus.json:MixinMinecraft_PipelineManagement,pl:mixin:APP:mixins.ipnext.json:MixinMinecraftClient,pl:mixin:APP:sound_physics_remastered.mixins.json:MinecraftMixin,pl:mixin:APP:create.mixins.json:client.WindowResizeMixin,pl:mixin:APP:embeddium.mixins.json:core.MixinMinecraftClient,pl:mixin:A,pl:runtimedistcleaner:A}
	at net.minecraft.client.Minecraft.m_91383_(Minecraft.java:1078) ~[client-1.19.2-20220805.130853-srg.jar%23292!/:?] {re:mixin,pl:accesstransformer:B,pl:runtimedistcleaner:A,re:classloading,pl:accesstransformer:B,pl:mixin:APP:dynamiclightsreforged.mixins.json:MinecraftClientMixin,pl:mixin:APP:ae2.mixins.json:PickColorMixin,pl:mixin:APP:balm.mixins.json:MinecraftMixin,pl:mixin:APP:konkrete.mixin.json:MixinMinecraft,pl:mixin:APP:entity_model_features-common.mixins.json:MixinResourceReload,pl:mixin:APP:entity_model_features-common.mixins.json:accessor.MinecraftClientAccessor,pl:mixin:APP:entity_texture_features-common.mixins.json:reloading.MixinMinecraftClient,pl:mixin:APP:flywheel.mixins.json:PausedPartialTickAccessor,pl:mixin:APP:mixins.oculus.json:MixinMinecraft_PipelineManagement,pl:mixin:APP:mixins.ipnext.json:MixinMinecraftClient,pl:mixin:APP:sound_physics_remastered.mixins.json:MinecraftMixin,pl:mixin:APP:create.mixins.json:client.WindowResizeMixin,pl:mixin:APP:embeddium.mixins.json:core.MixinMinecraftClient,pl:mixin:A,pl:runtimedistcleaner:A}
	at net.minecraft.client.Minecraft.m_91374_(Minecraft.java:700) ~[client-1.19.2-20220805.130853-srg.jar%23292!/:?] {re:mixin,pl:accesstransformer:B,pl:runtimedistcleaner:A,re:classloading,pl:accesstransformer:B,pl:mixin:APP:dynamiclightsreforged.mixins.json:MinecraftClientMixin,pl:mixin:APP:ae2.mixins.json:PickColorMixin,pl:mixin:APP:balm.mixins.json:MinecraftMixin,pl:mixin:APP:konkrete.mixin.json:MixinMinecraft,pl:mixin:APP:entity_model_features-common.mixins.json:MixinResourceReload,pl:mixin:APP:entity_model_features-common.mixins.json:accessor.MinecraftClientAccessor,pl:mixin:APP:entity_texture_features-common.mixins.json:reloading.MixinMinecraftClient,pl:mixin:APP:flywheel.mixins.json:PausedPartialTickAccessor,pl:mixin:APP:mixins.oculus.json:MixinMinecraft_PipelineManagement,pl:mixin:APP:mixins.ipnext.json:MixinMinecraftClient,pl:mixin:APP:sound_physics_remastered.mixins.json:MinecraftMixin,pl:mixin:APP:create.mixins.json:client.WindowResizeMixin,pl:mixin:APP:embeddium.mixins.json:core.MixinMinecraftClient,pl:mixin:A,pl:runtimedistcleaner:A}
	at net.minecraft.client.main.Main.m_239872_(Main.java:212) ~[Forge%201.19.2.jar:?] {re:classloading,re:mixin,pl:runtimedistcleaner:A,pl:mixin:A,pl:runtimedistcleaner:A}
	at net.minecraft.client.main.Main.main(Main.java:51) ~[Forge%201.19.2.jar:?] {re:classloading,re:mixin,pl:runtimedistcleaner:A,pl:mixin:A,pl:runtimedistcleaner:A}
	at jdk.internal.reflect.NativeMethodAccessorImpl.invoke0(Native Method) ~[?:?] {}
	at jdk.internal.reflect.NativeMethodAccessorImpl.invoke(NativeMethodAccessorImpl.java:77) ~[?:?] {}
	at jdk.internal.reflect.DelegatingMethodAccessorImpl.invoke(DelegatingMethodAccessorImpl.java:43) ~[?:?] {}
	at java.lang.reflect.Method.invoke(Method.java:569) ~[?:?] {}
	at net.minecraftforge.fml.loading.targets.CommonClientLaunchHandler.lambda$launchService$0(CommonClientLaunchHandler.java:27) ~[fmlloader-1.19.2-43.5.2.jar:?] {}
	at cpw.mods.modlauncher.LaunchServiceHandlerDecorator.launch(LaunchServiceHandlerDecorator.java:30) ~[modlauncher-10.0.8.jar:?] {}
	at cpw.mods.modlauncher.LaunchServiceHandler.launch(LaunchServiceHandler.java:53) ~[modlauncher-10.0.8.jar:?] {}
	at cpw.mods.modlauncher.LaunchServiceHandler.launch(LaunchServiceHandler.java:71) ~[modlauncher-10.0.8.jar:?] {}
	at cpw.mods.modlauncher.Launcher.run(Launcher.java:106) ~[modlauncher-10.0.8.jar:?] {}
	at cpw.mods.modlauncher.Launcher.main(Launcher.java:77) ~[modlauncher-10.0.8.jar:?] {}
	at cpw.mods.modlauncher.BootstrapLaunchConsumer.accept(BootstrapLaunchConsumer.java:26) ~[modlauncher-10.0.8.jar:?] {}
	at cpw.mods.modlauncher.BootstrapLaunchConsumer.accept(BootstrapLaunchConsumer.java:23) ~[modlauncher-10.0.8.jar:?] {}
	at cpw.mods.bootstraplauncher.BootstrapLauncher.main(BootstrapLauncher.java:141) ~[bootstraplauncher-1.1.2.jar:?] {}
[11:52:48] [Render thread/ERROR] [minecraft/RecipeManager]: Parsing error loading recipe create:milling/compat/byg/orchid
com.google.gson.JsonSyntaxException: Unknown item 'byg:orchid'
	at net.minecraft.world.item.crafting.ShapedRecipe.m_151280_(ShapedRecipe.java:275) ~[client-1.19.2-20220805.130853-srg.jar%23292!/:?] {re:classloading}
	at java.util.Optional.orElseThrow(Optional.java:403) ~[?:?] {re:mixin}
	at net.minecraft.world.item.crafting.ShapedRecipe.m_151278_(ShapedRecipe.java:274) ~[client-1.19.2-20220805.130853-srg.jar%23292!/:?] {re:classloading}
	at net.minecraft.world.item.crafting.Ingredient.m_43919_(Ingredient.java:222) ~[client-1.19.2-20220805.130853-srg.jar%23292!/:?] {re:mixin,pl:accesstransformer:B,re:classloading,pl:accesstransformer:B,pl:mixin:APP:industrialupgrade.mixins.json:access.IngredientAccessor,pl:mixin:A}
	at net.minecraftforge.common.crafting.VanillaIngredientSerializer.parse(VanillaIngredientSerializer.java:27) ~[forge-1.19.2-43.5.2-universal.jar%23297!/:?] {re:classloading}
	at net.minecraftforge.common.crafting.CraftingHelper.getIngredient(CraftingHelper.java:142) ~[forge-1.19.2-43.5.2-universal.jar%23297!/:?] {re:classloading}
	at net.minecraft.world.item.crafting.Ingredient.m_43917_(Ingredient.java:197) ~[client-1.19.2-20220805.130853-srg.jar%23292!/:?] {re:mixin,pl:accesstransformer:B,re:classloading,pl:accesstransformer:B,pl:mixin:APP:industrialupgrade.mixins.json:access.IngredientAccessor,pl:mixin:A}
	at com.simibubi.create.content.processing.recipe.ProcessingRecipeSerializer.readFromJson(ProcessingRecipeSerializer.java:66) ~[create-1.19.2-0.5.1.i.jar%23238!/:0.5.1.i] {re:classloading}
	at com.simibubi.create.content.processing.recipe.ProcessingRecipeSerializer.fromJson(ProcessingRecipeSerializer.java:154) ~[create-1.19.2-0.5.1.i.jar%23238!/:0.5.1.i] {re:classloading}
	at com.simibubi.create.content.processing.recipe.ProcessingRecipeSerializer.m_6729_(ProcessingRecipeSerializer.java:21) ~[create-1.19.2-0.5.1.i.jar%23238!/:0.5.1.i] {re:classloading}
	at net.minecraftforge.common.extensions.IForgeRecipeSerializer.fromJson(IForgeRecipeSerializer.java:23) ~[forge-1.19.2-43.5.2-universal.jar%23297!/:?] {re:classloading}
	at net.minecraft.world.item.crafting.RecipeManager.fromJson(RecipeManager.java:171) ~[client-1.19.2-20220805.130853-srg.jar%23292!/:?] {re:mixin,pl:accesstransformer:B,re:classloading,pl:accesstransformer:B,pl:mixin:A}
	at net.minecraft.world.item.crafting.RecipeManager.m_5787_(RecipeManager.java:67) ~[client-1.19.2-20220805.130853-srg.jar%23292!/:?] {re:mixin,pl:accesstransformer:B,re:classloading,pl:accesstransformer:B,pl:mixin:A}
	at net.minecraft.world.item.crafting.RecipeManager.m_5787_(RecipeManager.java:34) ~[client-1.19.2-20220805.130853-srg.jar%23292!/:?] {re:mixin,pl:accesstransformer:B,re:classloading,pl:accesstransformer:B,pl:mixin:A}
	at net.minecraft.server.packs.resources.SimplePreparableReloadListener.m_10789_(SimplePreparableReloadListener.java:13) ~[client-1.19.2-20220805.130853-srg.jar%23292!/:?] {re:classloading,re:mixin}
	at java.util.concurrent.CompletableFuture$UniAccept.tryFire(CompletableFuture.java:718) ~[?:?] {}
	at java.util.concurrent.CompletableFuture$Completion.run(CompletableFuture.java:482) ~[?:?] {}
	at net.minecraft.server.packs.resources.SimpleReloadInstance.m_143940_(SimpleReloadInstance.java:69) ~[client-1.19.2-20220805.130853-srg.jar%23292!/:?] {re:classloading}
	at net.minecraft.util.thread.BlockableEventLoop.m_6367_(BlockableEventLoop.java:157) ~[client-1.19.2-20220805.130853-srg.jar%23292!/:?] {re:mixin,pl:accesstransformer:B,re:computing_frames,pl:accesstransformer:B,re:classloading,pl:accesstransformer:B}
	at net.minecraft.util.thread.ReentrantBlockableEventLoop.m_6367_(ReentrantBlockableEventLoop.java:23) ~[client-1.19.2-20220805.130853-srg.jar%23292!/:?] {re:mixin,re:computing_frames,re:classloading}
	at net.minecraft.util.thread.BlockableEventLoop.m_7245_(BlockableEventLoop.java:131) ~[client-1.19.2-20220805.130853-srg.jar%23292!/:?] {re:mixin,pl:accesstransformer:B,re:computing_frames,pl:accesstransformer:B,re:classloading,pl:accesstransformer:B}
	at net.minecraft.util.thread.BlockableEventLoop.m_18701_(BlockableEventLoop.java:140) ~[client-1.19.2-20220805.130853-srg.jar%23292!/:?] {re:mixin,pl:accesstransformer:B,re:computing_frames,pl:accesstransformer:B,re:classloading,pl:accesstransformer:B}
	at net.minecraft.client.gui.screens.worldselection.WorldOpenFlows.m_233096_(WorldOpenFlows.java:130) ~[client-1.19.2-20220805.130853-srg.jar%23292!/:?] {re:classloading,pl:runtimedistcleaner:A}
	at net.minecraft.client.gui.screens.worldselection.WorldOpenFlows.m_233122_(WorldOpenFlows.java:109) ~[client-1.19.2-20220805.130853-srg.jar%23292!/:?] {re:classloading,pl:runtimedistcleaner:A}
	at net.minecraft.client.gui.screens.worldselection.WorldOpenFlows.doLoadLevel(WorldOpenFlows.java:148) ~[client-1.19.2-20220805.130853-srg.jar%23292!/:?] {re:classloading,pl:runtimedistcleaner:A}
	at net.minecraft.client.gui.screens.worldselection.WorldOpenFlows.m_233145_(WorldOpenFlows.java:136) ~[client-1.19.2-20220805.130853-srg.jar%23292!/:?] {re:classloading,pl:runtimedistcleaner:A}
	at net.minecraft.client.gui.screens.worldselection.WorldOpenFlows.m_233133_(WorldOpenFlows.java:58) ~[client-1.19.2-20220805.130853-srg.jar%23292!/:?] {re:classloading,pl:runtimedistcleaner:A}
	at ru.mot.ic2exfidelity.integration.SmokeWorldLauncher.onClientTick(SmokeWorldLauncher.java:31) ~[IC2-Experimental-Fidelity-0.1.0.jar%23249!/:0.1.0] {re:classloading}
	at ru.mot.ic2exfidelity.integration.__SmokeWorldLauncher_onClientTick_ClientTickEvent.invoke(.dynamic) ~[IC2-Experimental-Fidelity-0.1.0.jar%23249!/:0.1.0] {re:classloading,pl:eventbus:B}
	at net.minecraftforge.eventbus.ASMEventHandler.invoke(ASMEventHandler.java:73) ~[eventbus-6.0.3.jar%2386!/:?] {}
	at net.minecraftforge.eventbus.EventBus.post(EventBus.java:315) ~[eventbus-6.0.3.jar%2386!/:?] {}
	at net.minecraftforge.eventbus.EventBus.post(EventBus.java:296) ~[eventbus-6.0.3.jar%2386!/:?] {}
	at net.minecraftforge.event.ForgeEventFactory.onPostClientTick(ForgeEventFactory.java:839) ~[forge-1.19.2-43.5.2-universal.jar%23297!/:?] {re:classloading}
	at net.minecraft.client.Minecraft.m_91398_(Minecraft.java:1852) ~[client-1.19.2-20220805.130853-srg.jar%23292!/:?] {re:mixin,pl:accesstransformer:B,pl:runtimedistcleaner:A,re:classloading,pl:accesstransformer:B,pl:mixin:APP:dynamiclightsreforged.mixins.json:MinecraftClientMixin,pl:mixin:APP:ae2.mixins.json:PickColorMixin,pl:mixin:APP:balm.mixins.json:MinecraftMixin,pl:mixin:APP:konkrete.mixin.json:MixinMinecraft,pl:mixin:APP:entity_model_features-common.mixins.json:MixinResourceReload,pl:mixin:APP:entity_model_features-common.mixins.json:accessor.MinecraftClientAccessor,pl:mixin:APP:entity_texture_features-common.mixins.json:reloading.MixinMinecraftClient,pl:mixin:APP:flywheel.mixins.json:PausedPartialTickAccessor,pl:mixin:APP:mixins.oculus.json:MixinMinecraft_PipelineManagement,pl:mixin:APP:mixins.ipnext.json:MixinMinecraftClient,pl:mixin:APP:sound_physics_remastered.mixins.json:MinecraftMixin,pl:mixin:APP:create.mixins.json:client.WindowResizeMixin,pl:mixin:APP:embeddium.mixins.json:core.MixinMinecraftClient,pl:mixin:A,pl:runtimedistcleaner:A}
	at net.minecraft.client.Minecraft.m_91383_(Minecraft.java:1078) ~[client-1.19.2-20220805.130853-srg.jar%23292!/:?] {re:mixin,pl:accesstransformer:B,pl:runtimedistcleaner:A,re:classloading,pl:accesstransformer:B,pl:mixin:APP:dynamiclightsreforged.mixins.json:MinecraftClientMixin,pl:mixin:APP:ae2.mixins.json:PickColorMixin,pl:mixin:APP:balm.mixins.json:MinecraftMixin,pl:mixin:APP:konkrete.mixin.json:MixinMinecraft,pl:mixin:APP:entity_model_features-common.mixins.json:MixinResourceReload,pl:mixin:APP:entity_model_features-common.mixins.json:accessor.MinecraftClientAccessor,pl:mixin:APP:entity_texture_features-common.mixins.json:reloading.MixinMinecraftClient,pl:mixin:APP:flywheel.mixins.json:PausedPartialTickAccessor,pl:mixin:APP:mixins.oculus.json:MixinMinecraft_PipelineManagement,pl:mixin:APP:mixins.ipnext.json:MixinMinecraftClient,pl:mixin:APP:sound_physics_remastered.mixins.json:MinecraftMixin,pl:mixin:APP:create.mixins.json:client.WindowResizeMixin,pl:mixin:APP:embeddium.mixins.json:core.MixinMinecraftClient,pl:mixin:A,pl:runtimedistcleaner:A}
	at net.minecraft.client.Minecraft.m_91374_(Minecraft.java:700) ~[client-1.19.2-20220805.130853-srg.jar%23292!/:?] {re:mixin,pl:accesstransformer:B,pl:runtimedistcleaner:A,re:classloading,pl:accesstransformer:B,pl:mixin:APP:dynamiclightsreforged.mixins.json:MinecraftClientMixin,pl:mixin:APP:ae2.mixins.json:PickColorMixin,pl:mixin:APP:balm.mixins.json:MinecraftMixin,pl:mixin:APP:konkrete.mixin.json:MixinMinecraft,pl:mixin:APP:entity_model_features-common.mixins.json:MixinResourceReload,pl:mixin:APP:entity_model_features-common.mixins.json:accessor.MinecraftClientAccessor,pl:mixin:APP:entity_texture_features-common.mixins.json:reloading.MixinMinecraftClient,pl:mixin:APP:flywheel.mixins.json:PausedPartialTickAccessor,pl:mixin:APP:mixins.oculus.json:MixinMinecraft_PipelineManagement,pl:mixin:APP:mixins.ipnext.json:MixinMinecraftClient,pl:mixin:APP:sound_physics_remastered.mixins.json:MinecraftMixin,pl:mixin:APP:create.mixins.json:client.WindowResizeMixin,pl:mixin:APP:embeddium.mixins.json:core.MixinMinecraftClient,pl:mixin:A,pl:runtimedistcleaner:A}
	at net.minecraft.client.main.Main.m_239872_(Main.java:212) ~[Forge%201.19.2.jar:?] {re:classloading,re:mixin,pl:runtimedistcleaner:A,pl:mixin:A,pl:runtimedistcleaner:A}
	at net.minecraft.client.main.Main.main(Main.java:51) ~[Forge%201.19.2.jar:?] {re:classloading,re:mixin,pl:runtimedistcleaner:A,pl:mixin:A,pl:runtimedistcleaner:A}
	at jdk.internal.reflect.NativeMethodAccessorImpl.invoke0(Native Method) ~[?:?] {}
	at jdk.internal.reflect.NativeMethodAccessorImpl.invoke(NativeMethodAccessorImpl.java:77) ~[?:?] {}
	at jdk.internal.reflect.DelegatingMethodAccessorImpl.invoke(DelegatingMethodAccessorImpl.java:43) ~[?:?] {}
	at java.lang.reflect.Method.invoke(Method.java:569) ~[?:?] {}
	at net.minecraftforge.fml.loading.targets.CommonClientLaunchHandler.lambda$launchService$0(CommonClientLaunchHandler.java:27) ~[fmlloader-1.19.2-43.5.2.jar:?] {}
	at cpw.mods.modlauncher.LaunchServiceHandlerDecorator.launch(LaunchServiceHandlerDecorator.java:30) ~[modlauncher-10.0.8.jar:?] {}
	at cpw.mods.modlauncher.LaunchServiceHandler.launch(LaunchServiceHandler.java:53) ~[modlauncher-10.0.8.jar:?] {}
	at cpw.mods.modlauncher.LaunchServiceHandler.launch(LaunchServiceHandler.java:71) ~[modlauncher-10.0.8.jar:?] {}
	at cpw.mods.modlauncher.Launcher.run(Launcher.java:106) ~[modlauncher-10.0.8.jar:?] {}
	at cpw.mods.modlauncher.Launcher.main(Launcher.java:77) ~[modlauncher-10.0.8.jar:?] {}
	at cpw.mods.modlauncher.BootstrapLaunchConsumer.accept(BootstrapLaunchConsumer.java:26) ~[modlauncher-10.0.8.jar:?] {}
	at cpw.mods.modlauncher.BootstrapLaunchConsumer.accept(BootstrapLaunchConsumer.java:23) ~[modlauncher-10.0.8.jar:?] {}
	at cpw.mods.bootstraplauncher.BootstrapLauncher.main(BootstrapLauncher.java:141) ~[bootstraplauncher-1.1.2.jar:?] {}
[11:52:48] [Render thread/ERROR] [minecraft/RecipeManager]: Parsing error loading recipe create:milling/compat/byg/compat/byg/winter_cyclamen
com.google.gson.JsonSyntaxException: Unknown item 'byg:compat/byg/winter_cyclamen'
	at net.minecraft.world.item.crafting.ShapedRecipe.m_151280_(ShapedRecipe.java:275) ~[client-1.19.2-20220805.130853-srg.jar%23292!/:?] {re:classloading}
	at java.util.Optional.orElseThrow(Optional.java:403) ~[?:?] {re:mixin}
	at net.minecraft.world.item.crafting.ShapedRecipe.m_151278_(ShapedRecipe.java:274) ~[client-1.19.2-20220805.130853-srg.jar%23292!/:?] {re:classloading}
	at net.minecraft.world.item.crafting.Ingredient.m_43919_(Ingredient.java:222) ~[client-1.19.2-20220805.130853-srg.jar%23292!/:?] {re:mixin,pl:accesstransformer:B,re:classloading,pl:accesstransformer:B,pl:mixin:APP:industrialupgrade.mixins.json:access.IngredientAccessor,pl:mixin:A}
	at net.minecraftforge.common.crafting.VanillaIngredientSerializer.parse(VanillaIngredientSerializer.java:27) ~[forge-1.19.2-43.5.2-universal.jar%23297!/:?] {re:classloading}
	at net.minecraftforge.common.crafting.CraftingHelper.getIngredient(CraftingHelper.java:142) ~[forge-1.19.2-43.5.2-universal.jar%23297!/:?] {re:classloading}
	at net.minecraft.world.item.crafting.Ingredient.m_43917_(Ingredient.java:197) ~[client-1.19.2-20220805.130853-srg.jar%23292!/:?] {re:mixin,pl:accesstransformer:B,re:classloading,pl:accesstransformer:B,pl:mixin:APP:industrialupgrade.mixins.json:access.IngredientAccessor,pl:mixin:A}
	at com.simibubi.create.content.processing.recipe.ProcessingRecipeSerializer.readFromJson(ProcessingRecipeSerializer.java:66) ~[create-1.19.2-0.5.1.i.jar%23238!/:0.5.1.i] {re:classloading}
	at com.simibubi.create.content.processing.recipe.ProcessingRecipeSerializer.fromJson(ProcessingRecipeSerializer.java:154) ~[create-1.19.2-0.5.1.i.jar%23238!/:0.5.1.i] {re:classloading}
	at com.simibubi.create.content.processing.recipe.ProcessingRecipeSerializer.m_6729_(ProcessingRecipeSerializer.java:21) ~[create-1.19.2-0.5.1.i.jar%23238!/:0.5.1.i] {re:classloading}
	at net.minecraftforge.common.extensions.IForgeRecipeSerializer.fromJson(IForgeRecipeSerializer.java:23) ~[forge-1.19.2-43.5.2-universal.jar%23297!/:?] {re:classloading}
	at net.minecraft.world.item.crafting.RecipeManager.fromJson(RecipeManager.java:171) ~[client-1.19.2-20220805.130853-srg.jar%23292!/:?] {re:mixin,pl:accesstransformer:B,re:classloading,pl:accesstransformer:B,pl:mixin:A}
	at net.minecraft.world.item.crafting.RecipeManager.m_5787_(RecipeManager.java:67) ~[client-1.19.2-20220805.130853-srg.jar%23292!/:?] {re:mixin,pl:accesstransformer:B,re:classloading,pl:accesstransformer:B,pl:mixin:A}
	at net.minecraft.world.item.crafting.RecipeManager.m_5787_(RecipeManager.java:34) ~[client-1.19.2-20220805.130853-srg.jar%23292!/:?] {re:mixin,pl:accesstransformer:B,re:classloading,pl:accesstransformer:B,pl:mixin:A}
	at net.minecraft.server.packs.resources.SimplePreparableReloadListener.m_10789_(SimplePreparableReloadListener.java:13) ~[client-1.19.2-20220805.130853-srg.jar%23292!/:?] {re:classloading,re:mixin}
	at java.util.concurrent.CompletableFuture$UniAccept.tryFire(CompletableFuture.java:718) ~[?:?] {}
	at java.util.concurrent.CompletableFuture$Completion.run(CompletableFuture.java:482) ~[?:?] {}
	at net.minecraft.server.packs.resources.SimpleReloadInstance.m_143940_(SimpleReloadInstance.java:69) ~[client-1.19.2-20220805.130853-srg.jar%23292!/:?] {re:classloading}
	at net.minecraft.util.thread.BlockableEventLoop.m_6367_(BlockableEventLoop.java:157) ~[client-1.19.2-20220805.130853-srg.jar%23292!/:?] {re:mixin,pl:accesstransformer:B,re:computing_frames,pl:accesstransformer:B,re:classloading,pl:accesstransformer:B}
	at net.minecraft.util.thread.ReentrantBlockableEventLoop.m_6367_(ReentrantBlockableEventLoop.java:23) ~[client-1.19.2-20220805.130853-srg.jar%23292!/:?] {re:mixin,re:computing_frames,re:classloading}
	at net.minecraft.util.thread.BlockableEventLoop.m_7245_(BlockableEventLoop.java:131) ~[client-1.19.2-20220805.130853-srg.jar%23292!/:?] {re:mixin,pl:accesstransformer:B,re:computing_frames,pl:accesstransformer:B,re:classloading,pl:accesstransformer:B}
	at net.minecraft.util.thread.BlockableEventLoop.m_18701_(BlockableEventLoop.java:140) ~[client-1.19.2-20220805.130853-srg.jar%23292!/:?] {re:mixin,pl:accesstransformer:B,re:computing_frames,pl:accesstransformer:B,re:classloading,pl:accesstransformer:B}
	at net.minecraft.client.gui.screens.worldselection.WorldOpenFlows.m_233096_(WorldOpenFlows.java:130) ~[client-1.19.2-20220805.130853-srg.jar%23292!/:?] {re:classloading,pl:runtimedistcleaner:A}
	at net.minecraft.client.gui.screens.worldselection.WorldOpenFlows.m_233122_(WorldOpenFlows.java:109) ~[client-1.19.2-20220805.130853-srg.jar%23292!/:?] {re:classloading,pl:runtimedistcleaner:A}
	at net.minecraft.client.gui.screens.worldselection.WorldOpenFlows.doLoadLevel(WorldOpenFlows.java:148) ~[client-1.19.2-20220805.130853-srg.jar%23292!/:?] {re:classloading,pl:runtimedistcleaner:A}
	at net.minecraft.client.gui.screens.worldselection.WorldOpenFlows.m_233145_(WorldOpenFlows.java:136) ~[client-1.19.2-20220805.130853-srg.jar%23292!/:?] {re:classloading,pl:runtimedistcleaner:A}
	at net.minecraft.client.gui.screens.worldselection.WorldOpenFlows.m_233133_(WorldOpenFlows.java:58) ~[client-1.19.2-20220805.130853-srg.jar%23292!/:?] {re:classloading,pl:runtimedistcleaner:A}
	at ru.mot.ic2exfidelity.integration.SmokeWorldLauncher.onClientTick(SmokeWorldLauncher.java:31) ~[IC2-Experimental-Fidelity-0.1.0.jar%23249!/:0.1.0] {re:classloading}
	at ru.mot.ic2exfidelity.integration.__SmokeWorldLauncher_onClientTick_ClientTickEvent.invoke(.dynamic) ~[IC2-Experimental-Fidelity-0.1.0.jar%23249!/:0.1.0] {re:classloading,pl:eventbus:B}
	at net.minecraftforge.eventbus.ASMEventHandler.invoke(ASMEventHandler.java:73) ~[eventbus-6.0.3.jar%2386!/:?] {}
	at net.minecraftforge.eventbus.EventBus.post(EventBus.java:315) ~[eventbus-6.0.3.jar%2386!/:?] {}
	at net.minecraftforge.eventbus.EventBus.post(EventBus.java:296) ~[eventbus-6.0.3.jar%2386!/:?] {}
	at net.minecraftforge.event.ForgeEventFactory.onPostClientTick(ForgeEventFactory.java:839) ~[forge-1.19.2-43.5.2-universal.jar%23297!/:?] {re:classloading}
	at net.minecraft.client.Minecraft.m_91398_(Minecraft.java:1852) ~[client-1.19.2-20220805.130853-srg.jar%23292!/:?] {re:mixin,pl:accesstransformer:B,pl:runtimedistcleaner:A,re:classloading,pl:accesstransformer:B,pl:mixin:APP:dynamiclightsreforged.mixins.json:MinecraftClientMixin,pl:mixin:APP:ae2.mixins.json:PickColorMixin,pl:mixin:APP:balm.mixins.json:MinecraftMixin,pl:mixin:APP:konkrete.mixin.json:MixinMinecraft,pl:mixin:APP:entity_model_features-common.mixins.json:MixinResourceReload,pl:mixin:APP:entity_model_features-common.mixins.json:accessor.MinecraftClientAccessor,pl:mixin:APP:entity_texture_features-common.mixins.json:reloading.MixinMinecraftClient,pl:mixin:APP:flywheel.mixins.json:PausedPartialTickAccessor,pl:mixin:APP:mixins.oculus.json:MixinMinecraft_PipelineManagement,pl:mixin:APP:mixins.ipnext.json:MixinMinecraftClient,pl:mixin:APP:sound_physics_remastered.mixins.json:MinecraftMixin,pl:mixin:APP:create.mixins.json:client.WindowResizeMixin,pl:mixin:APP:embeddium.mixins.json:core.MixinMinecraftClient,pl:mixin:A,pl:runtimedistcleaner:A}
	at net.minecraft.client.Minecraft.m_91383_(Minecraft.java:1078) ~[client-1.19.2-20220805.130853-srg.jar%23292!/:?] {re:mixin,pl:accesstransformer:B,pl:runtimedistcleaner:A,re:classloading,pl:accesstransformer:B,pl:mixin:APP:dynamiclightsreforged.mixins.json:MinecraftClientMixin,pl:mixin:APP:ae2.mixins.json:PickColorMixin,pl:mixin:APP:balm.mixins.json:MinecraftMixin,pl:mixin:APP:konkrete.mixin.json:MixinMinecraft,pl:mixin:APP:entity_model_features-common.mixins.json:MixinResourceReload,pl:mixin:APP:entity_model_features-common.mixins.json:accessor.MinecraftClientAccessor,pl:mixin:APP:entity_texture_features-common.mixins.json:reloading.MixinMinecraftClient,pl:mixin:APP:flywheel.mixins.json:PausedPartialTickAccessor,pl:mixin:APP:mixins.oculus.json:MixinMinecraft_PipelineManagement,pl:mixin:APP:mixins.ipnext.json:MixinMinecraftClient,pl:mixin:APP:sound_physics_remastered.mixins.json:MinecraftMixin,pl:mixin:APP:create.mixins.json:client.WindowResizeMixin,pl:mixin:APP:embeddium.mixins.json:core.MixinMinecraftClient,pl:mixin:A,pl:runtimedistcleaner:A}
	at net.minecraft.client.Minecraft.m_91374_(Minecraft.java:700) ~[client-1.19.2-20220805.130853-srg.jar%23292!/:?] {re:mixin,pl:accesstransformer:B,pl:runtimedistcleaner:A,re:classloading,pl:accesstransformer:B,pl:mixin:APP:dynamiclightsreforged.mixins.json:MinecraftClientMixin,pl:mixin:APP:ae2.mixins.json:PickColorMixin,pl:mixin:APP:balm.mixins.json:MinecraftMixin,pl:mixin:APP:konkrete.mixin.json:MixinMinecraft,pl:mixin:APP:entity_model_features-common.mixins.json:MixinResourceReload,pl:mixin:APP:entity_model_features-common.mixins.json:accessor.MinecraftClientAccessor,pl:mixin:APP:entity_texture_features-common.mixins.json:reloading.MixinMinecraftClient,pl:mixin:APP:flywheel.mixins.json:PausedPartialTickAccessor,pl:mixin:APP:mixins.oculus.json:MixinMinecraft_PipelineManagement,pl:mixin:APP:mixins.ipnext.json:MixinMinecraftClient,pl:mixin:APP:sound_physics_remastered.mixins.json:MinecraftMixin,pl:mixin:APP:create.mixins.json:client.WindowResizeMixin,pl:mixin:APP:embeddium.mixins.json:core.MixinMinecraftClient,pl:mixin:A,pl:runtimedistcleaner:A}
	at net.minecraft.client.main.Main.m_239872_(Main.java:212) ~[Forge%201.19.2.jar:?] {re:classloading,re:mixin,pl:runtimedistcleaner:A,pl:mixin:A,pl:runtimedistcleaner:A}
	at net.minecraft.client.main.Main.main(Main.java:51) ~[Forge%201.19.2.jar:?] {re:classloading,re:mixin,pl:runtimedistcleaner:A,pl:mixin:A,pl:runtimedistcleaner:A}
	at jdk.internal.reflect.NativeMethodAccessorImpl.invoke0(Native Method) ~[?:?] {}
	at jdk.internal.reflect.NativeMethodAccessorImpl.invoke(NativeMethodAccessorImpl.java:77) ~[?:?] {}
	at jdk.internal.reflect.DelegatingMethodAccessorImpl.invoke(DelegatingMethodAccessorImpl.java:43) ~[?:?] {}
	at java.lang.reflect.Method.invoke(Method.java:569) ~[?:?] {}
	at net.minecraftforge.fml.loading.targets.CommonClientLaunchHandler.lambda$launchService$0(CommonClientLaunchHandler.java:27) ~[fmlloader-1.19.2-43.5.2.jar:?] {}
	at cpw.mods.modlauncher.LaunchServiceHandlerDecorator.launch(LaunchServiceHandlerDecorator.java:30) ~[modlauncher-10.0.8.jar:?] {}
	at cpw.mods.modlauncher.LaunchServiceHandler.launch(LaunchServiceHandler.java:53) ~[modlauncher-10.0.8.jar:?] {}
	at cpw.mods.modlauncher.LaunchServiceHandler.launch(LaunchServiceHandler.java:71) ~[modlauncher-10.0.8.jar:?] {}
	at cpw.mods.modlauncher.Launcher.run(Launcher.java:106) ~[modlauncher-10.0.8.jar:?] {}
	at cpw.mods.modlauncher.Launcher.main(Launcher.java:77) ~[modlauncher-10.0.8.jar:?] {}
	at cpw.mods.modlauncher.BootstrapLaunchConsumer.accept(BootstrapLaunchConsumer.java:26) ~[modlauncher-10.0.8.jar:?] {}
	at cpw.mods.modlauncher.BootstrapLaunchConsumer.accept(BootstrapLaunchConsumer.java:23) ~[modlauncher-10.0.8.jar:?] {}
	at cpw.mods.bootstraplauncher.BootstrapLauncher.main(BootstrapLauncher.java:141) ~[bootstraplauncher-1.1.2.jar:?] {}
[11:52:48] [Render thread/ERROR] [minecraft/RecipeManager]: Parsing error loading recipe create:milling/compat/byg/compat/byg/white_sage
com.google.gson.JsonSyntaxException: Unknown item 'byg:compat/byg/white_sage'
	at net.minecraft.world.item.crafting.ShapedRecipe.m_151280_(ShapedRecipe.java:275) ~[client-1.19.2-20220805.130853-srg.jar%23292!/:?] {re:classloading}
	at java.util.Optional.orElseThrow(Optional.java:403) ~[?:?] {re:mixin}
	at net.minecraft.world.item.crafting.ShapedRecipe.m_151278_(ShapedRecipe.java:274) ~[client-1.19.2-20220805.130853-srg.jar%23292!/:?] {re:classloading}
	at net.minecraft.world.item.crafting.Ingredient.m_43919_(Ingredient.java:222) ~[client-1.19.2-20220805.130853-srg.jar%23292!/:?] {re:mixin,pl:accesstransformer:B,re:classloading,pl:accesstransformer:B,pl:mixin:APP:industrialupgrade.mixins.json:access.IngredientAccessor,pl:mixin:A}
	at net.minecraftforge.common.crafting.VanillaIngredientSerializer.parse(VanillaIngredientSerializer.java:27) ~[forge-1.19.2-43.5.2-universal.jar%23297!/:?] {re:classloading}
	at net.minecraftforge.common.crafting.CraftingHelper.getIngredient(CraftingHelper.java:142) ~[forge-1.19.2-43.5.2-universal.jar%23297!/:?] {re:classloading}
	at net.minecraft.world.item.crafting.Ingredient.m_43917_(Ingredient.java:197) ~[client-1.19.2-20220805.130853-srg.jar%23292!/:?] {re:mixin,pl:accesstransformer:B,re:classloading,pl:accesstransformer:B,pl:mixin:APP:industrialupgrade.mixins.json:access.IngredientAccessor,pl:mixin:A}
	at com.simibubi.create.content.processing.recipe.ProcessingRecipeSerializer.readFromJson(ProcessingRecipeSerializer.java:66) ~[create-1.19.2-0.5.1.i.jar%23238!/:0.5.1.i] {re:classloading}
	at com.simibubi.create.content.processing.recipe.ProcessingRecipeSerializer.fromJson(ProcessingRecipeSerializer.java:154) ~[create-1.19.2-0.5.1.i.jar%23238!/:0.5.1.i] {re:classloading}
	at com.simibubi.create.content.processing.recipe.ProcessingRecipeSerializer.m_6729_(ProcessingRecipeSerializer.java:21) ~[create-1.19.2-0.5.1.i.jar%23238!/:0.5.1.i] {re:classloading}
	at net.minecraftforge.common.extensions.IForgeRecipeSerializer.fromJson(IForgeRecipeSerializer.java:23) ~[forge-1.19.2-43.5.2-universal.jar%23297!/:?] {re:classloading}
	at net.minecraft.world.item.crafting.RecipeManager.fromJson(RecipeManager.java:171) ~[client-1.19.2-20220805.130853-srg.jar%23292!/:?] {re:mixin,pl:accesstransformer:B,re:classloading,pl:accesstransformer:B,pl:mixin:A}
	at net.minecraft.world.item.crafting.RecipeManager.m_5787_(RecipeManager.java:67) ~[client-1.19.2-20220805.130853-srg.jar%23292!/:?] {re:mixin,pl:accesstransformer:B,re:classloading,pl:accesstransformer:B,pl:mixin:A}
	at net.minecraft.world.item.crafting.RecipeManager.m_5787_(RecipeManager.java:34) ~[client-1.19.2-20220805.130853-srg.jar%23292!/:?] {re:mixin,pl:accesstransformer:B,re:classloading,pl:accesstransformer:B,pl:mixin:A}
	at net.minecraft.server.packs.resources.SimplePreparableReloadListener.m_10789_(SimplePreparableReloadListener.java:13) ~[client-1.19.2-20220805.130853-srg.jar%23292!/:?] {re:classloading,re:mixin}
	at java.util.concurrent.CompletableFuture$UniAccept.tryFire(CompletableFuture.java:718) ~[?:?] {}
	at java.util.concurrent.CompletableFuture$Completion.run(CompletableFuture.java:482) ~[?:?] {}
	at net.minecraft.server.packs.resources.SimpleReloadInstance.m_143940_(SimpleReloadInstance.java:69) ~[client-1.19.2-20220805.130853-srg.jar%23292!/:?] {re:classloading}
	at net.minecraft.util.thread.BlockableEventLoop.m_6367_(BlockableEventLoop.java:157) ~[client-1.19.2-20220805.130853-srg.jar%23292!/:?] {re:mixin,pl:accesstransformer:B,re:computing_frames,pl:accesstransformer:B,re:classloading,pl:accesstransformer:B}
	at net.minecraft.util.thread.ReentrantBlockableEventLoop.m_6367_(ReentrantBlockableEventLoop.java:23) ~[client-1.19.2-20220805.130853-srg.jar%23292!/:?] {re:mixin,re:computing_frames,re:classloading}
	at net.minecraft.util.thread.BlockableEventLoop.m_7245_(BlockableEventLoop.java:131) ~[client-1.19.2-20220805.130853-srg.jar%23292!/:?] {re:mixin,pl:accesstransformer:B,re:computing_frames,pl:accesstransformer:B,re:classloading,pl:accesstransformer:B}
	at net.minecraft.util.thread.BlockableEventLoop.m_18701_(BlockableEventLoop.java:140) ~[client-1.19.2-20220805.130853-srg.jar%23292!/:?] {re:mixin,pl:accesstransformer:B,re:computing_frames,pl:accesstransformer:B,re:classloading,pl:accesstransformer:B}
	at net.minecraft.client.gui.screens.worldselection.WorldOpenFlows.m_233096_(WorldOpenFlows.java:130) ~[client-1.19.2-20220805.130853-srg.jar%23292!/:?] {re:classloading,pl:runtimedistcleaner:A}
	at net.minecraft.client.gui.screens.worldselection.WorldOpenFlows.m_233122_(WorldOpenFlows.java:109) ~[client-1.19.2-20220805.130853-srg.jar%23292!/:?] {re:classloading,pl:runtimedistcleaner:A}
	at net.minecraft.client.gui.screens.worldselection.WorldOpenFlows.doLoadLevel(WorldOpenFlows.java:148) ~[client-1.19.2-20220805.130853-srg.jar%23292!/:?] {re:classloading,pl:runtimedistcleaner:A}
	at net.minecraft.client.gui.screens.worldselection.WorldOpenFlows.m_233145_(WorldOpenFlows.java:136) ~[client-1.19.2-20220805.130853-srg.jar%23292!/:?] {re:classloading,pl:runtimedistcleaner:A}
	at net.minecraft.client.gui.screens.worldselection.WorldOpenFlows.m_233133_(WorldOpenFlows.java:58) ~[client-1.19.2-20220805.130853-srg.jar%23292!/:?] {re:classloading,pl:runtimedistcleaner:A}
	at ru.mot.ic2exfidelity.integration.SmokeWorldLauncher.onClientTick(SmokeWorldLauncher.java:31) ~[IC2-Experimental-Fidelity-0.1.0.jar%23249!/:0.1.0] {re:classloading}
	at ru.mot.ic2exfidelity.integration.__SmokeWorldLauncher_onClientTick_ClientTickEvent.invoke(.dynamic) ~[IC2-Experimental-Fidelity-0.1.0.jar%23249!/:0.1.0] {re:classloading,pl:eventbus:B}
	at net.minecraftforge.eventbus.ASMEventHandler.invoke(ASMEventHandler.java:73) ~[eventbus-6.0.3.jar%2386!/:?] {}
	at net.minecraftforge.eventbus.EventBus.post(EventBus.java:315) ~[eventbus-6.0.3.jar%2386!/:?] {}
	at net.minecraftforge.eventbus.EventBus.post(EventBus.java:296) ~[eventbus-6.0.3.jar%2386!/:?] {}
	at net.minecraftforge.event.ForgeEventFactory.onPostClientTick(ForgeEventFactory.java:839) ~[forge-1.19.2-43.5.2-universal.jar%23297!/:?] {re:classloading}
	at net.minecraft.client.Minecraft.m_91398_(Minecraft.java:1852) ~[client-1.19.2-20220805.130853-srg.jar%23292!/:?] {re:mixin,pl:accesstransformer:B,pl:runtimedistcleaner:A,re:classloading,pl:accesstransformer:B,pl:mixin:APP:dynamiclightsreforged.mixins.json:MinecraftClientMixin,pl:mixin:APP:ae2.mixins.json:PickColorMixin,pl:mixin:APP:balm.mixins.json:MinecraftMixin,pl:mixin:APP:konkrete.mixin.json:MixinMinecraft,pl:mixin:APP:entity_model_features-common.mixins.json:MixinResourceReload,pl:mixin:APP:entity_model_features-common.mixins.json:accessor.MinecraftClientAccessor,pl:mixin:APP:entity_texture_features-common.mixins.json:reloading.MixinMinecraftClient,pl:mixin:APP:flywheel.mixins.json:PausedPartialTickAccessor,pl:mixin:APP:mixins.oculus.json:MixinMinecraft_PipelineManagement,pl:mixin:APP:mixins.ipnext.json:MixinMinecraftClient,pl:mixin:APP:sound_physics_remastered.mixins.json:MinecraftMixin,pl:mixin:APP:create.mixins.json:client.WindowResizeMixin,pl:mixin:APP:embeddium.mixins.json:core.MixinMinecraftClient,pl:mixin:A,pl:runtimedistcleaner:A}
	at net.minecraft.client.Minecraft.m_91383_(Minecraft.java:1078) ~[client-1.19.2-20220805.130853-srg.jar%23292!/:?] {re:mixin,pl:accesstransformer:B,pl:runtimedistcleaner:A,re:classloading,pl:accesstransformer:B,pl:mixin:APP:dynamiclightsreforged.mixins.json:MinecraftClientMixin,pl:mixin:APP:ae2.mixins.json:PickColorMixin,pl:mixin:APP:balm.mixins.json:MinecraftMixin,pl:mixin:APP:konkrete.mixin.json:MixinMinecraft,pl:mixin:APP:entity_model_features-common.mixins.json:MixinResourceReload,pl:mixin:APP:entity_model_features-common.mixins.json:accessor.MinecraftClientAccessor,pl:mixin:APP:entity_texture_features-common.mixins.json:reloading.MixinMinecraftClient,pl:mixin:APP:flywheel.mixins.json:PausedPartialTickAccessor,pl:mixin:APP:mixins.oculus.json:MixinMinecraft_PipelineManagement,pl:mixin:APP:mixins.ipnext.json:MixinMinecraftClient,pl:mixin:APP:sound_physics_remastered.mixins.json:MinecraftMixin,pl:mixin:APP:create.mixins.json:client.WindowResizeMixin,pl:mixin:APP:embeddium.mixins.json:core.MixinMinecraftClient,pl:mixin:A,pl:runtimedistcleaner:A}
	at net.minecraft.client.Minecraft.m_91374_(Minecraft.java:700) ~[client-1.19.2-20220805.130853-srg.jar%23292!/:?] {re:mixin,pl:accesstransformer:B,pl:runtimedistcleaner:A,re:classloading,pl:accesstransformer:B,pl:mixin:APP:dynamiclightsreforged.mixins.json:MinecraftClientMixin,pl:mixin:APP:ae2.mixins.json:PickColorMixin,pl:mixin:APP:balm.mixins.json:MinecraftMixin,pl:mixin:APP:konkrete.mixin.json:MixinMinecraft,pl:mixin:APP:entity_model_features-common.mixins.json:MixinResourceReload,pl:mixin:APP:entity_model_features-common.mixins.json:accessor.MinecraftClientAccessor,pl:mixin:APP:entity_texture_features-common.mixins.json:reloading.MixinMinecraftClient,pl:mixin:APP:flywheel.mixins.json:PausedPartialTickAccessor,pl:mixin:APP:mixins.oculus.json:MixinMinecraft_PipelineManagement,pl:mixin:APP:mixins.ipnext.json:MixinMinecraftClient,pl:mixin:APP:sound_physics_remastered.mixins.json:MinecraftMixin,pl:mixin:APP:create.mixins.json:client.WindowResizeMixin,pl:mixin:APP:embeddium.mixins.json:core.MixinMinecraftClient,pl:mixin:A,pl:runtimedistcleaner:A}
	at net.minecraft.client.main.Main.m_239872_(Main.java:212) ~[Forge%201.19.2.jar:?] {re:classloading,re:mixin,pl:runtimedistcleaner:A,pl:mixin:A,pl:runtimedistcleaner:A}
	at net.minecraft.client.main.Main.main(Main.java:51) ~[Forge%201.19.2.jar:?] {re:classloading,re:mixin,pl:runtimedistcleaner:A,pl:mixin:A,pl:runtimedistcleaner:A}
	at jdk.internal.reflect.NativeMethodAccessorImpl.invoke0(Native Method) ~[?:?] {}
	at jdk.internal.reflect.NativeMethodAccessorImpl.invoke(NativeMethodAccessorImpl.java:77) ~[?:?] {}
	at jdk.internal.reflect.DelegatingMethodAccessorImpl.invoke(DelegatingMethodAccessorImpl.java:43) ~[?:?] {}
	at java.lang.reflect.Method.invoke(Method.java:569) ~[?:?] {}
	at net.minecraftforge.fml.loading.targets.CommonClientLaunchHandler.lambda$launchService$0(CommonClientLaunchHandler.java:27) ~[fmlloader-1.19.2-43.5.2.jar:?] {}
	at cpw.mods.modlauncher.LaunchServiceHandlerDecorator.launch(LaunchServiceHandlerDecorator.java:30) ~[modlauncher-10.0.8.jar:?] {}
	at cpw.mods.modlauncher.LaunchServiceHandler.launch(LaunchServiceHandler.java:53) ~[modlauncher-10.0.8.jar:?] {}
	at cpw.mods.modlauncher.LaunchServiceHandler.launch(LaunchServiceHandler.java:71) ~[modlauncher-10.0.8.jar:?] {}
	at cpw.mods.modlauncher.Launcher.run(Launcher.java:106) ~[modlauncher-10.0.8.jar:?] {}
	at cpw.mods.modlauncher.Launcher.main(Launcher.java:77) ~[modlauncher-10.0.8.jar:?] {}
	at cpw.mods.modlauncher.BootstrapLaunchConsumer.accept(BootstrapLaunchConsumer.java:26) ~[modlauncher-10.0.8.jar:?] {}
	at cpw.mods.modlauncher.BootstrapLaunchConsumer.accept(BootstrapLaunchConsumer.java:23) ~[modlauncher-10.0.8.jar:?] {}
	at cpw.mods.bootstraplauncher.BootstrapLauncher.main(BootstrapLauncher.java:141) ~[bootstraplauncher-1.1.2.jar:?] {}
[11:52:48] [Render thread/ERROR] [minecraft/RecipeManager]: Parsing error loading recipe create:crushing/compat/ae2/quartz_ore
com.google.gson.JsonSyntaxException: Unknown item 'ae2:quartz_ore'
	at net.minecraft.world.item.crafting.ShapedRecipe.m_151280_(ShapedRecipe.java:275) ~[client-1.19.2-20220805.130853-srg.jar%23292!/:?] {re:classloading}
	at java.util.Optional.orElseThrow(Optional.java:403) ~[?:?] {re:mixin}
	at net.minecraft.world.item.crafting.ShapedRecipe.m_151278_(ShapedRecipe.java:274) ~[client-1.19.2-20220805.130853-srg.jar%23292!/:?] {re:classloading}
	at net.minecraft.world.item.crafting.Ingredient.m_43919_(Ingredient.java:222) ~[client-1.19.2-20220805.130853-srg.jar%23292!/:?] {re:mixin,pl:accesstransformer:B,re:classloading,pl:accesstransformer:B,pl:mixin:APP:industrialupgrade.mixins.json:access.IngredientAccessor,pl:mixin:A}
	at net.minecraftforge.common.crafting.VanillaIngredientSerializer.parse(VanillaIngredientSerializer.java:27) ~[forge-1.19.2-43.5.2-universal.jar%23297!/:?] {re:classloading}
	at net.minecraftforge.common.crafting.CraftingHelper.getIngredient(CraftingHelper.java:142) ~[forge-1.19.2-43.5.2-universal.jar%23297!/:?] {re:classloading}
	at net.minecraft.world.item.crafting.Ingredient.m_43917_(Ingredient.java:197) ~[client-1.19.2-20220805.130853-srg.jar%23292!/:?] {re:mixin,pl:accesstransformer:B,re:classloading,pl:accesstransformer:B,pl:mixin:APP:industrialupgrade.mixins.json:access.IngredientAccessor,pl:mixin:A}
	at com.simibubi.create.content.processing.recipe.ProcessingRecipeSerializer.readFromJson(ProcessingRecipeSerializer.java:66) ~[create-1.19.2-0.5.1.i.jar%23238!/:0.5.1.i] {re:classloading}
	at com.simibubi.create.content.processing.recipe.ProcessingRecipeSerializer.fromJson(ProcessingRecipeSerializer.java:154) ~[create-1.19.2-0.5.1.i.jar%23238!/:0.5.1.i] {re:classloading}
	at com.simibubi.create.content.processing.recipe.ProcessingRecipeSerializer.m_6729_(ProcessingRecipeSerializer.java:21) ~[create-1.19.2-0.5.1.i.jar%23238!/:0.5.1.i] {re:classloading}
	at net.minecraftforge.common.extensions.IForgeRecipeSerializer.fromJson(IForgeRecipeSerializer.java:23) ~[forge-1.19.2-43.5.2-universal.jar%23297!/:?] {re:classloading}
	at net.minecraft.world.item.crafting.RecipeManager.fromJson(RecipeManager.java:171) ~[client-1.19.2-20220805.130853-srg.jar%23292!/:?] {re:mixin,pl:accesstransformer:B,re:classloading,pl:accesstransformer:B,pl:mixin:A}
	at net.minecraft.world.item.crafting.RecipeManager.m_5787_(RecipeManager.java:67) ~[client-1.19.2-20220805.130853-srg.jar%23292!/:?] {re:mixin,pl:accesstransformer:B,re:classloading,pl:accesstransformer:B,pl:mixin:A}
	at net.minecraft.world.item.crafting.RecipeManager.m_5787_(RecipeManager.java:34) ~[client-1.19.2-20220805.130853-srg.jar%23292!/:?] {re:mixin,pl:accesstransformer:B,re:classloading,pl:accesstransformer:B,pl:mixin:A}
	at net.minecraft.server.packs.resources.SimplePreparableReloadListener.m_10789_(SimplePreparableReloadListener.java:13) ~[client-1.19.2-20220805.130853-srg.jar%23292!/:?] {re:classloading,re:mixin}
	at java.util.concurrent.CompletableFuture$UniAccept.tryFire(CompletableFuture.java:718) ~[?:?] {}
	at java.util.concurrent.CompletableFuture$Completion.run(CompletableFuture.java:482) ~[?:?] {}
	at net.minecraft.server.packs.resources.SimpleReloadInstance.m_143940_(SimpleReloadInstance.java:69) ~[client-1.19.2-20220805.130853-srg.jar%23292!/:?] {re:classloading}
	at net.minecraft.util.thread.BlockableEventLoop.m_6367_(BlockableEventLoop.java:157) ~[client-1.19.2-20220805.130853-srg.jar%23292!/:?] {re:mixin,pl:accesstransformer:B,re:computing_frames,pl:accesstransformer:B,re:classloading,pl:accesstransformer:B}
	at net.minecraft.util.thread.ReentrantBlockableEventLoop.m_6367_(ReentrantBlockableEventLoop.java:23) ~[client-1.19.2-20220805.130853-srg.jar%23292!/:?] {re:mixin,re:computing_frames,re:classloading}
	at net.minecraft.util.thread.BlockableEventLoop.m_7245_(BlockableEventLoop.java:131) ~[client-1.19.2-20220805.130853-srg.jar%23292!/:?] {re:mixin,pl:accesstransformer:B,re:computing_frames,pl:accesstransformer:B,re:classloading,pl:accesstransformer:B}
	at net.minecraft.util.thread.BlockableEventLoop.m_18701_(BlockableEventLoop.java:140) ~[client-1.19.2-20220805.130853-srg.jar%23292!/:?] {re:mixin,pl:accesstransformer:B,re:computing_frames,pl:accesstransformer:B,re:classloading,pl:accesstransformer:B}
	at net.minecraft.client.gui.screens.worldselection.WorldOpenFlows.m_233096_(WorldOpenFlows.java:130) ~[client-1.19.2-20220805.130853-srg.jar%23292!/:?] {re:classloading,pl:runtimedistcleaner:A}
	at net.minecraft.client.gui.screens.worldselection.WorldOpenFlows.m_233122_(WorldOpenFlows.java:109) ~[client-1.19.2-20220805.130853-srg.jar%23292!/:?] {re:classloading,pl:runtimedistcleaner:A}
	at net.minecraft.client.gui.screens.worldselection.WorldOpenFlows.doLoadLevel(WorldOpenFlows.java:148) ~[client-1.19.2-20220805.130853-srg.jar%23292!/:?] {re:classloading,pl:runtimedistcleaner:A}
	at net.minecraft.client.gui.screens.worldselection.WorldOpenFlows.m_233145_(WorldOpenFlows.java:136) ~[client-1.19.2-20220805.130853-srg.jar%23292!/:?] {re:classloading,pl:runtimedistcleaner:A}
	at net.minecraft.client.gui.screens.worldselection.WorldOpenFlows.m_233133_(WorldOpenFlows.java:58) ~[client-1.19.2-20220805.130853-srg.jar%23292!/:?] {re:classloading,pl:runtimedistcleaner:A}
	at ru.mot.ic2exfidelity.integration.SmokeWorldLauncher.onClientTick(SmokeWorldLauncher.java:31) ~[IC2-Experimental-Fidelity-0.1.0.jar%23249!/:0.1.0] {re:classloading}
	at ru.mot.ic2exfidelity.integration.__SmokeWorldLauncher_onClientTick_ClientTickEvent.invoke(.dynamic) ~[IC2-Experimental-Fidelity-0.1.0.jar%23249!/:0.1.0] {re:classloading,pl:eventbus:B}
	at net.minecraftforge.eventbus.ASMEventHandler.invoke(ASMEventHandler.java:73) ~[eventbus-6.0.3.jar%2386!/:?] {}
	at net.minecraftforge.eventbus.EventBus.post(EventBus.java:315) ~[eventbus-6.0.3.jar%2386!/:?] {}
	at net.minecraftforge.eventbus.EventBus.post(EventBus.java:296) ~[eventbus-6.0.3.jar%2386!/:?] {}
	at net.minecraftforge.event.ForgeEventFactory.onPostClientTick(ForgeEventFactory.java:839) ~[forge-1.19.2-43.5.2-universal.jar%23297!/:?] {re:classloading}
	at net.minecraft.client.Minecraft.m_91398_(Minecraft.java:1852) ~[client-1.19.2-20220805.130853-srg.jar%23292!/:?] {re:mixin,pl:accesstransformer:B,pl:runtimedistcleaner:A,re:classloading,pl:accesstransformer:B,pl:mixin:APP:dynamiclightsreforged.mixins.json:MinecraftClientMixin,pl:mixin:APP:ae2.mixins.json:PickColorMixin,pl:mixin:APP:balm.mixins.json:MinecraftMixin,pl:mixin:APP:konkrete.mixin.json:MixinMinecraft,pl:mixin:APP:entity_model_features-common.mixins.json:MixinResourceReload,pl:mixin:APP:entity_model_features-common.mixins.json:accessor.MinecraftClientAccessor,pl:mixin:APP:entity_texture_features-common.mixins.json:reloading.MixinMinecraftClient,pl:mixin:APP:flywheel.mixins.json:PausedPartialTickAccessor,pl:mixin:APP:mixins.oculus.json:MixinMinecraft_PipelineManagement,pl:mixin:APP:mixins.ipnext.json:MixinMinecraftClient,pl:mixin:APP:sound_physics_remastered.mixins.json:MinecraftMixin,pl:mixin:APP:create.mixins.json:client.WindowResizeMixin,pl:mixin:APP:embeddium.mixins.json:core.MixinMinecraftClient,pl:mixin:A,pl:runtimedistcleaner:A}
	at net.minecraft.client.Minecraft.m_91383_(Minecraft.java:1078) ~[client-1.19.2-20220805.130853-srg.jar%23292!/:?] {re:mixin,pl:accesstransformer:B,pl:runtimedistcleaner:A,re:classloading,pl:accesstransformer:B,pl:mixin:APP:dynamiclightsreforged.mixins.json:MinecraftClientMixin,pl:mixin:APP:ae2.mixins.json:PickColorMixin,pl:mixin:APP:balm.mixins.json:MinecraftMixin,pl:mixin:APP:konkrete.mixin.json:MixinMinecraft,pl:mixin:APP:entity_model_features-common.mixins.json:MixinResourceReload,pl:mixin:APP:entity_model_features-common.mixins.json:accessor.MinecraftClientAccessor,pl:mixin:APP:entity_texture_features-common.mixins.json:reloading.MixinMinecraftClient,pl:mixin:APP:flywheel.mixins.json:PausedPartialTickAccessor,pl:mixin:APP:mixins.oculus.json:MixinMinecraft_PipelineManagement,pl:mixin:APP:mixins.ipnext.json:MixinMinecraftClient,pl:mixin:APP:sound_physics_remastered.mixins.json:MinecraftMixin,pl:mixin:APP:create.mixins.json:client.WindowResizeMixin,pl:mixin:APP:embeddium.mixins.json:core.MixinMinecraftClient,pl:mixin:A,pl:runtimedistcleaner:A}
	at net.minecraft.client.Minecraft.m_91374_(Minecraft.java:700) ~[client-1.19.2-20220805.130853-srg.jar%23292!/:?] {re:mixin,pl:accesstransformer:B,pl:runtimedistcleaner:A,re:classloading,pl:accesstransformer:B,pl:mixin:APP:dynamiclightsreforged.mixins.json:MinecraftClientMixin,pl:mixin:APP:ae2.mixins.json:PickColorMixin,pl:mixin:APP:balm.mixins.json:MinecraftMixin,pl:mixin:APP:konkrete.mixin.json:MixinMinecraft,pl:mixin:APP:entity_model_features-common.mixins.json:MixinResourceReload,pl:mixin:APP:entity_model_features-common.mixins.json:accessor.MinecraftClientAccessor,pl:mixin:APP:entity_texture_features-common.mixins.json:reloading.MixinMinecraftClient,pl:mixin:APP:flywheel.mixins.json:PausedPartialTickAccessor,pl:mixin:APP:mixins.oculus.json:MixinMinecraft_PipelineManagement,pl:mixin:APP:mixins.ipnext.json:MixinMinecraftClient,pl:mixin:APP:sound_physics_remastered.mixins.json:MinecraftMixin,pl:mixin:APP:create.mixins.json:client.WindowResizeMixin,pl:mixin:APP:embeddium.mixins.json:core.MixinMinecraftClient,pl:mixin:A,pl:runtimedistcleaner:A}
	at net.minecraft.client.main.Main.m_239872_(Main.java:212) ~[Forge%201.19.2.jar:?] {re:classloading,re:mixin,pl:runtimedistcleaner:A,pl:mixin:A,pl:runtimedistcleaner:A}
	at net.minecraft.client.main.Main.main(Main.java:51) ~[Forge%201.19.2.jar:?] {re:classloading,re:mixin,pl:runtimedistcleaner:A,pl:mixin:A,pl:runtimedistcleaner:A}
	at jdk.internal.reflect.NativeMethodAccessorImpl.invoke0(Native Method) ~[?:?] {}
	at jdk.internal.reflect.NativeMethodAccessorImpl.invoke(NativeMethodAccessorImpl.java:77) ~[?:?] {}
	at jdk.internal.reflect.DelegatingMethodAccessorImpl.invoke(DelegatingMethodAccessorImpl.java:43) ~[?:?] {}
	at java.lang.reflect.Method.invoke(Method.java:569) ~[?:?] {}
	at net.minecraftforge.fml.loading.targets.CommonClientLaunchHandler.lambda$launchService$0(CommonClientLaunchHandler.java:27) ~[fmlloader-1.19.2-43.5.2.jar:?] {}
	at cpw.mods.modlauncher.LaunchServiceHandlerDecorator.launch(LaunchServiceHandlerDecorator.java:30) ~[modlauncher-10.0.8.jar:?] {}
	at cpw.mods.modlauncher.LaunchServiceHandler.launch(LaunchServiceHandler.java:53) ~[modlauncher-10.0.8.jar:?] {}
	at cpw.mods.modlauncher.LaunchServiceHandler.launch(LaunchServiceHandler.java:71) ~[modlauncher-10.0.8.jar:?] {}
	at cpw.mods.modlauncher.Launcher.run(Launcher.java:106) ~[modlauncher-10.0.8.jar:?] {}
	at cpw.mods.modlauncher.Launcher.main(Launcher.java:77) ~[modlauncher-10.0.8.jar:?] {}
	at cpw.mods.modlauncher.BootstrapLaunchConsumer.accept(BootstrapLaunchConsumer.java:26) ~[modlauncher-10.0.8.jar:?] {}
	at cpw.mods.modlauncher.BootstrapLaunchConsumer.accept(BootstrapLaunchConsumer.java:23) ~[modlauncher-10.0.8.jar:?] {}
	at cpw.mods.bootstraplauncher.BootstrapLauncher.main(BootstrapLauncher.java:141) ~[bootstraplauncher-1.1.2.jar:?] {}
[11:52:48] [Render thread/ERROR] [minecraft/RecipeManager]: Parsing error loading recipe create:pressing/compat/byg/lush_grass_path
com.google.gson.JsonSyntaxException: Unknown item 'byg:lush_grass'
	at net.minecraft.world.item.crafting.ShapedRecipe.m_151280_(ShapedRecipe.java:275) ~[client-1.19.2-20220805.130853-srg.jar%23292!/:?] {re:classloading}
	at java.util.Optional.orElseThrow(Optional.java:403) ~[?:?] {re:mixin}
	at net.minecraft.world.item.crafting.ShapedRecipe.m_151278_(ShapedRecipe.java:274) ~[client-1.19.2-20220805.130853-srg.jar%23292!/:?] {re:classloading}
	at net.minecraft.world.item.crafting.Ingredient.m_43919_(Ingredient.java:222) ~[client-1.19.2-20220805.130853-srg.jar%23292!/:?] {re:mixin,pl:accesstransformer:B,re:classloading,pl:accesstransformer:B,pl:mixin:APP:industrialupgrade.mixins.json:access.IngredientAccessor,pl:mixin:A}
	at net.minecraftforge.common.crafting.VanillaIngredientSerializer.parse(VanillaIngredientSerializer.java:27) ~[forge-1.19.2-43.5.2-universal.jar%23297!/:?] {re:classloading}
	at net.minecraftforge.common.crafting.CraftingHelper.getIngredient(CraftingHelper.java:142) ~[forge-1.19.2-43.5.2-universal.jar%23297!/:?] {re:classloading}
	at net.minecraft.world.item.crafting.Ingredient.m_43917_(Ingredient.java:197) ~[client-1.19.2-20220805.130853-srg.jar%23292!/:?] {re:mixin,pl:accesstransformer:B,re:classloading,pl:accesstransformer:B,pl:mixin:APP:industrialupgrade.mixins.json:access.IngredientAccessor,pl:mixin:A}
	at com.simibubi.create.content.processing.recipe.ProcessingRecipeSerializer.readFromJson(ProcessingRecipeSerializer.java:66) ~[create-1.19.2-0.5.1.i.jar%23238!/:0.5.1.i] {re:classloading}
	at com.simibubi.create.content.processing.recipe.ProcessingRecipeSerializer.fromJson(ProcessingRecipeSerializer.java:154) ~[create-1.19.2-0.5.1.i.jar%23238!/:0.5.1.i] {re:classloading}
	at com.simibubi.create.content.processing.recipe.ProcessingRecipeSerializer.m_6729_(ProcessingRecipeSerializer.java:21) ~[create-1.19.2-0.5.1.i.jar%23238!/:0.5.1.i] {re:classloading}
	at net.minecraftforge.common.extensions.IForgeRecipeSerializer.fromJson(IForgeRecipeSerializer.java:23) ~[forge-1.19.2-43.5.2-universal.jar%23297!/:?] {re:classloading}
	at net.minecraft.world.item.crafting.RecipeManager.fromJson(RecipeManager.java:171) ~[client-1.19.2-20220805.130853-srg.jar%23292!/:?] {re:mixin,pl:accesstransformer:B,re:classloading,pl:accesstransformer:B,pl:mixin:A}
	at net.minecraft.world.item.crafting.RecipeManager.m_5787_(RecipeManager.java:67) ~[client-1.19.2-20220805.130853-srg.jar%23292!/:?] {re:mixin,pl:accesstransformer:B,re:classloading,pl:accesstransformer:B,pl:mixin:A}
	at net.minecraft.world.item.crafting.RecipeManager.m_5787_(RecipeManager.java:34) ~[client-1.19.2-20220805.130853-srg.jar%23292!/:?] {re:mixin,pl:accesstransformer:B,re:classloading,pl:accesstransformer:B,pl:mixin:A}
	at net.minecraft.server.packs.resources.SimplePreparableReloadListener.m_10789_(SimplePreparableReloadListener.java:13) ~[client-1.19.2-20220805.130853-srg.jar%23292!/:?] {re:classloading,re:mixin}
	at java.util.concurrent.CompletableFuture$UniAccept.tryFire(CompletableFuture.java:718) ~[?:?] {}
	at java.util.concurrent.CompletableFuture$Completion.run(CompletableFuture.java:482) ~[?:?] {}
	at net.minecraft.server.packs.resources.SimpleReloadInstance.m_143940_(SimpleReloadInstance.java:69) ~[client-1.19.2-20220805.130853-srg.jar%23292!/:?] {re:classloading}
	at net.minecraft.util.thread.BlockableEventLoop.m_6367_(BlockableEventLoop.java:157) ~[client-1.19.2-20220805.130853-srg.jar%23292!/:?] {re:mixin,pl:accesstransformer:B,re:computing_frames,pl:accesstransformer:B,re:classloading,pl:accesstransformer:B}
	at net.minecraft.util.thread.ReentrantBlockableEventLoop.m_6367_(ReentrantBlockableEventLoop.java:23) ~[client-1.19.2-20220805.130853-srg.jar%23292!/:?] {re:mixin,re:computing_frames,re:classloading}
	at net.minecraft.util.thread.BlockableEventLoop.m_7245_(BlockableEventLoop.java:131) ~[client-1.19.2-20220805.130853-srg.jar%23292!/:?] {re:mixin,pl:accesstransformer:B,re:computing_frames,pl:accesstransformer:B,re:classloading,pl:accesstransformer:B}
	at net.minecraft.util.thread.BlockableEventLoop.m_18701_(BlockableEventLoop.java:140) ~[client-1.19.2-20220805.130853-srg.jar%23292!/:?] {re:mixin,pl:accesstransformer:B,re:computing_frames,pl:accesstransformer:B,re:classloading,pl:accesstransformer:B}
	at net.minecraft.client.gui.screens.worldselection.WorldOpenFlows.m_233096_(WorldOpenFlows.java:130) ~[client-1.19.2-20220805.130853-srg.jar%23292!/:?] {re:classloading,pl:runtimedistcleaner:A}
	at net.minecraft.client.gui.screens.worldselection.WorldOpenFlows.m_233122_(WorldOpenFlows.java:109) ~[client-1.19.2-20220805.130853-srg.jar%23292!/:?] {re:classloading,pl:runtimedistcleaner:A}
	at net.minecraft.client.gui.screens.worldselection.WorldOpenFlows.doLoadLevel(WorldOpenFlows.java:148) ~[client-1.19.2-20220805.130853-srg.jar%23292!/:?] {re:classloading,pl:runtimedistcleaner:A}
	at net.minecraft.client.gui.screens.worldselection.WorldOpenFlows.m_233145_(WorldOpenFlows.java:136) ~[client-1.19.2-20220805.130853-srg.jar%23292!/:?] {re:classloading,pl:runtimedistcleaner:A}
	at net.minecraft.client.gui.screens.worldselection.WorldOpenFlows.m_233133_(WorldOpenFlows.java:58) ~[client-1.19.2-20220805.130853-srg.jar%23292!/:?] {re:classloading,pl:runtimedistcleaner:A}
	at ru.mot.ic2exfidelity.integration.SmokeWorldLauncher.onClientTick(SmokeWorldLauncher.java:31) ~[IC2-Experimental-Fidelity-0.1.0.jar%23249!/:0.1.0] {re:classloading}
	at ru.mot.ic2exfidelity.integration.__SmokeWorldLauncher_onClientTick_ClientTickEvent.invoke(.dynamic) ~[IC2-Experimental-Fidelity-0.1.0.jar%23249!/:0.1.0] {re:classloading,pl:eventbus:B}
	at net.minecraftforge.eventbus.ASMEventHandler.invoke(ASMEventHandler.java:73) ~[eventbus-6.0.3.jar%2386!/:?] {}
	at net.minecraftforge.eventbus.EventBus.post(EventBus.java:315) ~[eventbus-6.0.3.jar%2386!/:?] {}
	at net.minecraftforge.eventbus.EventBus.post(EventBus.java:296) ~[eventbus-6.0.3.jar%2386!/:?] {}
	at net.minecraftforge.event.ForgeEventFactory.onPostClientTick(ForgeEventFactory.java:839) ~[forge-1.19.2-43.5.2-universal.jar%23297!/:?] {re:classloading}
	at net.minecraft.client.Minecraft.m_91398_(Minecraft.java:1852) ~[client-1.19.2-20220805.130853-srg.jar%23292!/:?] {re:mixin,pl:accesstransformer:B,pl:runtimedistcleaner:A,re:classloading,pl:accesstransformer:B,pl:mixin:APP:dynamiclightsreforged.mixins.json:MinecraftClientMixin,pl:mixin:APP:ae2.mixins.json:PickColorMixin,pl:mixin:APP:balm.mixins.json:MinecraftMixin,pl:mixin:APP:konkrete.mixin.json:MixinMinecraft,pl:mixin:APP:entity_model_features-common.mixins.json:MixinResourceReload,pl:mixin:APP:entity_model_features-common.mixins.json:accessor.MinecraftClientAccessor,pl:mixin:APP:entity_texture_features-common.mixins.json:reloading.MixinMinecraftClient,pl:mixin:APP:flywheel.mixins.json:PausedPartialTickAccessor,pl:mixin:APP:mixins.oculus.json:MixinMinecraft_PipelineManagement,pl:mixin:APP:mixins.ipnext.json:MixinMinecraftClient,pl:mixin:APP:sound_physics_remastered.mixins.json:MinecraftMixin,pl:mixin:APP:create.mixins.json:client.WindowResizeMixin,pl:mixin:APP:embeddium.mixins.json:core.MixinMinecraftClient,pl:mixin:A,pl:runtimedistcleaner:A}
	at net.minecraft.client.Minecraft.m_91383_(Minecraft.java:1078) ~[client-1.19.2-20220805.130853-srg.jar%23292!/:?] {re:mixin,pl:accesstransformer:B,pl:runtimedistcleaner:A,re:classloading,pl:accesstransformer:B,pl:mixin:APP:dynamiclightsreforged.mixins.json:MinecraftClientMixin,pl:mixin:APP:ae2.mixins.json:PickColorMixin,pl:mixin:APP:balm.mixins.json:MinecraftMixin,pl:mixin:APP:konkrete.mixin.json:MixinMinecraft,pl:mixin:APP:entity_model_features-common.mixins.json:MixinResourceReload,pl:mixin:APP:entity_model_features-common.mixins.json:accessor.MinecraftClientAccessor,pl:mixin:APP:entity_texture_features-common.mixins.json:reloading.MixinMinecraftClient,pl:mixin:APP:flywheel.mixins.json:PausedPartialTickAccessor,pl:mixin:APP:mixins.oculus.json:MixinMinecraft_PipelineManagement,pl:mixin:APP:mixins.ipnext.json:MixinMinecraftClient,pl:mixin:APP:sound_physics_remastered.mixins.json:MinecraftMixin,pl:mixin:APP:create.mixins.json:client.WindowResizeMixin,pl:mixin:APP:embeddium.mixins.json:core.MixinMinecraftClient,pl:mixin:A,pl:runtimedistcleaner:A}
	at net.minecraft.client.Minecraft.m_91374_(Minecraft.java:700) ~[client-1.19.2-20220805.130853-srg.jar%23292!/:?] {re:mixin,pl:accesstransformer:B,pl:runtimedistcleaner:A,re:classloading,pl:accesstransformer:B,pl:mixin:APP:dynamiclightsreforged.mixins.json:MinecraftClientMixin,pl:mixin:APP:ae2.mixins.json:PickColorMixin,pl:mixin:APP:balm.mixins.json:MinecraftMixin,pl:mixin:APP:konkrete.mixin.json:MixinMinecraft,pl:mixin:APP:entity_model_features-common.mixins.json:MixinResourceReload,pl:mixin:APP:entity_model_features-common.mixins.json:accessor.MinecraftClientAccessor,pl:mixin:APP:entity_texture_features-common.mixins.json:reloading.MixinMinecraftClient,pl:mixin:APP:flywheel.mixins.json:PausedPartialTickAccessor,pl:mixin:APP:mixins.oculus.json:MixinMinecraft_PipelineManagement,pl:mixin:APP:mixins.ipnext.json:MixinMinecraftClient,pl:mixin:APP:sound_physics_remastered.mixins.json:MinecraftMixin,pl:mixin:APP:create.mixins.json:client.WindowResizeMixin,pl:mixin:APP:embeddium.mixins.json:core.MixinMinecraftClient,pl:mixin:A,pl:runtimedistcleaner:A}
	at net.minecraft.client.main.Main.m_239872_(Main.java:212) ~[Forge%201.19.2.jar:?] {re:classloading,re:mixin,pl:runtimedistcleaner:A,pl:mixin:A,pl:runtimedistcleaner:A}
	at net.minecraft.client.main.Main.main(Main.java:51) ~[Forge%201.19.2.jar:?] {re:classloading,re:mixin,pl:runtimedistcleaner:A,pl:mixin:A,pl:runtimedistcleaner:A}
	at jdk.internal.reflect.NativeMethodAccessorImpl.invoke0(Native Method) ~[?:?] {}
	at jdk.internal.reflect.NativeMethodAccessorImpl.invoke(NativeMethodAccessorImpl.java:77) ~[?:?] {}
	at jdk.internal.reflect.DelegatingMethodAccessorImpl.invoke(DelegatingMethodAccessorImpl.java:43) ~[?:?] {}
	at java.lang.reflect.Method.invoke(Method.java:569) ~[?:?] {}
	at net.minecraftforge.fml.loading.targets.CommonClientLaunchHandler.lambda$launchService$0(CommonClientLaunchHandler.java:27) ~[fmlloader-1.19.2-43.5.2.jar:?] {}
	at cpw.mods.modlauncher.LaunchServiceHandlerDecorator.launch(LaunchServiceHandlerDecorator.java:30) ~[modlauncher-10.0.8.jar:?] {}
	at cpw.mods.modlauncher.LaunchServiceHandler.launch(LaunchServiceHandler.java:53) ~[modlauncher-10.0.8.jar:?] {}
	at cpw.mods.modlauncher.LaunchServiceHandler.launch(LaunchServiceHandler.java:71) ~[modlauncher-10.0.8.jar:?] {}
	at cpw.mods.modlauncher.Launcher.run(Launcher.java:106) ~[modlauncher-10.0.8.jar:?] {}
	at cpw.mods.modlauncher.Launcher.main(Launcher.java:77) ~[modlauncher-10.0.8.jar:?] {}
	at cpw.mods.modlauncher.BootstrapLaunchConsumer.accept(BootstrapLaunchConsumer.java:26) ~[modlauncher-10.0.8.jar:?] {}
	at cpw.mods.modlauncher.BootstrapLaunchConsumer.accept(BootstrapLaunchConsumer.java:23) ~[modlauncher-10.0.8.jar:?] {}
	at cpw.mods.bootstraplauncher.BootstrapLauncher.main(BootstrapLauncher.java:141) ~[bootstraplauncher-1.1.2.jar:?] {}
[11:52:48] [Render thread/ERROR] [minecraft/RecipeManager]: Parsing error loading recipe create:milling/compat/byg/purple_rose
com.google.gson.JsonSyntaxException: Unknown item 'byg:purple_rose'
	at net.minecraft.world.item.crafting.ShapedRecipe.m_151280_(ShapedRecipe.java:275) ~[client-1.19.2-20220805.130853-srg.jar%23292!/:?] {re:classloading}
	at java.util.Optional.orElseThrow(Optional.java:403) ~[?:?] {re:mixin}
	at net.minecraft.world.item.crafting.ShapedRecipe.m_151278_(ShapedRecipe.java:274) ~[client-1.19.2-20220805.130853-srg.jar%23292!/:?] {re:classloading}
	at net.minecraft.world.item.crafting.Ingredient.m_43919_(Ingredient.java:222) ~[client-1.19.2-20220805.130853-srg.jar%23292!/:?] {re:mixin,pl:accesstransformer:B,re:classloading,pl:accesstransformer:B,pl:mixin:APP:industrialupgrade.mixins.json:access.IngredientAccessor,pl:mixin:A}
	at net.minecraftforge.common.crafting.VanillaIngredientSerializer.parse(VanillaIngredientSerializer.java:27) ~[forge-1.19.2-43.5.2-universal.jar%23297!/:?] {re:classloading}
	at net.minecraftforge.common.crafting.CraftingHelper.getIngredient(CraftingHelper.java:142) ~[forge-1.19.2-43.5.2-universal.jar%23297!/:?] {re:classloading}
	at net.minecraft.world.item.crafting.Ingredient.m_43917_(Ingredient.java:197) ~[client-1.19.2-20220805.130853-srg.jar%23292!/:?] {re:mixin,pl:accesstransformer:B,re:classloading,pl:accesstransformer:B,pl:mixin:APP:industrialupgrade.mixins.json:access.IngredientAccessor,pl:mixin:A}
	at com.simibubi.create.content.processing.recipe.ProcessingRecipeSerializer.readFromJson(ProcessingRecipeSerializer.java:66) ~[create-1.19.2-0.5.1.i.jar%23238!/:0.5.1.i] {re:classloading}
	at com.simibubi.create.content.processing.recipe.ProcessingRecipeSerializer.fromJson(ProcessingRecipeSerializer.java:154) ~[create-1.19.2-0.5.1.i.jar%23238!/:0.5.1.i] {re:classloading}
	at com.simibubi.create.content.processing.recipe.ProcessingRecipeSerializer.m_6729_(ProcessingRecipeSerializer.java:21) ~[create-1.19.2-0.5.1.i.jar%23238!/:0.5.1.i] {re:classloading}
	at net.minecraftforge.common.extensions.IForgeRecipeSerializer.fromJson(IForgeRecipeSerializer.java:23) ~[forge-1.19.2-43.5.2-universal.jar%23297!/:?] {re:classloading}
	at net.minecraft.world.item.crafting.RecipeManager.fromJson(RecipeManager.java:171) ~[client-1.19.2-20220805.130853-srg.jar%23292!/:?] {re:mixin,pl:accesstransformer:B,re:classloading,pl:accesstransformer:B,pl:mixin:A}
	at net.minecraft.world.item.crafting.RecipeManager.m_5787_(RecipeManager.java:67) ~[client-1.19.2-20220805.130853-srg.jar%23292!/:?] {re:mixin,pl:accesstransformer:B,re:classloading,pl:accesstransformer:B,pl:mixin:A}
	at net.minecraft.world.item.crafting.RecipeManager.m_5787_(RecipeManager.java:34) ~[client-1.19.2-20220805.130853-srg.jar%23292!/:?] {re:mixin,pl:accesstransformer:B,re:classloading,pl:accesstransformer:B,pl:mixin:A}
	at net.minecraft.server.packs.resources.SimplePreparableReloadListener.m_10789_(SimplePreparableReloadListener.java:13) ~[client-1.19.2-20220805.130853-srg.jar%23292!/:?] {re:classloading,re:mixin}
	at java.util.concurrent.CompletableFuture$UniAccept.tryFire(CompletableFuture.java:718) ~[?:?] {}
	at java.util.concurrent.CompletableFuture$Completion.run(CompletableFuture.java:482) ~[?:?] {}
	at net.minecraft.server.packs.resources.SimpleReloadInstance.m_143940_(SimpleReloadInstance.java:69) ~[client-1.19.2-20220805.130853-srg.jar%23292!/:?] {re:classloading}
	at net.minecraft.util.thread.BlockableEventLoop.m_6367_(BlockableEventLoop.java:157) ~[client-1.19.2-20220805.130853-srg.jar%23292!/:?] {re:mixin,pl:accesstransformer:B,re:computing_frames,pl:accesstransformer:B,re:classloading,pl:accesstransformer:B}
	at net.minecraft.util.thread.ReentrantBlockableEventLoop.m_6367_(ReentrantBlockableEventLoop.java:23) ~[client-1.19.2-20220805.130853-srg.jar%23292!/:?] {re:mixin,re:computing_frames,re:classloading}
	at net.minecraft.util.thread.BlockableEventLoop.m_7245_(BlockableEventLoop.java:131) ~[client-1.19.2-20220805.130853-srg.jar%23292!/:?] {re:mixin,pl:accesstransformer:B,re:computing_frames,pl:accesstransformer:B,re:classloading,pl:accesstransformer:B}
	at net.minecraft.util.thread.BlockableEventLoop.m_18701_(BlockableEventLoop.java:140) ~[client-1.19.2-20220805.130853-srg.jar%23292!/:?] {re:mixin,pl:accesstransformer:B,re:computing_frames,pl:accesstransformer:B,re:classloading,pl:accesstransformer:B}
	at net.minecraft.client.gui.screens.worldselection.WorldOpenFlows.m_233096_(WorldOpenFlows.java:130) ~[client-1.19.2-20220805.130853-srg.jar%23292!/:?] {re:classloading,pl:runtimedistcleaner:A}
	at net.minecraft.client.gui.screens.worldselection.WorldOpenFlows.m_233122_(WorldOpenFlows.java:109) ~[client-1.19.2-20220805.130853-srg.jar%23292!/:?] {re:classloading,pl:runtimedistcleaner:A}
	at net.minecraft.client.gui.screens.worldselection.WorldOpenFlows.doLoadLevel(WorldOpenFlows.java:148) ~[client-1.19.2-20220805.130853-srg.jar%23292!/:?] {re:classloading,pl:runtimedistcleaner:A}
	at net.minecraft.client.gui.screens.worldselection.WorldOpenFlows.m_233145_(WorldOpenFlows.java:136) ~[client-1.19.2-20220805.130853-srg.jar%23292!/:?] {re:classloading,pl:runtimedistcleaner:A}
	at net.minecraft.client.gui.screens.worldselection.WorldOpenFlows.m_233133_(WorldOpenFlows.java:58) ~[client-1.19.2-20220805.130853-srg.jar%23292!/:?] {re:classloading,pl:runtimedistcleaner:A}
	at ru.mot.ic2exfidelity.integration.SmokeWorldLauncher.onClientTick(SmokeWorldLauncher.java:31) ~[IC2-Experimental-Fidelity-0.1.0.jar%23249!/:0.1.0] {re:classloading}
	at ru.mot.ic2exfidelity.integration.__SmokeWorldLauncher_onClientTick_ClientTickEvent.invoke(.dynamic) ~[IC2-Experimental-Fidelity-0.1.0.jar%23249!/:0.1.0] {re:classloading,pl:eventbus:B}
	at net.minecraftforge.eventbus.ASMEventHandler.invoke(ASMEventHandler.java:73) ~[eventbus-6.0.3.jar%2386!/:?] {}
	at net.minecraftforge.eventbus.EventBus.post(EventBus.java:315) ~[eventbus-6.0.3.jar%2386!/:?] {}
	at net.minecraftforge.eventbus.EventBus.post(EventBus.java:296) ~[eventbus-6.0.3.jar%2386!/:?] {}
	at net.minecraftforge.event.ForgeEventFactory.onPostClientTick(ForgeEventFactory.java:839) ~[forge-1.19.2-43.5.2-universal.jar%23297!/:?] {re:classloading}
	at net.minecraft.client.Minecraft.m_91398_(Minecraft.java:1852) ~[client-1.19.2-20220805.130853-srg.jar%23292!/:?] {re:mixin,pl:accesstransformer:B,pl:runtimedistcleaner:A,re:classloading,pl:accesstransformer:B,pl:mixin:APP:dynamiclightsreforged.mixins.json:MinecraftClientMixin,pl:mixin:APP:ae2.mixins.json:PickColorMixin,pl:mixin:APP:balm.mixins.json:MinecraftMixin,pl:mixin:APP:konkrete.mixin.json:MixinMinecraft,pl:mixin:APP:entity_model_features-common.mixins.json:MixinResourceReload,pl:mixin:APP:entity_model_features-common.mixins.json:accessor.MinecraftClientAccessor,pl:mixin:APP:entity_texture_features-common.mixins.json:reloading.MixinMinecraftClient,pl:mixin:APP:flywheel.mixins.json:PausedPartialTickAccessor,pl:mixin:APP:mixins.oculus.json:MixinMinecraft_PipelineManagement,pl:mixin:APP:mixins.ipnext.json:MixinMinecraftClient,pl:mixin:APP:sound_physics_remastered.mixins.json:MinecraftMixin,pl:mixin:APP:create.mixins.json:client.WindowResizeMixin,pl:mixin:APP:embeddium.mixins.json:core.MixinMinecraftClient,pl:mixin:A,pl:runtimedistcleaner:A}
	at net.minecraft.client.Minecraft.m_91383_(Minecraft.java:1078) ~[client-1.19.2-20220805.130853-srg.jar%23292!/:?] {re:mixin,pl:accesstransformer:B,pl:runtimedistcleaner:A,re:classloading,pl:accesstransformer:B,pl:mixin:APP:dynamiclightsreforged.mixins.json:MinecraftClientMixin,pl:mixin:APP:ae2.mixins.json:PickColorMixin,pl:mixin:APP:balm.mixins.json:MinecraftMixin,pl:mixin:APP:konkrete.mixin.json:MixinMinecraft,pl:mixin:APP:entity_model_features-common.mixins.json:MixinResourceReload,pl:mixin:APP:entity_model_features-common.mixins.json:accessor.MinecraftClientAccessor,pl:mixin:APP:entity_texture_features-common.mixins.json:reloading.MixinMinecraftClient,pl:mixin:APP:flywheel.mixins.json:PausedPartialTickAccessor,pl:mixin:APP:mixins.oculus.json:MixinMinecraft_PipelineManagement,pl:mixin:APP:mixins.ipnext.json:MixinMinecraftClient,pl:mixin:APP:sound_physics_remastered.mixins.json:MinecraftMixin,pl:mixin:APP:create.mixins.json:client.WindowResizeMixin,pl:mixin:APP:embeddium.mixins.json:core.MixinMinecraftClient,pl:mixin:A,pl:runtimedistcleaner:A}
	at net.minecraft.client.Minecraft.m_91374_(Minecraft.java:700) ~[client-1.19.2-20220805.130853-srg.jar%23292!/:?] {re:mixin,pl:accesstransformer:B,pl:runtimedistcleaner:A,re:classloading,pl:accesstransformer:B,pl:mixin:APP:dynamiclightsreforged.mixins.json:MinecraftClientMixin,pl:mixin:APP:ae2.mixins.json:PickColorMixin,pl:mixin:APP:balm.mixins.json:MinecraftMixin,pl:mixin:APP:konkrete.mixin.json:MixinMinecraft,pl:mixin:APP:entity_model_features-common.mixins.json:MixinResourceReload,pl:mixin:APP:entity_model_features-common.mixins.json:accessor.MinecraftClientAccessor,pl:mixin:APP:entity_texture_features-common.mixins.json:reloading.MixinMinecraftClient,pl:mixin:APP:flywheel.mixins.json:PausedPartialTickAccessor,pl:mixin:APP:mixins.oculus.json:MixinMinecraft_PipelineManagement,pl:mixin:APP:mixins.ipnext.json:MixinMinecraftClient,pl:mixin:APP:sound_physics_remastered.mixins.json:MinecraftMixin,pl:mixin:APP:create.mixins.json:client.WindowResizeMixin,pl:mixin:APP:embeddium.mixins.json:core.MixinMinecraftClient,pl:mixin:A,pl:runtimedistcleaner:A}
	at net.minecraft.client.main.Main.m_239872_(Main.java:212) ~[Forge%201.19.2.jar:?] {re:classloading,re:mixin,pl:runtimedistcleaner:A,pl:mixin:A,pl:runtimedistcleaner:A}
	at net.minecraft.client.main.Main.main(Main.java:51) ~[Forge%201.19.2.jar:?] {re:classloading,re:mixin,pl:runtimedistcleaner:A,pl:mixin:A,pl:runtimedistcleaner:A}
	at jdk.internal.reflect.NativeMethodAccessorImpl.invoke0(Native Method) ~[?:?] {}
	at jdk.internal.reflect.NativeMethodAccessorImpl.invoke(NativeMethodAccessorImpl.java:77) ~[?:?] {}
	at jdk.internal.reflect.DelegatingMethodAccessorImpl.invoke(DelegatingMethodAccessorImpl.java:43) ~[?:?] {}
	at java.lang.reflect.Method.invoke(Method.java:569) ~[?:?] {}
	at net.minecraftforge.fml.loading.targets.CommonClientLaunchHandler.lambda$launchService$0(CommonClientLaunchHandler.java:27) ~[fmlloader-1.19.2-43.5.2.jar:?] {}
	at cpw.mods.modlauncher.LaunchServiceHandlerDecorator.launch(LaunchServiceHandlerDecorator.java:30) ~[modlauncher-10.0.8.jar:?] {}
	at cpw.mods.modlauncher.LaunchServiceHandler.launch(LaunchServiceHandler.java:53) ~[modlauncher-10.0.8.jar:?] {}
	at cpw.mods.modlauncher.LaunchServiceHandler.launch(LaunchServiceHandler.java:71) ~[modlauncher-10.0.8.jar:?] {}
	at cpw.mods.modlauncher.Launcher.run(Launcher.java:106) ~[modlauncher-10.0.8.jar:?] {}
	at cpw.mods.modlauncher.Launcher.main(Launcher.java:77) ~[modlauncher-10.0.8.jar:?] {}
	at cpw.mods.modlauncher.BootstrapLaunchConsumer.accept(BootstrapLaunchConsumer.java:26) ~[modlauncher-10.0.8.jar:?] {}
	at cpw.mods.modlauncher.BootstrapLaunchConsumer.accept(BootstrapLaunchConsumer.java:23) ~[modlauncher-10.0.8.jar:?] {}
	at cpw.mods.bootstraplauncher.BootstrapLauncher.main(BootstrapLauncher.java:141) ~[bootstraplauncher-1.1.2.jar:?] {}
[11:52:48] [Render thread/ERROR] [minecraft/RecipeManager]: Parsing error loading recipe create:milling/compat/byg/lolipop_flower
com.google.gson.JsonSyntaxException: Unknown item 'byg:lolipop_flower'
	at net.minecraft.world.item.crafting.ShapedRecipe.m_151280_(ShapedRecipe.java:275) ~[client-1.19.2-20220805.130853-srg.jar%23292!/:?] {re:classloading}
	at java.util.Optional.orElseThrow(Optional.java:403) ~[?:?] {re:mixin}
	at net.minecraft.world.item.crafting.ShapedRecipe.m_151278_(ShapedRecipe.java:274) ~[client-1.19.2-20220805.130853-srg.jar%23292!/:?] {re:classloading}
	at net.minecraft.world.item.crafting.Ingredient.m_43919_(Ingredient.java:222) ~[client-1.19.2-20220805.130853-srg.jar%23292!/:?] {re:mixin,pl:accesstransformer:B,re:classloading,pl:accesstransformer:B,pl:mixin:APP:industrialupgrade.mixins.json:access.IngredientAccessor,pl:mixin:A}
	at net.minecraftforge.common.crafting.VanillaIngredientSerializer.parse(VanillaIngredientSerializer.java:27) ~[forge-1.19.2-43.5.2-universal.jar%23297!/:?] {re:classloading}
	at net.minecraftforge.common.crafting.CraftingHelper.getIngredient(CraftingHelper.java:142) ~[forge-1.19.2-43.5.2-universal.jar%23297!/:?] {re:classloading}
	at net.minecraft.world.item.crafting.Ingredient.m_43917_(Ingredient.java:197) ~[client-1.19.2-20220805.130853-srg.jar%23292!/:?] {re:mixin,pl:accesstransformer:B,re:classloading,pl:accesstransformer:B,pl:mixin:APP:industrialupgrade.mixins.json:access.IngredientAccessor,pl:mixin:A}
	at com.simibubi.create.content.processing.recipe.ProcessingRecipeSerializer.readFromJson(ProcessingRecipeSerializer.java:66) ~[create-1.19.2-0.5.1.i.jar%23238!/:0.5.1.i] {re:classloading}
	at com.simibubi.create.content.processing.recipe.ProcessingRecipeSerializer.fromJson(ProcessingRecipeSerializer.java:154) ~[create-1.19.2-0.5.1.i.jar%23238!/:0.5.1.i] {re:classloading}
	at com.simibubi.create.content.processing.recipe.ProcessingRecipeSerializer.m_6729_(ProcessingRecipeSerializer.java:21) ~[create-1.19.2-0.5.1.i.jar%23238!/:0.5.1.i] {re:classloading}
	at net.minecraftforge.common.extensions.IForgeRecipeSerializer.fromJson(IForgeRecipeSerializer.java:23) ~[forge-1.19.2-43.5.2-universal.jar%23297!/:?] {re:classloading}
	at net.minecraft.world.item.crafting.RecipeManager.fromJson(RecipeManager.java:171) ~[client-1.19.2-20220805.130853-srg.jar%23292!/:?] {re:mixin,pl:accesstransformer:B,re:classloading,pl:accesstransformer:B,pl:mixin:A}
	at net.minecraft.world.item.crafting.RecipeManager.m_5787_(RecipeManager.java:67) ~[client-1.19.2-20220805.130853-srg.jar%23292!/:?] {re:mixin,pl:accesstransformer:B,re:classloading,pl:accesstransformer:B,pl:mixin:A}
	at net.minecraft.world.item.crafting.RecipeManager.m_5787_(RecipeManager.java:34) ~[client-1.19.2-20220805.130853-srg.jar%23292!/:?] {re:mixin,pl:accesstransformer:B,re:classloading,pl:accesstransformer:B,pl:mixin:A}
	at net.minecraft.server.packs.resources.SimplePreparableReloadListener.m_10789_(SimplePreparableReloadListener.java:13) ~[client-1.19.2-20220805.130853-srg.jar%23292!/:?] {re:classloading,re:mixin}
	at java.util.concurrent.CompletableFuture$UniAccept.tryFire(CompletableFuture.java:718) ~[?:?] {}
	at java.util.concurrent.CompletableFuture$Completion.run(CompletableFuture.java:482) ~[?:?] {}
	at net.minecraft.server.packs.resources.SimpleReloadInstance.m_143940_(SimpleReloadInstance.java:69) ~[client-1.19.2-20220805.130853-srg.jar%23292!/:?] {re:classloading}
	at net.minecraft.util.thread.BlockableEventLoop.m_6367_(BlockableEventLoop.java:157) ~[client-1.19.2-20220805.130853-srg.jar%23292!/:?] {re:mixin,pl:accesstransformer:B,re:computing_frames,pl:accesstransformer:B,re:classloading,pl:accesstransformer:B}
	at net.minecraft.util.thread.ReentrantBlockableEventLoop.m_6367_(ReentrantBlockableEventLoop.java:23) ~[client-1.19.2-20220805.130853-srg.jar%23292!/:?] {re:mixin,re:computing_frames,re:classloading}
	at net.minecraft.util.thread.BlockableEventLoop.m_7245_(BlockableEventLoop.java:131) ~[client-1.19.2-20220805.130853-srg.jar%23292!/:?] {re:mixin,pl:accesstransformer:B,re:computing_frames,pl:accesstransformer:B,re:classloading,pl:accesstransformer:B}
	at net.minecraft.util.thread.BlockableEventLoop.m_18701_(BlockableEventLoop.java:140) ~[client-1.19.2-20220805.130853-srg.jar%23292!/:?] {re:mixin,pl:accesstransformer:B,re:computing_frames,pl:accesstransformer:B,re:classloading,pl:accesstransformer:B}
	at net.minecraft.client.gui.screens.worldselection.WorldOpenFlows.m_233096_(WorldOpenFlows.java:130) ~[client-1.19.2-20220805.130853-srg.jar%23292!/:?] {re:classloading,pl:runtimedistcleaner:A}
	at net.minecraft.client.gui.screens.worldselection.WorldOpenFlows.m_233122_(WorldOpenFlows.java:109) ~[client-1.19.2-20220805.130853-srg.jar%23292!/:?] {re:classloading,pl:runtimedistcleaner:A}
	at net.minecraft.client.gui.screens.worldselection.WorldOpenFlows.doLoadLevel(WorldOpenFlows.java:148) ~[client-1.19.2-20220805.130853-srg.jar%23292!/:?] {re:classloading,pl:runtimedistcleaner:A}
	at net.minecraft.client.gui.screens.worldselection.WorldOpenFlows.m_233145_(WorldOpenFlows.java:136) ~[client-1.19.2-20220805.130853-srg.jar%23292!/:?] {re:classloading,pl:runtimedistcleaner:A}
	at net.minecraft.client.gui.screens.worldselection.WorldOpenFlows.m_233133_(WorldOpenFlows.java:58) ~[client-1.19.2-20220805.130853-srg.jar%23292!/:?] {re:classloading,pl:runtimedistcleaner:A}
	at ru.mot.ic2exfidelity.integration.SmokeWorldLauncher.onClientTick(SmokeWorldLauncher.java:31) ~[IC2-Experimental-Fidelity-0.1.0.jar%23249!/:0.1.0] {re:classloading}
	at ru.mot.ic2exfidelity.integration.__SmokeWorldLauncher_onClientTick_ClientTickEvent.invoke(.dynamic) ~[IC2-Experimental-Fidelity-0.1.0.jar%23249!/:0.1.0] {re:classloading,pl:eventbus:B}
	at net.minecraftforge.eventbus.ASMEventHandler.invoke(ASMEventHandler.java:73) ~[eventbus-6.0.3.jar%2386!/:?] {}
	at net.minecraftforge.eventbus.EventBus.post(EventBus.java:315) ~[eventbus-6.0.3.jar%2386!/:?] {}
	at net.minecraftforge.eventbus.EventBus.post(EventBus.java:296) ~[eventbus-6.0.3.jar%2386!/:?] {}
	at net.minecraftforge.event.ForgeEventFactory.onPostClientTick(ForgeEventFactory.java:839) ~[forge-1.19.2-43.5.2-universal.jar%23297!/:?] {re:classloading}
	at net.minecraft.client.Minecraft.m_91398_(Minecraft.java:1852) ~[client-1.19.2-20220805.130853-srg.jar%23292!/:?] {re:mixin,pl:accesstransformer:B,pl:runtimedistcleaner:A,re:classloading,pl:accesstransformer:B,pl:mixin:APP:dynamiclightsreforged.mixins.json:MinecraftClientMixin,pl:mixin:APP:ae2.mixins.json:PickColorMixin,pl:mixin:APP:balm.mixins.json:MinecraftMixin,pl:mixin:APP:konkrete.mixin.json:MixinMinecraft,pl:mixin:APP:entity_model_features-common.mixins.json:MixinResourceReload,pl:mixin:APP:entity_model_features-common.mixins.json:accessor.MinecraftClientAccessor,pl:mixin:APP:entity_texture_features-common.mixins.json:reloading.MixinMinecraftClient,pl:mixin:APP:flywheel.mixins.json:PausedPartialTickAccessor,pl:mixin:APP:mixins.oculus.json:MixinMinecraft_PipelineManagement,pl:mixin:APP:mixins.ipnext.json:MixinMinecraftClient,pl:mixin:APP:sound_physics_remastered.mixins.json:MinecraftMixin,pl:mixin:APP:create.mixins.json:client.WindowResizeMixin,pl:mixin:APP:embeddium.mixins.json:core.MixinMinecraftClient,pl:mixin:A,pl:runtimedistcleaner:A}
	at net.minecraft.client.Minecraft.m_91383_(Minecraft.java:1078) ~[client-1.19.2-20220805.130853-srg.jar%23292!/:?] {re:mixin,pl:accesstransformer:B,pl:runtimedistcleaner:A,re:classloading,pl:accesstransformer:B,pl:mixin:APP:dynamiclightsreforged.mixins.json:MinecraftClientMixin,pl:mixin:APP:ae2.mixins.json:PickColorMixin,pl:mixin:APP:balm.mixins.json:MinecraftMixin,pl:mixin:APP:konkrete.mixin.json:MixinMinecraft,pl:mixin:APP:entity_model_features-common.mixins.json:MixinResourceReload,pl:mixin:APP:entity_model_features-common.mixins.json:accessor.MinecraftClientAccessor,pl:mixin:APP:entity_texture_features-common.mixins.json:reloading.MixinMinecraftClient,pl:mixin:APP:flywheel.mixins.json:PausedPartialTickAccessor,pl:mixin:APP:mixins.oculus.json:MixinMinecraft_PipelineManagement,pl:mixin:APP:mixins.ipnext.json:MixinMinecraftClient,pl:mixin:APP:sound_physics_remastered.mixins.json:MinecraftMixin,pl:mixin:APP:create.mixins.json:client.WindowResizeMixin,pl:mixin:APP:embeddium.mixins.json:core.MixinMinecraftClient,pl:mixin:A,pl:runtimedistcleaner:A}
	at net.minecraft.client.Minecraft.m_91374_(Minecraft.java:700) ~[client-1.19.2-20220805.130853-srg.jar%23292!/:?] {re:mixin,pl:accesstransformer:B,pl:runtimedistcleaner:A,re:classloading,pl:accesstransformer:B,pl:mixin:APP:dynamiclightsreforged.mixins.json:MinecraftClientMixin,pl:mixin:APP:ae2.mixins.json:PickColorMixin,pl:mixin:APP:balm.mixins.json:MinecraftMixin,pl:mixin:APP:konkrete.mixin.json:MixinMinecraft,pl:mixin:APP:entity_model_features-common.mixins.json:MixinResourceReload,pl:mixin:APP:entity_model_features-common.mixins.json:accessor.MinecraftClientAccessor,pl:mixin:APP:entity_texture_features-common.mixins.json:reloading.MixinMinecraftClient,pl:mixin:APP:flywheel.mixins.json:PausedPartialTickAccessor,pl:mixin:APP:mixins.oculus.json:MixinMinecraft_PipelineManagement,pl:mixin:APP:mixins.ipnext.json:MixinMinecraftClient,pl:mixin:APP:sound_physics_remastered.mixins.json:MinecraftMixin,pl:mixin:APP:create.mixins.json:client.WindowResizeMixin,pl:mixin:APP:embeddium.mixins.json:core.MixinMinecraftClient,pl:mixin:A,pl:runtimedistcleaner:A}
	at net.minecraft.client.main.Main.m_239872_(Main.java:212) ~[Forge%201.19.2.jar:?] {re:classloading,re:mixin,pl:runtimedistcleaner:A,pl:mixin:A,pl:runtimedistcleaner:A}
	at net.minecraft.client.main.Main.main(Main.java:51) ~[Forge%201.19.2.jar:?] {re:classloading,re:mixin,pl:runtimedistcleaner:A,pl:mixin:A,pl:runtimedistcleaner:A}
	at jdk.internal.reflect.NativeMethodAccessorImpl.invoke0(Native Method) ~[?:?] {}
	at jdk.internal.reflect.NativeMethodAccessorImpl.invoke(NativeMethodAccessorImpl.java:77) ~[?:?] {}
	at jdk.internal.reflect.DelegatingMethodAccessorImpl.invoke(DelegatingMethodAccessorImpl.java:43) ~[?:?] {}
	at java.lang.reflect.Method.invoke(Method.java:569) ~[?:?] {}
	at net.minecraftforge.fml.loading.targets.CommonClientLaunchHandler.lambda$launchService$0(CommonClientLaunchHandler.java:27) ~[fmlloader-1.19.2-43.5.2.jar:?] {}
	at cpw.mods.modlauncher.LaunchServiceHandlerDecorator.launch(LaunchServiceHandlerDecorator.java:30) ~[modlauncher-10.0.8.jar:?] {}
	at cpw.mods.modlauncher.LaunchServiceHandler.launch(LaunchServiceHandler.java:53) ~[modlauncher-10.0.8.jar:?] {}
	at cpw.mods.modlauncher.LaunchServiceHandler.launch(LaunchServiceHandler.java:71) ~[modlauncher-10.0.8.jar:?] {}
	at cpw.mods.modlauncher.Launcher.run(Launcher.java:106) ~[modlauncher-10.0.8.jar:?] {}
	at cpw.mods.modlauncher.Launcher.main(Launcher.java:77) ~[modlauncher-10.0.8.jar:?] {}
	at cpw.mods.modlauncher.BootstrapLaunchConsumer.accept(BootstrapLaunchConsumer.java:26) ~[modlauncher-10.0.8.jar:?] {}
	at cpw.mods.modlauncher.BootstrapLaunchConsumer.accept(BootstrapLaunchConsumer.java:23) ~[modlauncher-10.0.8.jar:?] {}
	at cpw.mods.bootstraplauncher.BootstrapLauncher.main(BootstrapLauncher.java:141) ~[bootstraplauncher-1.1.2.jar:?] {}
[11:52:48] [Render thread/INFO] [minecraft/RecipeManager]: Loaded 79 recipes
[11:52:48] [Render thread/INFO] [minecraft/AdvancementList]: Loaded 6017 advancements
[VeinLoader] Vein files loaded: 1
[11:52:48] [Render thread/WARN] [co.de.da.lo.OreConfigLoader/]: [OreConfigLoader] Loaded ores: 88
[11:52:48] [Render thread/INFO] [hordes/]: Loaded entity minecraft:zombie as entity.minecraft.zombie with weight 35, min day 0 and max day 20
[11:52:48] [Render thread/INFO] [hordes/]: Loaded entity minecraft:zombie_villager as entity.minecraft.zombie_villager with weight 1, min day 0 and max day 20
[11:52:48] [Render thread/INFO] [hordes/]: Loaded entity minecraft:zombie_horse as entity.minecraft.zombie_horse with weight 3, min day 20 and max day 40
[11:52:48] [Render thread/INFO] [hordes/]: Loaded entity minecraft:husk as entity.minecraft.husk with weight 40, min day 20 and max day 40
[11:52:48] [Render thread/INFO] [hordes/]: Loaded entity minecraft:drowned as entity.minecraft.drowned with weight 3, min day 30 and max day 40
[11:52:48] [Render thread/INFO] [hordes/]: Loaded entity minecraft:zoglin as entity.minecraft.zoglin with weight 3, min day 40 and max day 40
[11:52:48] [Render thread/INFO] [hordes/]: Loaded entity minecraft:zombified_piglin as entity.minecraft.zombified_piglin with weight 10, min day 40 and max day 0
[11:52:48] [Render thread/INFO] [hordes/]: Loaded entity minecraft:husk as entity.minecraft.husk with weight 25, min day 50 and max day 0
[11:52:48] [Render thread/INFO] [hordes/]: Loaded entity minecraft:zoglin as entity.minecraft.zoglin with weight 3, min day 50 and max day 0
[11:52:48] [Render thread/INFO] [hordes/]: Loaded entity minecraft:zombie_horse as entity.minecraft.zombie_horse with weight 3, min day 50 and max day 0
[11:52:48] [Render thread/INFO] [hordes/]: loaded horde table hordes:default
[11:52:48] [Render thread/INFO] [hordes/]: Loaded entity minecraft:drowned as entity.minecraft.drowned with weight 40, min day 0 and max day 20
[11:52:48] [Render thread/INFO] [hordes/]: Loaded entity minecraft:drowned as entity.minecraft.drowned with weight 3, min day 30 and max day 40
[11:52:48] [Render thread/INFO] [hordes/]: loaded horde table hordes:drowned
[11:52:48] [Render thread/INFO] [hordes/]: Loaded entity minecraft:zombie as entity.minecraft.zombie with weight 20, min day 0 and max day 20
[11:52:48] [Render thread/INFO] [hordes/]: Loaded entity minecraft:skeleton as entity.minecraft.skeleton with weight 10, min day 20 and max day 30
[11:52:48] [Render thread/INFO] [hordes/]: Loaded entity minecraft:spider as entity.minecraft.spider with weight 15, min day 20 and max day 30
[11:52:48] [Render thread/INFO] [hordes/]: Loaded entity minecraft:creeper as entity.minecraft.creeper with weight 5, min day 30 and max day 30
[11:52:48] [Render thread/INFO] [hordes/]: Loaded entity minecraft:husk as entity.minecraft.husk with weight 20, min day 30 and max day 50
[11:52:48] [Render thread/INFO] [hordes/]: Loaded entity minecraft:stray as entity.minecraft.stray with weight 10, min day 40 and max day 50
[11:52:48] [Render thread/INFO] [hordes/]: Loaded entity minecraft:cave_spider as entity.minecraft.cave_spider with weight 10, min day 40 and max day 50
[11:52:48] [Render thread/INFO] [hordes/]: Loaded entity minecraft:witch as entity.minecraft.witch with weight 5, min day 40 and max day 50
[11:52:48] [Render thread/INFO] [hordes/]: Loaded entity minecraft:pillager as entity.minecraft.pillager with weight 10, min day 40 and max day 50
[11:52:48] [Render thread/INFO] [hordes/]: Loaded entity minecraft:zombified_piglin as entity.minecraft.zombified_piglin with weight 10, min day 40 and max day 50
[11:52:48] [Render thread/INFO] [hordes/]: Loaded entity minecraft:zombie_horse as entity.minecraft.zombie_horse with weight 3, min day 40 and max day 50
[11:52:48] [Render thread/INFO] [hordes/]: Loaded entity minecraft:wither_skeleton as entity.minecraft.wither_skeleton with weight 10, min day 50 and max day 0
[11:52:48] [Render thread/INFO] [hordes/]: Loaded entity minecraft:phantom as entity.minecraft.phantom with weight 5, min day 50 and max day 50
[11:52:48] [Render thread/INFO] [hordes/]: Loaded entity minecraft:vindicator as entity.minecraft.vindicator with weight 10, min day 50 and max day 50
[11:52:48] [Render thread/INFO] [hordes/]: Loaded entity minecraft:zoglin as entity.minecraft.zoglin with weight 5, min day 40 and max day 40
[11:52:48] [Render thread/INFO] [hordes/]: Loaded entity minecraft:ravager as entity.minecraft.ravager with weight 5, min day 50 and max day 50
[11:52:48] [Render thread/INFO] [hordes/]: Loaded entity minecraft:evoker as entity.minecraft.evoker with weight 5, min day 50 and max day 50
[11:52:48] [Render thread/INFO] [hordes/]: Loaded entity minecraft:piglin_brute as entity.minecraft.piglin_brute with weight 10, min day 60 and max day 0
[11:52:48] [Render thread/INFO] [hordes/]: Loaded entity minecraft:cave_spider as entity.minecraft.cave_spider with weight 15, min day 60 and max day 0
[11:52:48] [Render thread/INFO] [hordes/]: Loaded entity minecraft:zombie_horse as entity.minecraft.zombie_horse with weight 5, min day 60 and max day 0
[11:52:48] [Render thread/INFO] [hordes/]: Loaded entity minecraft:ravager as entity.minecraft.ravager with weight 3, min day 60 and max day 0
[11:52:48] [Render thread/INFO] [hordes/]: Loaded entity minecraft:phantom as entity.minecraft.phantom with weight 3, min day 60 and max day 0
[11:52:48] [Render thread/INFO] [hordes/]: loaded horde table hordes:mixed_mobs
[11:52:48] [Render thread/INFO] [hordes/]: Loaded entity minecraft:pillager as entity.minecraft.pillager with weight 15, min day 0 and max day 0
[11:52:48] [Render thread/INFO] [hordes/]: Loaded entity minecraft:vindicator as entity.minecraft.vindicator with weight 10, min day 0 and max day 0
[11:52:48] [Render thread/INFO] [hordes/]: Loaded entity minecraft:witch as entity.minecraft.witch with weight 5, min day 20 and max day 0
[11:52:48] [Render thread/INFO] [hordes/]: Loaded entity minecraft:ravager as entity.minecraft.ravager with weight 5, min day 30 and max day 40
[11:52:48] [Render thread/INFO] [hordes/]: Loaded entity minecraft:evoker as entity.minecraft.evoker with weight 3, min day 40 and max day 40
[11:52:48] [Render thread/INFO] [hordes/]: Loaded entity minecraft:illusioner as entity.minecraft.illusioner with weight 5, min day 50 and max day 0
[11:52:48] [Render thread/INFO] [hordes/]: Loaded entity minecraft:ravager as entity.minecraft.ravager with weight 3, min day 50 and max day 0
[11:52:48] [Render thread/INFO] [hordes/]: Loaded entity minecraft:ravager as entity.minecraft.ravager with weight 5, min day 50 and max day 0
[11:52:48] [Render thread/INFO] [hordes/]: loaded horde table hordes:illagers
[11:52:48] [Render thread/INFO] [hordes/]: Loaded entity minecraft:skeleton as entity.minecraft.skeleton with weight 10, min day 0 and max day 20
[11:52:48] [Render thread/INFO] [hordes/]: Loaded entity minecraft:skeleton as entity.minecraft.skeleton with weight 20, min day 0 and max day 30
[11:52:48] [Render thread/INFO] [hordes/]: Loaded entity minecraft:skeleton_horse as entity.minecraft.skeleton_horse with weight 5, min day 20 and max day 50
[11:52:48] [Render thread/INFO] [hordes/]: Loaded entity minecraft:stray as entity.minecraft.stray with weight 10, min day 20 and max day 0
[11:52:48] [Render thread/INFO] [hordes/]: Loaded entity minecraft:wither_skeleton as entity.minecraft.wither_skeleton with weight 10, min day 40 and max day 0
[11:52:48] [Render thread/INFO] [hordes/]: Loaded entity minecraft:skeleton_horse as entity.minecraft.skeleton_horse with weight 5, min day 40 and max day 0
[11:52:48] [Render thread/INFO] [hordes/]: loaded horde table hordes:skeletons
[11:52:48] [Render thread/INFO] [hordes/]: Loaded entity minecraft:zombie as entity.minecraft.zombie with weight 30, min day 0 and max day 0
[11:52:48] [Render thread/INFO] [hordes/]: loaded horde table hordes:fallback
[11:52:48] [Render thread/INFO] [hordes/]: loaded horde script hordes:default
[11:52:48] [Render thread/INFO] [hordes/]: Loading conversion tables
[11:52:48] [Render thread/INFO] [hordes/]: Loading conversion table hordes:infection_conversions
[11:52:48] [Render thread/INFO] [hordes/]: Loaded conversion entity.minecraft.horse to entity.minecraft.zombie_horse with chance of 0.65
[11:52:48] [Render thread/INFO] [hordes/]: Loaded conversion entity.minecraft.piglin to entity.minecraft.zombified_piglin with chance of 0.75
[11:52:48] [Render thread/INFO] [hordes/]: Loaded conversion entity.minecraft.piglin_brute to entity.minecraft.zombified_piglin{Attributes:[{Base:50.0f,Name:"generic.max_health"}],chat_name:"entity.hordes.ZombifiedPiglinBrute.name",texture:"hordes:textures/entity/zombified_piglin_brute.png"} with chance of 0.35
[11:52:48] [Render thread/INFO] [hordes/]: Loaded conversion entity.minecraft.hoglin to entity.minecraft.zoglin with chance of 0.15
[11:52:48] [Render thread/INFO] [hordes/]: Loaded conversion entity.minecraft.wandering_trader to entity.minecraft.zombie_villager{VillagerData:{type:"none"},chat_name:"entity.hordes.ZombieWanderingTrader.name",texture:"hordes:textures/entity/zombie_wandering_trader.png"} with chance of 0.75
[11:52:48] [Render thread/INFO] [hordes/]: Loaded conversion entity.minecraft.pillager to entity.minecraft.zombie_villager{Attributes:[{Base:24.0f,Name:"generic.max_health"}],VillagerData:{type:"none"},chat_name:"entity.hordes.ZombiePillager.name",texture:"hordes:textures/entity/zombie_pillager.png"} with chance of 0.75
[11:52:48] [Render thread/INFO] [hordes/]: Loaded conversion entity.minecraft.vindicator to entity.minecraft.zombie_villager{Attributes:[{Base:24.0f,Name:"generic.max_health"}],VillagerData:{type:"none"},chat_name:"entity.hordes.ZombieVindicator.name",texture:"hordes:textures/entity/zombie_vindicator.png"} with chance of 0.35
[11:52:48] [Render thread/INFO] [hordes/]: Loaded conversion entity.minecraft.evoker to entity.minecraft.zombie_villager{Attributes:[{Base:24.0f,Name:"generic.max_health"}],VillagerData:{type:"none"},chat_name:"entity.hordes.ZombieEvoker.name",texture:"hordes:textures/entity/zombie_evoker.png"} with chance of 0.5
[11:52:48] [Render thread/INFO] [hordes/]: Loaded conversion entity.minecraft.illusioner to entity.minecraft.zombie_villager{Attributes:[{Base:32.0f,Name:"generic.max_health"}],VillagerData:{type:"none"},chat_name:"entity.hordes.ZombieIllusioner.name",texture:"hordes:textures/entity/zombie_illusioner.png"} with chance of 0.15
[11:52:48] [Render thread/INFO] [hordes/]: Loaded conversion entity.minecraft.witch to entity.minecraft.zombie_villager{Attributes:[{Base:26.0f,Name:"generic.max_health"}],VillagerData:{type:"none"},chat_name:"entity.hordes.ZombieWitch.name",texture:"hordes:textures/entity/zombie_witch.png"} with chance of 0.25
[11:52:48] [Render thread/INFO] [hordes/]: Loading immunity item list
[11:52:48] [Render thread/INFO] [hordes/]: Loading immunity item list hordes:immunity_items
[11:52:48] [Render thread/INFO] [hordes/]: Loaded immunity item minecraft:enchanted_golden_apple with duration 150
[11:52:48] [Render thread/INFO] [hordes/]: Loading wearables protection list
[11:52:48] [Render thread/INFO] [hordes/]: Loading wearables protection list hordes:immune_wearables
[11:52:48] [Render thread/INFO] [hordes/]: Loaded wearable protection minecraft:leather_boots with modifier 0.95
[11:52:48] [Render thread/INFO] [hordes/]: Loaded wearable protection minecraft:leather_leggings with modifier 0.95
[11:52:48] [Render thread/INFO] [hordes/]: Loaded wearable protection minecraft:leather_chestplate with modifier 0.95
[11:52:48] [Render thread/INFO] [hordes/]: Loaded wearable protection minecraft:leather_helmet with modifier 0.95
[11:52:48] [Render thread/INFO] [hordes/]: Loaded wearable protection minecraft:chainmail_boots with modifier 0.95
[11:52:48] [Render thread/INFO] [hordes/]: Loaded wearable protection minecraft:chainmail_leggings with modifier 0.95
[11:52:48] [Render thread/INFO] [hordes/]: Loaded wearable protection minecraft:chainmail_chestplate with modifier 0.95
[11:52:48] [Render thread/INFO] [hordes/]: Loaded wearable protection minecraft:chainmail_helmet with modifier 0.95
[11:52:48] [Render thread/INFO] [hordes/]: Loaded wearable protection minecraft:iron_boots with modifier 0.9
[11:52:48] [Render thread/INFO] [hordes/]: Loaded wearable protection minecraft:iron_leggings with modifier 0.9
[11:52:48] [Render thread/INFO] [hordes/]: Loaded wearable protection minecraft:iron_chestplate with modifier 0.9
[11:52:48] [Render thread/INFO] [hordes/]: Loaded wearable protection minecraft:iron_helmet with modifier 0.9
[11:52:48] [Render thread/INFO] [hordes/]: Loaded wearable protection minecraft:golden_boots with modifier 0.9
[11:52:48] [Render thread/INFO] [hordes/]: Loaded wearable protection minecraft:golden_leggings with modifier 0.9
[11:52:48] [Render thread/INFO] [hordes/]: Loaded wearable protection minecraft:golden_chestplate with modifier 0.9
[11:52:48] [Render thread/INFO] [hordes/]: Loaded wearable protection minecraft:golden_helmet with modifier 0.9
[11:52:48] [Render thread/INFO] [hordes/]: Loaded wearable protection minecraft:diamond_boots with modifier 0.86
[11:52:48] [Render thread/INFO] [hordes/]: Loaded wearable protection minecraft:diamond_leggings with modifier 0.86
[11:52:48] [Render thread/INFO] [hordes/]: Loaded wearable protection minecraft:diamond_chestplate with modifier 0.86
[11:52:48] [Render thread/INFO] [hordes/]: Loaded wearable protection minecraft:diamond_helmet with modifier 0.86
[11:52:48] [Render thread/INFO] [hordes/]: Loaded wearable protection minecraft:netherite_boots with modifier 0.82
[11:52:48] [Render thread/INFO] [hordes/]: Loaded wearable protection minecraft:netherite_leggings with modifier 0.82
[11:52:48] [Render thread/INFO] [hordes/]: Loaded wearable protection minecraft:netherite_chestplate with modifier 0.82
[11:52:48] [Render thread/INFO] [hordes/]: Loaded wearable protection minecraft:netherite_helmet with modifier 0.82
[11:52:48] [Render thread/INFO] [hordes/]: Loaded wearable protection minecraft:turtle_helmet with modifier 0.75
[11:52:49] [Worker-Main-5/ERROR] [minecraft/ProfileKeyPairManager]: Failed to retrieve profile key pair
java.io.IOException: Could not retrieve profile key pair
	at net.minecraft.client.multiplayer.ProfileKeyPairManager.m_233789_(ProfileKeyPairManager.java:152) ~[client-1.19.2-20220805.130853-srg.jar%23292!/:?] {re:classloading,pl:runtimedistcleaner:A}
	at net.minecraft.client.multiplayer.ProfileKeyPairManager.m_243396_(ProfileKeyPairManager.java:75) ~[client-1.19.2-20220805.130853-srg.jar%23292!/:?] {re:classloading,pl:runtimedistcleaner:A}
	at java.util.concurrent.CompletableFuture$AsyncSupply.run(CompletableFuture.java:1768) ~[?:?] {}
	at java.util.concurrent.CompletableFuture$AsyncSupply.exec(CompletableFuture.java:1760) ~[?:?] {}
	at java.util.concurrent.ForkJoinTask.doExec(ForkJoinTask.java:373) ~[?:?] {}
	at java.util.concurrent.ForkJoinPool$WorkQueue.topLevelExec(ForkJoinPool.java:1182) ~[?:?] {}
	at java.util.concurrent.ForkJoinPool.scan(ForkJoinPool.java:1655) ~[?:?] {}
	at java.util.concurrent.ForkJoinPool.runWorker(ForkJoinPool.java:1622) ~[?:?] {}
	at java.util.concurrent.ForkJoinWorkerThread.run(ForkJoinWorkerThread.java:165) ~[?:?] {}
[11:52:49] [Render thread/INFO] [Entity Texture Features/]: emissive suffixes loaded: {_e}.
[11:52:49] [Server thread/INFO] [minecraft/IntegratedServer]: Starting integrated minecraft server version 1.19.2
[11:52:49] [Server thread/INFO] [minecraft/MinecraftServer]: Generating keypair
[11:52:49] [Server thread/INFO] [ne.pe.un.UndeadNights/]: Loading undeadnights server config
[11:52:50] [Server thread/INFO] [configured/]: Loading server configs...
[11:52:50] [Server thread/WARN] [po.by.BYG/]: "minecraft:none" is not a registered villager profession, skipping trade entry...
[11:52:50] [Server thread/WARN] [po.by.BYG/]: "minecraft:nitwit" is not a registered villager profession, skipping trade entry...
[11:52:50] [Server thread/INFO] [terrablender/]: Initialized TerraBlender biomes for level stem minecraft:overworld
[11:52:50] [Server thread/INFO] [minecraft/MinecraftServer]: Preparing start region for dimension minecraft:overworld
[11:52:53] [Render thread/INFO] [minecraft/LoggerChunkProgressListener]: Preparing spawn area: 0%
[11:52:53] [Render thread/INFO] [minecraft/LoggerChunkProgressListener]: Preparing spawn area: 0%
[11:52:53] [Render thread/INFO] [minecraft/LoggerChunkProgressListener]: Preparing spawn area: 0%
[11:52:53] [Render thread/INFO] [minecraft/LoggerChunkProgressListener]: Preparing spawn area: 0%
[11:52:53] [Render thread/INFO] [minecraft/LoggerChunkProgressListener]: Preparing spawn area: 0%
[11:52:53] [Render thread/INFO] [minecraft/LoggerChunkProgressListener]: Preparing spawn area: 0%
[11:52:53] [Render thread/INFO] [minecraft/LoggerChunkProgressListener]: Preparing spawn area: 89%
[11:52:53] [Render thread/INFO] [minecraft/LoggerChunkProgressListener]: Time elapsed: 3009 ms
[11:52:53] [Server thread/INFO] [ne.mi.se.pe.PermissionAPI/]: Successfully initialized permission handler forge:default_handler
[11:52:53] [Server thread/INFO] [ne.pe.un.UndeadNights/]: Initializing the UndeadNights Mod (server starting)
[11:52:53] [Server thread/INFO] [mc.mo.wa.co.PluginConfig/]: [WTHIT] Plugin config reloaded
Performing a full config mod force sync
Coro ConfigMod updating runtime values for file: zombieawareness\PlayerRulesAndLists
Coro ConfigMod updating runtime values for file: zombieawareness\General
Coro ConfigMod updating runtime values for file: zombieawareness\Features
Coro ConfigMod updating runtime values for file: zombieawareness\ClientConfig
[IC2-FIDELITY-RECIPE-CHECK] loaded=281/281 missing=
[IC2-FIDELITY-FLUID-RECIPES] valid=26/26 invalid=
[IC2-FIDELITY-FLUID-CELL-CHECK] passed=true filled=1000 drained=1000
[IC2-FIDELITY-FILLED-CELL-RECIPE] id=ic2:shapeless/water_cell passed=true result=1 fluid_cell fluid=1000xminecraft:water@(-)
[IC2-FIDELITY-FILLED-CELL-RECIPE] id=ic2:shapeless/lava_cell passed=true result=1 fluid_cell fluid=1000xminecraft:lava@(-)
[IC2-FIDELITY-MATTER-AMPLIFIER] passed=true scrap=5000 scrapBox=45000
[IC2-FIDELITY-DYNAMITE-CHECK] passed=true linkedIndex=0 sticky=true fuse=40 remoteDamage=0
[IC2-FIDELITY-SHAPED-RECIPE] id=ic2:shaped/luminator_flat passed=true result=8 luminator_flat
[IC2-FIDELITY-SHAPED-RECIPE] id=ic2:shaped/scanner passed=true result=1 scanner
[IC2-FIDELITY-SHAPED-RECIPE] id=ic2:shaped/night_vision_goggles passed=true result=1 night_vision_goggles
[IC2-FIDELITY-SHAPED-RECIPE] id=ic2:shaped/refractory_bricks passed=true result=1 refractory_bricks
[IC2-FIDELITY-SHAPELESS-RECIPE] id=ic2:shapeless/coke_kiln passed=true result=1 coke_kiln
[IC2-FIDELITY-SHAPELESS-RECIPE] id=ic2:shapeless/coke_kiln_hatch passed=true result=1 coke_kiln_hatch
[IC2-FIDELITY-SHAPELESS-RECIPE] id=ic2:shapeless/coke_kiln_grate passed=true result=1 coke_kiln_grate
[IC2-FIDELITY-COKE-MATERIALS] passed=true burnTime=3200 resistance=10.0
[IC2-FIDELITY-SHAPELESS-RECIPE] id=ic2:shapeless/barrel_reset passed=true result=1 barrel
[IC2-FIDELITY-BARREL-CHECK] passed=true shaped=true beer=true drain=true rum=true nbt=true beerValue=17709 rumValue=12830
[IC2-FIDELITY-PIPE-CHECK] passed=true recipes=true variants=true strictLv=true strictMv=true pumpResults={type:0b}/{type:1b} equalized=600/600 pump=68/32 gate=true nbt=true
[IC2-FIDELITY-CROP-MACHINE-RECIPES] passed=true enderPearl=ic2:ender_pearl_dust enderEye=ic2:ender_eye_dust emerald=thermal:emerald_dust berry=ic2:small_emerald_dust blackWool=minecraft:white_wool whiteWool=missing
[IC2-FIDELITY-UNIFORM-SHAPED-RECIPE] id=ic2:shaped/diamond_dust_from_small_dusts passed=true ingredients=9 dimensions=3x3 crafted=thermal:diamond_dust result=thermal:diamond_dust
[IC2-FIDELITY-UNIFORM-SHAPED-RECIPE] id=ic2:shaped/emerald_dust_from_small_dusts passed=true ingredients=9 dimensions=3x3 crafted=thermal:emerald_dust result=thermal:emerald_dust
[IC2-FIDELITY-CROP-CHECK] passed=true cards=15 cardData=true baseSeed=true machineRecipes=true worldTransform=true
[IC2-FIDELITY-JETPACK-CHECK] passed=true matches=true attached=true transferred=12345.0 max=30000.0 tier=1 remaining=12300.0 blacklist=true
[IC2-FIDELITY-GRAVISUIT-REGISTRY] passed=true electric=9 components=7 prerequisites=3
[IC2-FIDELITY-ADVANCED-SOLARS] passed=true materials=12 panels=3 transformerRecipes=16
[IC2-FIDELITY-UPGRADE-CHECK] passed=true energy=12345 redstoneMode=2 facing=east
[IC2-FIDELITY-LUMINATOR-CHECK] passed=true capacity=5.0 sinkTier=1 sinkDirs=[down] active=true energy=0.75 invert=true
[IC2-FIDELITY-COKE-KILN-CHECK] passed=true structure=true coal=true log=true brokenRejected=true outputSide=true coalCreosote=500 logCreosote=250
[11:52:54] [Server thread/INFO] [minecraft/IntegratedServer]: Changing view distance to 12, from 10
[11:52:54] [Server thread/INFO] [minecraft/IntegratedServer]: Changing simulation distance to 12, from 0
[11:52:54] [Render thread/WARN] [io.ne.ut.in.SystemPropertyUtil/]: Unable to parse the boolean system property 'java.net.preferIPv6Addresses':system - using the default value: false
[11:52:55] [Netty Local Client IO #0/INFO] [ne.mi.ne.NetworkHooks/]: Connected to a modded server.
[11:52:55] [Server thread/INFO] [ne.mi.co.AdvancementLoadFix/]: Using new advancement loading for net.minecraft.server.PlayerAdvancements@258bb905
[11:52:55] [Server thread/INFO] [minecraft/PlayerList]: Ic2SmokeTest[local:E:83ed0906] logged in with entity id 262 at (83.3134893426534, 61.85813230365348, -115.20010753797119)
[11:52:55] [Server thread/INFO] [minecraft/MinecraftServer]: Ic2SmokeTest joined the game
[11:52:55] [Server thread/WARN] [minecraft/ServerEntity]: Fetching packet for removed entity ItemEntity['Air'/137, l='ServerLevel[Новый мир]', x=7.50, y=25.00, z=-126.64, removed=DISCARDED]
[11:52:55] [Server thread/WARN] [minecraft/ServerEntity]: Fetching packet for removed entity ItemEntity['Air'/71, l='ServerLevel[Новый мир]', x=72.13, y=-49.00, z=-79.77, removed=DISCARDED]
[11:52:55] [Server thread/WARN] [minecraft/ServerEntity]: Fetching packet for removed entity ItemEntity['Air'/159, l='ServerLevel[Новый мир]', x=3.64, y=20.00, z=-137.57, removed=DISCARDED]
[11:52:55] [Server thread/WARN] [minecraft/ServerEntity]: Fetching packet for removed entity ItemEntity['Air'/164, l='ServerLevel[Новый мир]', x=3.13, y=19.09, z=-143.88, removed=DISCARDED]
[11:52:55] [Server thread/INFO] [minecraft/MinecraftServer]: Ic2SmokeTest has completed the challenge [Cover Me in Debris]
[11:52:55] [Render thread/INFO] [Inventory Profiles Next/]: [Inventory Profiles Next] Loaded 0 external GUI hints
[11:52:55] [Render thread/INFO] [Inventory Profiles Next/]: [Inventory Profiles Next] Loaded 798 build-in GUI hints
[11:52:55] [Render thread/INFO] [Inventory Profiles Next/]: [Inventory Profiles Next] Effective GUI hints after merge: 798
[11:52:56] [Render thread/INFO] [Oculus/]: Reloading pipeline on dimension change: NamespacedId{namespace='minecraft', name='overworld'} => NamespacedId{namespace='minecraft', name='overworld'}
[11:52:56] [Render thread/INFO] [Oculus/]: Destroying pipeline NamespacedId{namespace='minecraft', name='overworld'}
[11:52:56] [Render thread/INFO] [Oculus/]: Creating pipeline for dimension NamespacedId{namespace='minecraft', name='overworld'}
[11:52:56] [Render thread/INFO] [BatchExecutor/]: Started 6 worker threads
[11:52:56] [Server thread/WARN] [minecraft/ServerEntity]: Fetching packet for removed entity ItemEntity['Air'/310, l='ServerLevel[Новый мир]', x=13.13, y=18.43, z=-148.33, removed=DISCARDED]
[11:52:56] [Server thread/WARN] [minecraft/ServerEntity]: Fetching packet for removed entity ItemEntity['Air'/311, l='ServerLevel[Новый мир]', x=12.71, y=18.75, z=-145.88, removed=DISCARDED]
[11:52:56] [Render thread/INFO] [ChunkBuilder/]: Started 6 worker threads
[11:52:56] [Render thread/INFO] [me.je.fo.st.StartEventObserver/]: JEI StartEventObserver received class net.minecraftforge.client.event.ClientPlayerNetworkEvent$LoggingIn
[11:52:56] [Render thread/INFO] [me.je.fo.st.StartEventObserver/]: JEI StartEventObserver transitioning state from DISABLED to ENABLED
[11:52:56] [Render thread/WARN] [minecraft/ClientRecipeBook]: Unknown recipe category: ae2:transform/ae2:transform/certus_quartz_crystals
[11:52:56] [Render thread/WARN] [minecraft/ClientRecipeBook]: Unknown recipe category: ae2:transform/ae2:transform/flawed_budding_quartz
[11:52:56] [Render thread/WARN] [minecraft/ClientRecipeBook]: Unknown recipe category: ae2:transform/ae2:transform/chipped_budding_quartz
[11:52:56] [Render thread/WARN] [minecraft/ClientRecipeBook]: Unknown recipe category: ae2:transform/ae2:transform/entangled_singularity
[11:52:56] [Render thread/WARN] [minecraft/ClientRecipeBook]: Unknown recipe category: ae2:transform/ae2:transform/fluix_crystal
[11:52:56] [Render thread/WARN] [minecraft/ClientRecipeBook]: Unknown recipe category: ae2:transform/ae2:transform/fluix_crystals
[11:52:56] [Render thread/WARN] [minecraft/ClientRecipeBook]: Unknown recipe category: ae2:transform/ae2:transform/damaged_budding_quartz
[11:52:56] [Render thread/WARN] [minecraft/ClientRecipeBook]: Unknown recipe category: ae2:transform/ae2:transform/entangled_singularity_from_pearl
[11:52:57] [Render thread/INFO] [me.je.fo.st.StartEventObserver/]: JEI StartEventObserver received class net.minecraftforge.client.event.RecipesUpdatedEvent
[11:52:58] [Render thread/INFO] [me.je.fo.st.StartEventObserver/]: JEI StartEventObserver received class net.minecraftforge.event.TagsUpdatedEvent
[11:52:58] [Render thread/INFO] [me.je.fo.st.StartEventObserver/]: JEI StartEventObserver transitioning state from ENABLED to JEI_STARTED
[11:52:58] [Render thread/INFO] [me.je.co.ut.LoggedTimer/]: Starting JEI...
[11:52:58] [Render thread/INFO] [me.je.li.lo.PluginCaller/]: Registering item subtypes: jei:minecraft ...
[11:52:58] [Render thread/INFO] [me.je.li.lo.PluginCaller/]: Registering item subtypes: jei:minecraft took 671.6 ?s
[11:52:58] [Render thread/INFO] [me.je.li.lo.PluginCaller/]: Registering item subtypes: createbigcannons:jei_plugin ...
[11:52:58] [Render thread/INFO] [me.je.li.lo.PluginCaller/]: Registering item subtypes: createbigcannons:jei_plugin took 5.100 ?s
[11:52:58] [Render thread/INFO] [me.je.li.lo.PluginCaller/]: Registering item subtypes: quarryplus:jei_recipe ...
[11:52:58] [Render thread/INFO] [me.je.li.lo.PluginCaller/]: Registering item subtypes: quarryplus:jei_recipe took 3.600 ?s
[11:52:58] [Render thread/INFO] [me.je.li.lo.PluginCaller/]: Registering item subtypes: tacz:jei ...
[11:52:58] [Render thread/INFO] [me.je.li.lo.PluginCaller/]: Registering item subtypes: tacz:jei took 574.0 ?s
[11:52:58] [Render thread/INFO] [me.je.li.lo.PluginCaller/]: Registering item subtypes: waystones:jei ...
[11:52:58] [Render thread/INFO] [me.je.li.lo.PluginCaller/]: Registering item subtypes: waystones:jei took 4.400 ?s
[11:52:58] [Render thread/INFO] [me.je.li.lo.PluginCaller/]: Registering item subtypes: hordes:infection ...
[11:52:58] [Render thread/INFO] [me.je.li.lo.PluginCaller/]: Registering item subtypes: hordes:infection took 3.999 ?s
[11:52:58] [Render thread/INFO] [me.je.li.lo.PluginCaller/]: Registering item subtypes: minecraft:jeresources ...
[11:52:58] [Render thread/INFO] [me.je.li.lo.PluginCaller/]: Registering item subtypes: minecraft:jeresources took 4.199 ?s
[11:52:58] [Render thread/INFO] [me.je.li.lo.PluginCaller/]: Registering item subtypes: cofh_core:default ...
[11:52:58] [Render thread/INFO] [me.je.li.lo.PluginCaller/]: Registering item subtypes: cofh_core:default took 3.900 ?s
[11:52:58] [Render thread/INFO] [me.je.li.lo.PluginCaller/]: Registering item subtypes: thermal:core ...
[11:52:58] [Render thread/INFO] [me.je.li.lo.PluginCaller/]: Registering item subtypes: thermal:core took 4.100 ?s
[11:52:58] [Render thread/INFO] [me.je.li.lo.PluginCaller/]: Registering item subtypes: waila:jei ...
[11:52:58] [Render thread/INFO] [me.je.li.lo.PluginCaller/]: Registering item subtypes: waila:jei took 3.800 ?s
[11:52:58] [Render thread/INFO] [me.je.li.lo.PluginCaller/]: Registering item subtypes: curios:curios ...
[11:52:58] [Render thread/INFO] [me.je.li.lo.PluginCaller/]: Registering item subtypes: curios:curios took 4.300 ?s
[11:52:58] [Render thread/INFO] [me.je.li.lo.PluginCaller/]: Registering item subtypes: create:jei_plugin ...
[11:52:58] [Render thread/INFO] [me.je.li.lo.PluginCaller/]: Registering item subtypes: create:jei_plugin took 3.899 ?s
[11:52:58] [Render thread/INFO] [me.je.li.lo.PluginCaller/]: Registering item subtypes: ic2:plugin ...
[11:52:58] [Render thread/INFO] [me.je.li.lo.PluginCaller/]: Registering item subtypes: ic2:plugin took 4.900 ?s
[11:52:58] [Render thread/INFO] [me.je.li.lo.PluginCaller/]: Registering item subtypes: almostunified:jei ...
[11:52:58] [Render thread/INFO] [me.je.li.lo.PluginCaller/]: Registering item subtypes: almostunified:jei took 4.300 ?s
[11:52:58] [Render thread/INFO] [me.je.li.lo.PluginCaller/]: Registering item subtypes: jei:debug ...
[11:52:58] [Render thread/INFO] [me.je.li.lo.PluginCaller/]: Registering item subtypes: jei:debug took 4.100 ?s
[11:52:58] [Render thread/INFO] [me.je.li.lo.PluginCaller/]: Registering item subtypes: jei:gui ...
[11:52:58] [Render thread/INFO] [me.je.li.lo.PluginCaller/]: Registering item subtypes: jei:gui took 3.900 ?s
[11:52:58] [Render thread/INFO] [me.je.li.lo.PluginCaller/]: Registering item subtypes: jei:forge_gui ...
[11:52:58] [Render thread/INFO] [me.je.li.lo.PluginCaller/]: Registering item subtypes: jei:forge_gui took 3.900 ?s
[11:52:58] [Render thread/INFO] [me.je.li.lo.PluginCaller/]: Registering item subtypes: ae2:core ...
[11:52:58] [Render thread/INFO] [me.je.li.lo.PluginCaller/]: Registering item subtypes: ae2:core took 452.9 ?s
[11:52:58] [Render thread/INFO] [me.je.li.lo.PluginCaller/]: Registering item subtypes: industrialupgrade:jei ...
[11:52:58] [Render thread/INFO] [me.je.li.lo.PluginCaller/]: Registering item subtypes: industrialupgrade:jei took 5.000 ?s
[11:52:58] [Render thread/INFO] [me.je.li.lo.PluginCaller/]: Registering item subtypes: thermal:expansion ...
[11:52:58] [Render thread/INFO] [me.je.li.lo.PluginCaller/]: Registering item subtypes: thermal:expansion took 5.000 ?s
[11:52:58] [Render thread/INFO] [me.je.li.lo.PluginCaller/]: Registering item subtypes: jei:internal ...
[11:52:58] [Render thread/INFO] [me.je.li.lo.PluginCaller/]: Registering item subtypes: jei:internal took 4.300 ?s
[11:52:58] [Render thread/INFO] [me.je.li.lo.PluginCaller/]: Registering fluid subtypes: jei:minecraft ...
[11:52:58] [Render thread/INFO] [me.je.li.lo.PluginCaller/]: Registering fluid subtypes: jei:minecraft took 12.20 ?s
[11:52:58] [Render thread/INFO] [me.je.li.lo.PluginCaller/]: Registering fluid subtypes: createbigcannons:jei_plugin ...
[11:52:58] [Render thread/INFO] [me.je.li.lo.PluginCaller/]: Registering fluid subtypes: createbigcannons:jei_plugin took 5.000 ?s
[11:52:58] [Render thread/INFO] [me.je.li.lo.PluginCaller/]: Registering fluid subtypes: quarryplus:jei_recipe ...
[11:52:58] [Render thread/INFO] [me.je.li.lo.PluginCaller/]: Registering fluid subtypes: quarryplus:jei_recipe took 4.300 ?s
[11:52:58] [Render thread/INFO] [me.je.li.lo.PluginCaller/]: Registering fluid subtypes: tacz:jei ...
[11:52:58] [Render thread/INFO] [me.je.li.lo.PluginCaller/]: Registering fluid subtypes: tacz:jei took 4.199 ?s
[11:52:58] [Render thread/INFO] [me.je.li.lo.PluginCaller/]: Registering fluid subtypes: waystones:jei ...
[11:52:58] [Render thread/INFO] [me.je.li.lo.PluginCaller/]: Registering fluid subtypes: waystones:jei took 4.499 ?s
[11:52:58] [Render thread/INFO] [me.je.li.lo.PluginCaller/]: Registering fluid subtypes: hordes:infection ...
[11:52:58] [Render thread/INFO] [me.je.li.lo.PluginCaller/]: Registering fluid subtypes: hordes:infection took 4.500 ?s
[11:52:58] [Render thread/INFO] [me.je.li.lo.PluginCaller/]: Registering fluid subtypes: minecraft:jeresources ...
[11:52:58] [Render thread/INFO] [me.je.li.lo.PluginCaller/]: Registering fluid subtypes: minecraft:jeresources took 3.500 ?s
[11:52:58] [Render thread/INFO] [me.je.li.lo.PluginCaller/]: Registering fluid subtypes: cofh_core:default ...
[11:52:58] [Render thread/INFO] [me.je.li.lo.PluginCaller/]: Registering fluid subtypes: cofh_core:default took 485.5 ?s
[11:52:58] [Render thread/INFO] [me.je.li.lo.PluginCaller/]: Registering fluid subtypes: thermal:core ...
[11:52:58] [Render thread/INFO] [me.je.li.lo.PluginCaller/]: Registering fluid subtypes: thermal:core took 3.600 ?s
[11:52:58] [Render thread/INFO] [me.je.li.lo.PluginCaller/]: Registering fluid subtypes: waila:jei ...
[11:52:58] [Render thread/INFO] [me.je.li.lo.PluginCaller/]: Registering fluid subtypes: waila:jei took 3.600 ?s
[11:52:58] [Render thread/INFO] [me.je.li.lo.PluginCaller/]: Registering fluid subtypes: curios:curios ...
[11:52:58] [Render thread/INFO] [me.je.li.lo.PluginCaller/]: Registering fluid subtypes: curios:curios took 3.800 ?s
[11:52:58] [Render thread/INFO] [me.je.li.lo.PluginCaller/]: Registering fluid subtypes: create:jei_plugin ...
[11:52:58] [Render thread/INFO] [me.je.li.lo.PluginCaller/]: Registering fluid subtypes: create:jei_plugin took 349.0 ?s
[11:52:58] [Render thread/INFO] [me.je.li.lo.PluginCaller/]: Registering fluid subtypes: ic2:plugin ...
[11:52:58] [Render thread/INFO] [me.je.li.lo.PluginCaller/]: Registering fluid subtypes: ic2:plugin took 3.900 ?s
[11:52:58] [Render thread/INFO] [me.je.li.lo.PluginCaller/]: Registering fluid subtypes: almostunified:jei ...
[11:52:58] [Render thread/INFO] [me.je.li.lo.PluginCaller/]: Registering fluid subtypes: almostunified:jei took 3.500 ?s
[11:52:58] [Render thread/INFO] [me.je.li.lo.PluginCaller/]: Registering fluid subtypes: jei:debug ...
[11:52:58] [Render thread/INFO] [me.je.li.lo.PluginCaller/]: Registering fluid subtypes: jei:debug took 355.4 ?s
[11:52:58] [Render thread/INFO] [me.je.li.lo.PluginCaller/]: Registering fluid subtypes: jei:gui ...
[11:52:58] [Render thread/INFO] [me.je.li.lo.PluginCaller/]: Registering fluid subtypes: jei:gui took 4.399 ?s
[11:52:58] [Render thread/INFO] [me.je.li.lo.PluginCaller/]: Registering fluid subtypes: jei:forge_gui ...
[11:52:58] [Render thread/INFO] [me.je.li.lo.PluginCaller/]: Registering fluid subtypes: jei:forge_gui took 3.500 ?s
[11:52:58] [Render thread/INFO] [me.je.li.lo.PluginCaller/]: Registering fluid subtypes: ae2:core ...
[11:52:58] [Render thread/INFO] [me.je.li.lo.PluginCaller/]: Registering fluid subtypes: ae2:core took 3.500 ?s
[11:52:58] [Render thread/INFO] [me.je.li.lo.PluginCaller/]: Registering fluid subtypes: industrialupgrade:jei ...
[11:52:58] [Render thread/INFO] [me.je.li.lo.PluginCaller/]: Registering fluid subtypes: industrialupgrade:jei took 3.399 ?s
[11:52:58] [Render thread/INFO] [me.je.li.lo.PluginCaller/]: Registering fluid subtypes: thermal:expansion ...
[11:52:58] [Render thread/INFO] [me.je.li.lo.PluginCaller/]: Registering fluid subtypes: thermal:expansion took 3.400 ?s
[11:52:58] [Render thread/INFO] [me.je.li.lo.PluginCaller/]: Registering fluid subtypes: jei:internal ...
[11:52:58] [Render thread/INFO] [me.je.li.lo.PluginCaller/]: Registering fluid subtypes: jei:internal took 3.501 ?s
[11:52:58] [Render thread/INFO] [me.je.li.lo.PluginCaller/]: Registering ingredients: jei:minecraft ...
[11:52:59] [Render thread/INFO] [me.je.li.lo.PluginCaller/]: Registering ingredients: jei:minecraft took 193.3 ms
[11:52:59] [Render thread/INFO] [me.je.li.lo.PluginCaller/]: Registering ingredients: createbigcannons:jei_plugin ...
[11:52:59] [Render thread/INFO] [me.je.li.lo.PluginCaller/]: Registering ingredients: createbigcannons:jei_plugin took 8.199 ?s
[11:52:59] [Render thread/INFO] [me.je.li.lo.PluginCaller/]: Registering ingredients: quarryplus:jei_recipe ...
[11:52:59] [Render thread/INFO] [me.je.li.lo.PluginCaller/]: Registering ingredients: quarryplus:jei_recipe took 4.799 ?s
[11:52:59] [Render thread/INFO] [me.je.li.lo.PluginCaller/]: Registering ingredients: tacz:jei ...
[11:52:59] [Render thread/INFO] [me.je.li.lo.PluginCaller/]: Registering ingredients: tacz:jei took 6.100 ?s
[11:52:59] [Render thread/INFO] [me.je.li.lo.PluginCaller/]: Registering ingredients: waystones:jei ...
[11:52:59] [Render thread/INFO] [me.je.li.lo.PluginCaller/]: Registering ingredients: waystones:jei took 8.600 ?s
[11:52:59] [Render thread/INFO] [me.je.li.lo.PluginCaller/]: Registering ingredients: hordes:infection ...
[11:52:59] [Render thread/INFO] [me.je.li.lo.PluginCaller/]: Registering ingredients: hordes:infection took 10.30 ?s
[11:52:59] [Render thread/INFO] [me.je.li.lo.PluginCaller/]: Registering ingredients: minecraft:jeresources ...
[11:52:59] [Render thread/INFO] [me.je.li.lo.PluginCaller/]: Registering ingredients: minecraft:jeresources took 3.700 ?s
[11:52:59] [Render thread/INFO] [me.je.li.lo.PluginCaller/]: Registering ingredients: cofh_core:default ...
[11:52:59] [Render thread/INFO] [me.je.li.lo.PluginCaller/]: Registering ingredients: cofh_core:default took 3.800 ?s
[11:52:59] [Render thread/INFO] [me.je.li.lo.PluginCaller/]: Registering ingredients: thermal:core ...
[11:52:59] [Render thread/INFO] [me.je.li.lo.PluginCaller/]: Registering ingredients: thermal:core took 3.399 ?s
[11:52:59] [Render thread/INFO] [me.je.li.lo.PluginCaller/]: Registering ingredients: waila:jei ...
[11:52:59] [Render thread/INFO] [me.je.li.lo.PluginCaller/]: Registering ingredients: waila:jei took 3.600 ?s
[11:52:59] [Render thread/INFO] [me.je.li.lo.PluginCaller/]: Registering ingredients: curios:curios ...
[11:52:59] [Render thread/INFO] [me.je.li.lo.PluginCaller/]: Registering ingredients: curios:curios took 3.500 ?s
[11:52:59] [Render thread/INFO] [me.je.li.lo.PluginCaller/]: Registering ingredients: create:jei_plugin ...
[11:52:59] [Render thread/INFO] [me.je.li.lo.PluginCaller/]: Registering ingredients: create:jei_plugin took 3.300 ?s
[11:52:59] [Render thread/INFO] [me.je.li.lo.PluginCaller/]: Registering ingredients: ic2:plugin ...
[11:52:59] [Render thread/INFO] [me.je.li.lo.PluginCaller/]: Registering ingredients: ic2:plugin took 3.401 ?s
[11:52:59] [Render thread/INFO] [me.je.li.lo.PluginCaller/]: Registering ingredients: almostunified:jei ...
[11:52:59] [Render thread/INFO] [me.je.li.lo.PluginCaller/]: Registering ingredients: almostunified:jei took 3.500 ?s
[11:52:59] [Render thread/INFO] [me.je.li.lo.PluginCaller/]: Registering ingredients: jei:debug ...
[11:52:59] [Render thread/INFO] [me.je.li.lo.PluginCaller/]: Registering ingredients: jei:debug took 22.80 ?s
[11:52:59] [Render thread/INFO] [me.je.li.lo.PluginCaller/]: Registering ingredients: jei:gui ...
[11:52:59] [Render thread/INFO] [me.je.li.lo.PluginCaller/]: Registering ingredients: jei:gui took 4.400 ?s
[11:52:59] [Render thread/INFO] [me.je.li.lo.PluginCaller/]: Registering ingredients: jei:forge_gui ...
[11:52:59] [Render thread/INFO] [me.je.li.lo.PluginCaller/]: Registering ingredients: jei:forge_gui took 3.600 ?s
[11:52:59] [Render thread/INFO] [me.je.li.lo.PluginCaller/]: Registering ingredients: ae2:core ...
[11:52:59] [Render thread/INFO] [me.je.li.lo.PluginCaller/]: Registering ingredients: ae2:core took 7.200 ?s
[11:52:59] [Render thread/INFO] [me.je.li.lo.PluginCaller/]: Registering ingredients: industrialupgrade:jei ...
[11:52:59] [Render thread/INFO] [me.je.li.lo.PluginCaller/]: Registering ingredients: industrialupgrade:jei took 3.700 ?s
[11:52:59] [Render thread/INFO] [me.je.li.lo.PluginCaller/]: Registering ingredients: thermal:expansion ...
[11:52:59] [Render thread/INFO] [me.je.li.lo.PluginCaller/]: Registering ingredients: thermal:expansion took 4.300 ?s
[11:52:59] [Render thread/INFO] [me.je.li.lo.PluginCaller/]: Registering ingredients: jei:internal ...
[11:52:59] [Render thread/INFO] [me.je.li.lo.PluginCaller/]: Registering ingredients: jei:internal took 4.400 ?s
[11:52:59] [Render thread/INFO] [me.je.li.lo.PluginCaller/]: Registering categories: jei:minecraft ...
[11:52:59] [Render thread/INFO] [me.je.li.lo.PluginCaller/]: Registering categories: jei:minecraft took 9.216 ms
[11:52:59] [Render thread/INFO] [me.je.li.lo.PluginCaller/]: Registering categories: createbigcannons:jei_plugin ...
[11:52:59] [Render thread/INFO] [me.je.li.lo.PluginCaller/]: Registering categories: createbigcannons:jei_plugin took 10.74 ms
[11:52:59] [Render thread/INFO] [me.je.li.lo.PluginCaller/]: Registering categories: quarryplus:jei_recipe ...
[11:52:59] [Render thread/INFO] [me.je.li.lo.PluginCaller/]: Registering categories: quarryplus:jei_recipe took 1.103 ms
[11:52:59] [Render thread/INFO] [me.je.li.lo.PluginCaller/]: Registering categories: tacz:jei ...
[11:52:59] [Render thread/INFO] [me.je.li.lo.PluginCaller/]: Registering categories: tacz:jei took 1.042 ms
[11:52:59] [Render thread/INFO] [me.je.li.lo.PluginCaller/]: Registering categories: waystones:jei ...
[11:52:59] [Render thread/INFO] [me.je.li.lo.PluginCaller/]: Registering categories: waystones:jei took 540.8 ?s
[11:52:59] [Render thread/INFO] [me.je.li.lo.PluginCaller/]: Registering categories: hordes:infection ...
[11:52:59] [Render thread/INFO] [me.je.li.lo.PluginCaller/]: Registering categories: hordes:infection took 10.91 ms
[11:52:59] [Render thread/INFO] [me.je.li.lo.PluginCaller/]: Registering categories: minecraft:jeresources ...
[11:52:59] [Render thread/WARN] [jeresources/]: Failed loading villager cartographer registered at cartographer
[11:52:59] [Render thread/WARN] [jeresources/]: Exception caught when registering villager
java.lang.NullPointerException: Cannot read field "f_19853_" because "p_219708_" is null
	at net.minecraft.world.entity.npc.VillagerTrades$TreasureMapForEmeralds.m_213663_(VillagerTrades.java:378) ~[client-1.19.2-20220805.130853-srg.jar%23292!/:?] {re:mixin,pl:accesstransformer:B,re:classloading,pl:accesstransformer:B,pl:mixin:A}
	at jeresources.collection.TradeList.addMerchantRecipe(TradeList.java:58) ~[JustEnoughResources-1.19.2-1.2.2.236.jar%23256!/:1.2.2.236] {re:classloading}
	at jeresources.collection.TradeList.addITradeList(TradeList.java:69) ~[JustEnoughResources-1.19.2-1.2.2.236.jar%23256!/:1.2.2.236] {re:classloading}
	at jeresources.entry.AbstractVillagerEntry.addITradeLists(AbstractVillagerEntry.java:30) ~[JustEnoughResources-1.19.2-1.2.2.236.jar%23256!/:1.2.2.236] {re:classloading}
	at jeresources.entry.AbstractVillagerEntry.<init>(AbstractVillagerEntry.java:23) ~[JustEnoughResources-1.19.2-1.2.2.236.jar%23256!/:1.2.2.236] {re:classloading}
	at jeresources.entry.VillagerEntry.<init>(VillagerEntry.java:19) ~[JustEnoughResources-1.19.2-1.2.2.236.jar%23256!/:1.2.2.236] {re:classloading}
	at jeresources.util.VillagersHelper.initRegistry(VillagersHelper.java:23) ~[JustEnoughResources-1.19.2-1.2.2.236.jar%23256!/:1.2.2.236] {re:classloading}
	at jeresources.compatibility.Compatibility.init(Compatibility.java:33) ~[JustEnoughResources-1.19.2-1.2.2.236.jar%23256!/:1.2.2.236] {re:classloading}
	at jeresources.proxy.CommonProxy.initCompatibility(CommonProxy.java:14) ~[JustEnoughResources-1.19.2-1.2.2.236.jar%23256!/:1.2.2.236] {re:classloading}
	at jeresources.jei.JEIConfig.registerCategories(JEIConfig.java:98) ~[JustEnoughResources-1.19.2-1.2.2.236.jar%23256!/:1.2.2.236] {re:classloading}
	at mezz.jei.library.load.PluginLoader.lambda$createRecipeCategories$3(PluginLoader.java:89) ~[jei-1.19.2-forge-11.8.1.1034.jar%23254!/:11.8.1.1034] {re:classloading}
	at mezz.jei.library.load.PluginCaller.callOnPlugins(PluginCaller.java:25) ~[jei-1.19.2-forge-11.8.1.1034.jar%23254!/:11.8.1.1034] {re:classloading}
	at mezz.jei.library.load.PluginLoader.createRecipeCategories(PluginLoader.java:89) ~[jei-1.19.2-forge-11.8.1.1034.jar%23254!/:11.8.1.1034] {re:classloading}
	at mezz.jei.library.load.PluginLoader.createRecipeManager(PluginLoader.java:117) ~[jei-1.19.2-forge-11.8.1.1034.jar%23254!/:11.8.1.1034] {re:classloading}
	at mezz.jei.library.startup.JeiStarter.start(JeiStarter.java:130) ~[jei-1.19.2-forge-11.8.1.1034.jar%23254!/:11.8.1.1034] {re:classloading}
	at mezz.jei.forge.startup.StartEventObserver.transitionState(StartEventObserver.java:137) ~[jei-1.19.2-forge-11.8.1.1034.jar%23254!/:11.8.1.1034] {re:classloading}
	at mezz.jei.forge.startup.StartEventObserver.onEvent(StartEventObserver.java:100) ~[jei-1.19.2-forge-11.8.1.1034.jar%23254!/:11.8.1.1034] {re:classloading}
	at net.minecraftforge.eventbus.EventBus.doCastFilter(EventBus.java:260) ~[eventbus-6.0.3.jar%2386!/:?] {}
	at net.minecraftforge.eventbus.EventBus.lambda$addListener$11(EventBus.java:252) ~[eventbus-6.0.3.jar%2386!/:?] {}
	at net.minecraftforge.eventbus.EventBus.post(EventBus.java:315) ~[eventbus-6.0.3.jar%2386!/:?] {}
	at net.minecraftforge.eventbus.EventBus.post(EventBus.java:296) ~[eventbus-6.0.3.jar%2386!/:?] {}
	at net.minecraft.client.multiplayer.ClientPacketListener.m_5859_(ClientPacketListener.java:1321) ~[client-1.19.2-20220805.130853-srg.jar%23292!/:?] {re:mixin,pl:accesstransformer:B,pl:runtimedistcleaner:A,re:classloading,pl:accesstransformer:B,pl:mixin:A,pl:runtimedistcleaner:A}
	at net.minecraft.network.protocol.game.ClientboundUpdateTagsPacket.m_5797_(ClientboundUpdateTagsPacket.java:35) ~[client-1.19.2-20220805.130853-srg.jar%23292!/:?] {re:mixin,re:classloading}
	at net.minecraft.network.protocol.game.ClientboundUpdateTagsPacket.m_5797_(ClientboundUpdateTagsPacket.java:11) ~[client-1.19.2-20220805.130853-srg.jar%23292!/:?] {re:mixin,re:classloading}
	at net.minecraft.network.protocol.PacketUtils.m_131356_(PacketUtils.java:22) ~[client-1.19.2-20220805.130853-srg.jar%23292!/:?] {re:classloading}
	at net.minecraft.util.thread.BlockableEventLoop.m_6367_(BlockableEventLoop.java:157) ~[client-1.19.2-20220805.130853-srg.jar%23292!/:?] {re:mixin,pl:accesstransformer:B,re:computing_frames,pl:accesstransformer:B,re:classloading,pl:accesstransformer:B}
	at net.minecraft.util.thread.ReentrantBlockableEventLoop.m_6367_(ReentrantBlockableEventLoop.java:23) ~[client-1.19.2-20220805.130853-srg.jar%23292!/:?] {re:mixin,re:computing_frames,re:classloading}
	at net.minecraft.util.thread.BlockableEventLoop.m_7245_(BlockableEventLoop.java:131) ~[client-1.19.2-20220805.130853-srg.jar%23292!/:?] {re:mixin,pl:accesstransformer:B,re:computing_frames,pl:accesstransformer:B,re:classloading,pl:accesstransformer:B}
	at net.minecraft.util.thread.BlockableEventLoop.m_18699_(BlockableEventLoop.java:116) ~[client-1.19.2-20220805.130853-srg.jar%23292!/:?] {re:mixin,pl:accesstransformer:B,re:computing_frames,pl:accesstransformer:B,re:classloading,pl:accesstransformer:B}
	at net.minecraft.client.Minecraft.m_91383_(Minecraft.java:1072) ~[client-1.19.2-20220805.130853-srg.jar%23292!/:?] {re:mixin,pl:accesstransformer:B,pl:runtimedistcleaner:A,re:classloading,pl:accesstransformer:B,pl:mixin:APP:dynamiclightsreforged.mixins.json:MinecraftClientMixin,pl:mixin:APP:ae2.mixins.json:PickColorMixin,pl:mixin:APP:balm.mixins.json:MinecraftMixin,pl:mixin:APP:konkrete.mixin.json:MixinMinecraft,pl:mixin:APP:entity_model_features-common.mixins.json:MixinResourceReload,pl:mixin:APP:entity_model_features-common.mixins.json:accessor.MinecraftClientAccessor,pl:mixin:APP:entity_texture_features-common.mixins.json:reloading.MixinMinecraftClient,pl:mixin:APP:flywheel.mixins.json:PausedPartialTickAccessor,pl:mixin:APP:mixins.oculus.json:MixinMinecraft_PipelineManagement,pl:mixin:APP:mixins.ipnext.json:MixinMinecraftClient,pl:mixin:APP:sound_physics_remastered.mixins.json:MinecraftMixin,pl:mixin:APP:create.mixins.json:client.WindowResizeMixin,pl:mixin:APP:embeddium.mixins.json:core.MixinMinecraftClient,pl:mixin:A,pl:runtimedistcleaner:A}
	at net.minecraft.client.Minecraft.m_91374_(Minecraft.java:700) ~[client-1.19.2-20220805.130853-srg.jar%23292!/:?] {re:mixin,pl:accesstransformer:B,pl:runtimedistcleaner:A,re:classloading,pl:accesstransformer:B,pl:mixin:APP:dynamiclightsreforged.mixins.json:MinecraftClientMixin,pl:mixin:APP:ae2.mixins.json:PickColorMixin,pl:mixin:APP:balm.mixins.json:MinecraftMixin,pl:mixin:APP:konkrete.mixin.json:MixinMinecraft,pl:mixin:APP:entity_model_features-common.mixins.json:MixinResourceReload,pl:mixin:APP:entity_model_features-common.mixins.json:accessor.MinecraftClientAccessor,pl:mixin:APP:entity_texture_features-common.mixins.json:reloading.MixinMinecraftClient,pl:mixin:APP:flywheel.mixins.json:PausedPartialTickAccessor,pl:mixin:APP:mixins.oculus.json:MixinMinecraft_PipelineManagement,pl:mixin:APP:mixins.ipnext.json:MixinMinecraftClient,pl:mixin:APP:sound_physics_remastered.mixins.json:MinecraftMixin,pl:mixin:APP:create.mixins.json:client.WindowResizeMixin,pl:mixin:APP:embeddium.mixins.json:core.MixinMinecraftClient,pl:mixin:A,pl:runtimedistcleaner:A}
	at net.minecraft.client.main.Main.m_239872_(Main.java:212) ~[Forge%201.19.2.jar:?] {re:classloading,re:mixin,pl:runtimedistcleaner:A,pl:mixin:A,pl:runtimedistcleaner:A}
	at net.minecraft.client.main.Main.main(Main.java:51) ~[Forge%201.19.2.jar:?] {re:classloading,re:mixin,pl:runtimedistcleaner:A,pl:mixin:A,pl:runtimedistcleaner:A}
	at jdk.internal.reflect.NativeMethodAccessorImpl.invoke0(Native Method) ~[?:?] {}
	at jdk.internal.reflect.NativeMethodAccessorImpl.invoke(NativeMethodAccessorImpl.java:77) ~[?:?] {}
	at jdk.internal.reflect.DelegatingMethodAccessorImpl.invoke(DelegatingMethodAccessorImpl.java:43) ~[?:?] {}
	at java.lang.reflect.Method.invoke(Method.java:569) ~[?:?] {}
	at net.minecraftforge.fml.loading.targets.CommonClientLaunchHandler.lambda$launchService$0(CommonClientLaunchHandler.java:27) ~[fmlloader-1.19.2-43.5.2.jar:?] {}
	at cpw.mods.modlauncher.LaunchServiceHandlerDecorator.launch(LaunchServiceHandlerDecorator.java:30) ~[modlauncher-10.0.8.jar:?] {}
	at cpw.mods.modlauncher.LaunchServiceHandler.launch(LaunchServiceHandler.java:53) ~[modlauncher-10.0.8.jar:?] {}
	at cpw.mods.modlauncher.LaunchServiceHandler.launch(LaunchServiceHandler.java:71) ~[modlauncher-10.0.8.jar:?] {}
	at cpw.mods.modlauncher.Launcher.run(Launcher.java:106) ~[modlauncher-10.0.8.jar:?] {}
	at cpw.mods.modlauncher.Launcher.main(Launcher.java:77) ~[modlauncher-10.0.8.jar:?] {}
	at cpw.mods.modlauncher.BootstrapLaunchConsumer.accept(BootstrapLaunchConsumer.java:26) ~[modlauncher-10.0.8.jar:?] {}
	at cpw.mods.modlauncher.BootstrapLaunchConsumer.accept(BootstrapLaunchConsumer.java:23) ~[modlauncher-10.0.8.jar:?] {}
	at cpw.mods.bootstraplauncher.BootstrapLauncher.main(BootstrapLauncher.java:141) ~[bootstraplauncher-1.1.2.jar:?] {}
[11:52:59] [Render thread/INFO] [me.je.li.lo.PluginCaller/]: Registering categories: minecraft:jeresources took 85.02 ms
[11:52:59] [Render thread/INFO] [me.je.li.lo.PluginCaller/]: Registering categories: cofh_core:default ...
[11:52:59] [Render thread/INFO] [me.je.li.lo.PluginCaller/]: Registering categories: cofh_core:default took 7.300 ?s
[11:52:59] [Render thread/INFO] [me.je.li.lo.PluginCaller/]: Registering categories: thermal:core ...
[11:52:59] [Render thread/INFO] [me.je.li.lo.PluginCaller/]: Registering categories: thermal:core took 1.788 ms
[11:52:59] [Render thread/INFO] [me.je.li.lo.PluginCaller/]: Registering categories: waila:jei ...
[11:52:59] [Render thread/INFO] [me.je.li.lo.PluginCaller/]: Registering categories: waila:jei took 4.900 ?s
[11:52:59] [Render thread/INFO] [me.je.li.lo.PluginCaller/]: Registering categories: curios:curios ...
[11:52:59] [Render thread/INFO] [me.je.li.lo.PluginCaller/]: Registering categories: curios:curios took 4.201 ?s
[11:52:59] [Render thread/INFO] [me.je.li.lo.PluginCaller/]: Registering categories: create:jei_plugin ...
[11:52:59] [Render thread/INFO] [me.je.li.lo.PluginCaller/]: Registering categories: create:jei_plugin took 23.12 ms
[11:52:59] [Render thread/INFO] [me.je.li.lo.PluginCaller/]: Registering categories: ic2:plugin ...
[11:52:59] [Render thread/INFO] [me.je.li.lo.PluginCaller/]: Registering categories: ic2:plugin took 12.73 ms
[11:52:59] [Render thread/INFO] [me.je.li.lo.PluginCaller/]: Registering categories: almostunified:jei ...
[11:52:59] [Render thread/INFO] [me.je.li.lo.PluginCaller/]: Registering categories: almostunified:jei took 6.401 ?s
[11:52:59] [Render thread/INFO] [me.je.li.lo.PluginCaller/]: Registering categories: jei:debug ...
[11:52:59] [Render thread/INFO] [me.je.li.lo.PluginCaller/]: Registering categories: jei:debug took 9.400 ?s
[11:52:59] [Render thread/INFO] [me.je.li.lo.PluginCaller/]: Registering categories: jei:gui ...
[11:52:59] [Render thread/INFO] [me.je.li.lo.PluginCaller/]: Registering categories: jei:gui took 4.300 ?s
[11:52:59] [Render thread/INFO] [me.je.li.lo.PluginCaller/]: Registering categories: jei:forge_gui ...
[11:52:59] [Render thread/INFO] [me.je.li.lo.PluginCaller/]: Registering categories: jei:forge_gui took 6.400 ?s
[11:52:59] [Render thread/INFO] [me.je.li.lo.PluginCaller/]: Registering categories: ae2:core ...
[11:52:59] [Render thread/INFO] [me.je.li.lo.PluginCaller/]: Registering categories: ae2:core took 7.694 ms
[11:52:59] [Render thread/INFO] [me.je.li.lo.PluginCaller/]: Registering categories: industrialupgrade:jei ...
[11:52:59] [Render thread/INFO] [me.je.li.lo.PluginCaller/]: Registering categories: industrialupgrade:jei took 42.65 ms
[11:52:59] [Render thread/INFO] [me.je.li.lo.PluginCaller/]: Registering categories: thermal:expansion ...
[11:52:59] [Render thread/INFO] [me.je.li.lo.PluginCaller/]: Registering categories: thermal:expansion took 11.07 ms
[11:52:59] [Render thread/INFO] [me.je.li.lo.PluginCaller/]: Registering categories: jei:internal ...
[11:52:59] [Render thread/INFO] [me.je.li.lo.PluginCaller/]: Registering categories: jei:internal took 690.8 ?s
[11:52:59] [Render thread/INFO] [me.je.li.lo.PluginCaller/]: Registering vanilla category extensions: jei:minecraft ...
[11:52:59] [Render thread/INFO] [me.je.li.lo.PluginCaller/]: Registering vanilla category extensions: jei:minecraft took 1.106 ms
[11:52:59] [Render thread/INFO] [me.je.li.lo.PluginCaller/]: Registering vanilla category extensions: createbigcannons:jei_plugin ...
[11:52:59] [Render thread/INFO] [me.je.li.lo.PluginCaller/]: Registering vanilla category extensions: createbigcannons:jei_plugin took 8.800 ?s
[11:52:59] [Render thread/INFO] [me.je.li.lo.PluginCaller/]: Registering vanilla category extensions: quarryplus:jei_recipe ...
[11:52:59] [Render thread/INFO] [me.je.li.lo.PluginCaller/]: Registering vanilla category extensions: quarryplus:jei_recipe took 8.800 ?s
[11:52:59] [Render thread/INFO] [me.je.li.lo.PluginCaller/]: Registering vanilla category extensions: tacz:jei ...
[11:52:59] [Render thread/INFO] [me.je.li.lo.PluginCaller/]: Registering vanilla category extensions: tacz:jei took 5.400 ?s
[11:52:59] [Render thread/INFO] [me.je.li.lo.PluginCaller/]: Registering vanilla category extensions: waystones:jei ...
[11:52:59] [Render thread/INFO] [me.je.li.lo.PluginCaller/]: Registering vanilla category extensions: waystones:jei took 5.301 ?s
[11:52:59] [Render thread/INFO] [me.je.li.lo.PluginCaller/]: Registering vanilla category extensions: hordes:infection ...
[11:52:59] [Render thread/INFO] [me.je.li.lo.PluginCaller/]: Registering vanilla category extensions: hordes:infection took 5.000 ?s
[11:52:59] [Render thread/INFO] [me.je.li.lo.PluginCaller/]: Registering vanilla category extensions: minecraft:jeresources ...
[11:52:59] [Render thread/INFO] [me.je.li.lo.PluginCaller/]: Registering vanilla category extensions: minecraft:jeresources took 4.800 ?s
[11:52:59] [Render thread/INFO] [me.je.li.lo.PluginCaller/]: Registering vanilla category extensions: cofh_core:default ...
[11:52:59] [Render thread/INFO] [me.je.li.lo.PluginCaller/]: Registering vanilla category extensions: cofh_core:default took 4.601 ?s
[11:52:59] [Render thread/INFO] [me.je.li.lo.PluginCaller/]: Registering vanilla category extensions: thermal:core ...
[11:52:59] [Render thread/INFO] [me.je.li.lo.PluginCaller/]: Registering vanilla category extensions: thermal:core took 4.300 ?s
[11:52:59] [Render thread/INFO] [me.je.li.lo.PluginCaller/]: Registering vanilla category extensions: waila:jei ...
[11:52:59] [Render thread/INFO] [me.je.li.lo.PluginCaller/]: Registering vanilla category extensions: waila:jei took 4.901 ?s
[11:52:59] [Render thread/INFO] [me.je.li.lo.PluginCaller/]: Registering vanilla category extensions: curios:curios ...
[11:52:59] [Render thread/INFO] [me.je.li.lo.PluginCaller/]: Registering vanilla category extensions: curios:curios took 5.100 ?s
[11:52:59] [Render thread/INFO] [me.je.li.lo.PluginCaller/]: Registering vanilla category extensions: create:jei_plugin ...
[11:52:59] [Render thread/INFO] [me.je.li.lo.PluginCaller/]: Registering vanilla category extensions: create:jei_plugin took 4.601 ?s
[11:52:59] [Render thread/INFO] [me.je.li.lo.PluginCaller/]: Registering vanilla category extensions: ic2:plugin ...
[11:52:59] [Render thread/INFO] [me.je.li.lo.PluginCaller/]: Registering vanilla category extensions: ic2:plugin took 4.900 ?s
[11:52:59] [Render thread/INFO] [me.je.li.lo.PluginCaller/]: Registering vanilla category extensions: almostunified:jei ...
[11:52:59] [Render thread/INFO] [me.je.li.lo.PluginCaller/]: Registering vanilla category extensions: almostunified:jei took 4.600 ?s
[11:52:59] [Render thread/INFO] [me.je.li.lo.PluginCaller/]: Registering vanilla category extensions: jei:debug ...
[11:52:59] [Render thread/INFO] [me.je.li.lo.PluginCaller/]: Registering vanilla category extensions: jei:debug took 4.000 ?s
[11:52:59] [Render thread/INFO] [me.je.li.lo.PluginCaller/]: Registering vanilla category extensions: jei:gui ...
[11:52:59] [Render thread/INFO] [me.je.li.lo.PluginCaller/]: Registering vanilla category extensions: jei:gui took 4.900 ?s
[11:52:59] [Render thread/INFO] [me.je.li.lo.PluginCaller/]: Registering vanilla category extensions: jei:forge_gui ...
[11:52:59] [Render thread/INFO] [me.je.li.lo.PluginCaller/]: Registering vanilla category extensions: jei:forge_gui took 6.700 ?s
[11:52:59] [Render thread/INFO] [me.je.li.lo.PluginCaller/]: Registering vanilla category extensions: ae2:core ...
[11:52:59] [Render thread/INFO] [me.je.li.lo.PluginCaller/]: Registering vanilla category extensions: ae2:core took 4.800 ?s
[11:52:59] [Render thread/INFO] [me.je.li.lo.PluginCaller/]: Registering vanilla category extensions: industrialupgrade:jei ...
[11:52:59] [Render thread/INFO] [me.je.li.lo.PluginCaller/]: Registering vanilla category extensions: industrialupgrade:jei took 5.200 ?s
[11:52:59] [Render thread/INFO] [me.je.li.lo.PluginCaller/]: Registering vanilla category extensions: thermal:expansion ...
[11:52:59] [Render thread/INFO] [me.je.li.lo.PluginCaller/]: Registering vanilla category extensions: thermal:expansion took 4.999 ?s
[11:52:59] [Render thread/INFO] [me.je.li.lo.PluginCaller/]: Registering vanilla category extensions: jei:internal ...
[11:52:59] [Render thread/INFO] [me.je.li.lo.PluginCaller/]: Registering vanilla category extensions: jei:internal took 5.100 ?s
[11:52:59] [Render thread/INFO] [me.je.li.lo.PluginCaller/]: Registering recipe catalysts: jei:minecraft ...
[11:52:59] [Render thread/INFO] [me.je.li.lo.PluginCaller/]: Registering recipe catalysts: jei:minecraft took 1.320 ms
[11:52:59] [Render thread/INFO] [me.je.li.lo.PluginCaller/]: Registering recipe catalysts: createbigcannons:jei_plugin ...
[11:52:59] [Render thread/INFO] [me.je.li.lo.PluginCaller/]: Registering recipe catalysts: createbigcannons:jei_plugin took 783.2 ?s
[11:52:59] [Render thread/INFO] [me.je.li.lo.PluginCaller/]: Registering recipe catalysts: quarryplus:jei_recipe ...
[11:52:59] [Render thread/INFO] [me.je.li.lo.PluginCaller/]: Registering recipe catalysts: quarryplus:jei_recipe took 32.60 ?s
[11:52:59] [Render thread/INFO] [me.je.li.lo.PluginCaller/]: Registering recipe catalysts: tacz:jei ...
[11:52:59] [Render thread/INFO] [me.je.li.lo.PluginCaller/]: Registering recipe catalysts: tacz:jei took 150.6 ?s
[11:52:59] [Render thread/INFO] [me.je.li.lo.PluginCaller/]: Registering recipe catalysts: waystones:jei ...
[11:52:59] [Render thread/INFO] [me.je.li.lo.PluginCaller/]: Registering recipe catalysts: waystones:jei took 6.800 ?s
[11:52:59] [Render thread/INFO] [me.je.li.lo.PluginCaller/]: Registering recipe catalysts: hordes:infection ...
[11:52:59] [Render thread/INFO] [me.je.li.lo.PluginCaller/]: Registering recipe catalysts: hordes:infection took 4.501 ?s
[11:52:59] [Render thread/INFO] [me.je.li.lo.PluginCaller/]: Registering recipe catalysts: minecraft:jeresources ...
[11:52:59] [Render thread/INFO] [me.je.li.lo.PluginCaller/]: Registering recipe catalysts: minecraft:jeresources took 4.100 ?s
[11:52:59] [Render thread/INFO] [me.je.li.lo.PluginCaller/]: Registering recipe catalysts: cofh_core:default ...
[11:52:59] [Render thread/INFO] [me.je.li.lo.PluginCaller/]: Registering recipe catalysts: cofh_core:default took 4.300 ?s
[11:52:59] [Render thread/INFO] [me.je.li.lo.PluginCaller/]: Registering recipe catalysts: thermal:core ...
[11:52:59] [Render thread/INFO] [me.je.li.lo.PluginCaller/]: Registering recipe catalysts: thermal:core took 41.30 ?s
[11:52:59] [Render thread/INFO] [me.je.li.lo.PluginCaller/]: Registering recipe catalysts: waila:jei ...
[11:52:59] [Render thread/INFO] [me.je.li.lo.PluginCaller/]: Registering recipe catalysts: waila:jei took 4.800 ?s
[11:52:59] [Render thread/INFO] [me.je.li.lo.PluginCaller/]: Registering recipe catalysts: curios:curios ...
[11:52:59] [Render thread/INFO] [me.je.li.lo.PluginCaller/]: Registering recipe catalysts: curios:curios took 4.800 ?s
[11:52:59] [Render thread/INFO] [me.je.li.lo.PluginCaller/]: Registering recipe catalysts: create:jei_plugin ...
[11:52:59] [Render thread/INFO] [me.je.li.lo.PluginCaller/]: Registering recipe catalysts: create:jei_plugin took 419.7 ?s
[11:52:59] [Render thread/INFO] [me.je.li.lo.PluginCaller/]: Registering recipe catalysts: ic2:plugin ...
[11:52:59] [Render thread/INFO] [me.je.li.lo.PluginCaller/]: Registering recipe catalysts: ic2:plugin took 51.40 ?s
[11:52:59] [Render thread/INFO] [me.je.li.lo.PluginCaller/]: Registering recipe catalysts: almostunified:jei ...
[11:52:59] [Render thread/INFO] [me.je.li.lo.PluginCaller/]: Registering recipe catalysts: almostunified:jei took 3.701 ?s
[11:52:59] [Render thread/INFO] [me.je.li.lo.PluginCaller/]: Registering recipe catalysts: jei:debug ...
[11:52:59] [Render thread/INFO] [me.je.li.lo.PluginCaller/]: Registering recipe catalysts: jei:debug took 8.201 ?s
[11:52:59] [Render thread/INFO] [me.je.li.lo.PluginCaller/]: Registering recipe catalysts: jei:gui ...
[11:52:59] [Render thread/INFO] [me.je.li.lo.PluginCaller/]: Registering recipe catalysts: jei:gui took 3.800 ?s
[11:52:59] [Render thread/INFO] [me.je.li.lo.PluginCaller/]: Registering recipe catalysts: jei:forge_gui ...
[11:52:59] [Render thread/INFO] [me.je.li.lo.PluginCaller/]: Registering recipe catalysts: jei:forge_gui took 4.201 ?s
[11:52:59] [Render thread/INFO] [me.je.li.lo.PluginCaller/]: Registering recipe catalysts: ae2:core ...
[11:52:59] [Render thread/INFO] [me.je.li.lo.PluginCaller/]: Registering recipe catalysts: ae2:core took 55.80 ?s
[11:52:59] [Render thread/INFO] [me.je.li.lo.PluginCaller/]: Registering recipe catalysts: industrialupgrade:jei ...
[11:52:59] [Render thread/INFO] [me.je.li.lo.PluginCaller/]: Registering recipe catalysts: industrialupgrade:jei took 1.398 ms
[11:52:59] [Render thread/INFO] [me.je.li.lo.PluginCaller/]: Registering recipe catalysts: thermal:expansion ...
[11:52:59] [Render thread/INFO] [me.je.li.lo.PluginCaller/]: Registering recipe catalysts: thermal:expansion took 106.5 ?s
[11:52:59] [Render thread/INFO] [me.je.li.lo.PluginCaller/]: Registering recipe catalysts: jei:internal ...
[11:52:59] [Render thread/INFO] [me.je.li.lo.PluginCaller/]: Registering recipe catalysts: jei:internal took 4.800 ?s
[11:52:59] [Render thread/INFO] [me.je.li.lo.PluginCaller/]: Registering advanced plugins: jei:minecraft ...
[11:52:59] [Render thread/INFO] [me.je.li.lo.PluginCaller/]: Registering advanced plugins: jei:minecraft took 15.30 ?s
[11:52:59] [Render thread/INFO] [me.je.li.lo.PluginCaller/]: Registering advanced plugins: createbigcannons:jei_plugin ...
[11:52:59] [Render thread/INFO] [me.je.li.lo.PluginCaller/]: Registering advanced plugins: createbigcannons:jei_plugin took 4.900 ?s
[11:52:59] [Render thread/INFO] [me.je.li.lo.PluginCaller/]: Registering advanced plugins: quarryplus:jei_recipe ...
[11:52:59] [Render thread/INFO] [me.je.li.lo.PluginCaller/]: Registering advanced plugins: quarryplus:jei_recipe took 4.900 ?s
[11:52:59] [Render thread/INFO] [me.je.li.lo.PluginCaller/]: Registering advanced plugins: tacz:jei ...
[11:52:59] [Render thread/INFO] [me.je.li.lo.PluginCaller/]: Registering advanced plugins: tacz:jei took 4.501 ?s
[11:52:59] [Render thread/INFO] [me.je.li.lo.PluginCaller/]: Registering advanced plugins: waystones:jei ...
[11:52:59] [Render thread/INFO] [me.je.li.lo.PluginCaller/]: Registering advanced plugins: waystones:jei took 4.501 ?s
[11:52:59] [Render thread/INFO] [me.je.li.lo.PluginCaller/]: Registering advanced plugins: hordes:infection ...
[11:52:59] [Render thread/INFO] [me.je.li.lo.PluginCaller/]: Registering advanced plugins: hordes:infection took 4.101 ?s
[11:52:59] [Render thread/INFO] [me.je.li.lo.PluginCaller/]: Registering advanced plugins: minecraft:jeresources ...
[11:52:59] [Render thread/INFO] [me.je.li.lo.PluginCaller/]: Registering advanced plugins: minecraft:jeresources took 4.201 ?s
[11:52:59] [Render thread/INFO] [me.je.li.lo.PluginCaller/]: Registering advanced plugins: cofh_core:default ...
[11:52:59] [Render thread/INFO] [me.je.li.lo.PluginCaller/]: Registering advanced plugins: cofh_core:default took 4.801 ?s
[11:52:59] [Render thread/INFO] [me.je.li.lo.PluginCaller/]: Registering advanced plugins: thermal:core ...
[11:52:59] [Render thread/INFO] [me.je.li.lo.PluginCaller/]: Registering advanced plugins: thermal:core took 3.800 ?s
[11:52:59] [Render thread/INFO] [me.je.li.lo.PluginCaller/]: Registering advanced plugins: waila:jei ...
[11:52:59] [Render thread/INFO] [me.je.li.lo.PluginCaller/]: Registering advanced plugins: waila:jei took 3.399 ?s
[11:52:59] [Render thread/INFO] [me.je.li.lo.PluginCaller/]: Registering advanced plugins: curios:curios ...
[11:52:59] [Render thread/INFO] [me.je.li.lo.PluginCaller/]: Registering advanced plugins: curios:curios took 4.200 ?s
[11:52:59] [Render thread/INFO] [me.je.li.lo.PluginCaller/]: Registering advanced plugins: create:jei_plugin ...
[11:52:59] [Render thread/INFO] [me.je.li.lo.PluginCaller/]: Registering advanced plugins: create:jei_plugin took 4.899 ?s
[11:52:59] [Render thread/INFO] [me.je.li.lo.PluginCaller/]: Registering advanced plugins: ic2:plugin ...
[11:52:59] [Render thread/INFO] [me.je.li.lo.PluginCaller/]: Registering advanced plugins: ic2:plugin took 4.900 ?s
[11:52:59] [Render thread/INFO] [me.je.li.lo.PluginCaller/]: Registering advanced plugins: almostunified:jei ...
[11:52:59] [Render thread/INFO] [me.je.li.lo.re.AdvancedRegistration/]: Added recipe category decorator: class com.almostreliable.unified.compat.AlmostJEI$Decorator for recipe type: minecraft:crafting
[11:52:59] [Render thread/INFO] [me.je.li.lo.re.AdvancedRegistration/]: Added recipe category decorator: class com.almostreliable.unified.compat.AlmostJEI$Decorator for recipe type: minecraft:stonecutting
[11:52:59] [Render thread/INFO] [me.je.li.lo.re.AdvancedRegistration/]: Added recipe category decorator: class com.almostreliable.unified.compat.AlmostJEI$Decorator for recipe type: minecraft:furnace
[11:52:59] [Render thread/INFO] [me.je.li.lo.re.AdvancedRegistration/]: Added recipe category decorator: class com.almostreliable.unified.compat.AlmostJEI$Decorator for recipe type: minecraft:smoking
[11:52:59] [Render thread/INFO] [me.je.li.lo.re.AdvancedRegistration/]: Added recipe category decorator: class com.almostreliable.unified.compat.AlmostJEI$Decorator for recipe type: minecraft:blasting
[11:52:59] [Render thread/INFO] [me.je.li.lo.re.AdvancedRegistration/]: Added recipe category decorator: class com.almostreliable.unified.compat.AlmostJEI$Decorator for recipe type: minecraft:campfire
[11:52:59] [Render thread/INFO] [me.je.li.lo.re.AdvancedRegistration/]: Added recipe category decorator: class com.almostreliable.unified.compat.AlmostJEI$Decorator for recipe type: minecraft:smithing
[11:52:59] [Render thread/INFO] [me.je.li.lo.re.AdvancedRegistration/]: Added recipe category decorator: class com.almostreliable.unified.compat.AlmostJEI$Decorator for recipe type: minecraft:compostable
[11:52:59] [Render thread/INFO] [me.je.li.lo.re.AdvancedRegistration/]: Added recipe category decorator: class com.almostreliable.unified.compat.AlmostJEI$Decorator for recipe type: minecraft:fuel
[11:52:59] [Render thread/INFO] [me.je.li.lo.re.AdvancedRegistration/]: Added recipe category decorator: class com.almostreliable.unified.compat.AlmostJEI$Decorator for recipe type: minecraft:brewing
[11:52:59] [Render thread/INFO] [me.je.li.lo.re.AdvancedRegistration/]: Added recipe category decorator: class com.almostreliable.unified.compat.AlmostJEI$Decorator for recipe type: minecraft:anvil
[11:52:59] [Render thread/INFO] [me.je.li.lo.re.AdvancedRegistration/]: Added recipe category decorator: class com.almostreliable.unified.compat.AlmostJEI$Decorator for recipe type: createbigcannons:melting
[11:52:59] [Render thread/INFO] [me.je.li.lo.re.AdvancedRegistration/]: Added recipe category decorator: class com.almostreliable.unified.compat.AlmostJEI$Decorator for recipe type: createbigcannons:cannon_casting
[11:52:59] [Render thread/INFO] [me.je.li.lo.re.AdvancedRegistration/]: Added recipe category decorator: class com.almostreliable.unified.compat.AlmostJEI$Decorator for recipe type: createbigcannons:built_up_heating
[11:52:59] [Render thread/INFO] [me.je.li.lo.re.AdvancedRegistration/]: Added recipe category decorator: class com.almostreliable.unified.compat.AlmostJEI$Decorator for recipe type: createbigcannons:drill_boring
[11:52:59] [Render thread/INFO] [me.je.li.lo.re.AdvancedRegistration/]: Added recipe category decorator: class com.almostreliable.unified.compat.AlmostJEI$Decorator for recipe type: createbigcannons:incomplete_cannon_blocks
[11:52:59] [Render thread/INFO] [me.je.li.lo.re.AdvancedRegistration/]: Added recipe category decorator: class com.almostreliable.unified.compat.AlmostJEI$Decorator for recipe type: quarryplus:jei_workbenchplus
[11:52:59] [Render thread/INFO] [me.je.li.lo.re.AdvancedRegistration/]: Added recipe category decorator: class com.almostreliable.unified.compat.AlmostJEI$Decorator for recipe type: quarryplus:quarryplus.enchantmover
[11:52:59] [Render thread/INFO] [me.je.li.lo.re.AdvancedRegistration/]: Added recipe category decorator: class com.almostreliable.unified.compat.AlmostJEI$Decorator for recipe type: tacz:gun_smith_table/tacz_gun_smith_table
[11:52:59] [Render thread/INFO] [me.je.li.lo.re.AdvancedRegistration/]: Added recipe category decorator: class com.almostreliable.unified.compat.AlmostJEI$Decorator for recipe type: tacz:attachment_query
[11:52:59] [Render thread/INFO] [me.je.li.lo.re.AdvancedRegistration/]: Added recipe category decorator: class com.almostreliable.unified.compat.AlmostJEI$Decorator for recipe type: waystones:warp_plate
[11:52:59] [Render thread/INFO] [me.je.li.lo.re.AdvancedRegistration/]: Added recipe category decorator: class com.almostreliable.unified.compat.AlmostJEI$Decorator for recipe type: hordes:infection_cures
[11:52:59] [Render thread/INFO] [me.je.li.lo.re.AdvancedRegistration/]: Added recipe category decorator: class com.almostreliable.unified.compat.AlmostJEI$Decorator for recipe type: jeresources:dungeon
[11:52:59] [Render thread/INFO] [me.je.li.lo.re.AdvancedRegistration/]: Added recipe category decorator: class com.almostreliable.unified.compat.AlmostJEI$Decorator for recipe type: jeresources:enchantment
[11:52:59] [Render thread/INFO] [me.je.li.lo.re.AdvancedRegistration/]: Added recipe category decorator: class com.almostreliable.unified.compat.AlmostJEI$Decorator for recipe type: jeresources:mob
[11:52:59] [Render thread/INFO] [me.je.li.lo.re.AdvancedRegistration/]: Added recipe category decorator: class com.almostreliable.unified.compat.AlmostJEI$Decorator for recipe type: jeresources:plant
[11:52:59] [Render thread/INFO] [me.je.li.lo.re.AdvancedRegistration/]: Added recipe category decorator: class com.almostreliable.unified.compat.AlmostJEI$Decorator for recipe type: jeresources:villager
[11:52:59] [Render thread/INFO] [me.je.li.lo.re.AdvancedRegistration/]: Added recipe category decorator: class com.almostreliable.unified.compat.AlmostJEI$Decorator for recipe type: jeresources:worldgen
[11:52:59] [Render thread/INFO] [me.je.li.lo.re.AdvancedRegistration/]: Added recipe category decorator: class com.almostreliable.unified.compat.AlmostJEI$Decorator for recipe type: thermal:tree_extractor
[11:52:59] [Render thread/INFO] [me.je.li.lo.re.AdvancedRegistration/]: Added recipe category decorator: class com.almostreliable.unified.compat.AlmostJEI$Decorator for recipe type: thermal:rock_gen
[11:52:59] [Render thread/INFO] [me.je.li.lo.re.AdvancedRegistration/]: Added recipe category decorator: class com.almostreliable.unified.compat.AlmostJEI$Decorator for recipe type: create:milling
[11:52:59] [Render thread/INFO] [me.je.li.lo.re.AdvancedRegistration/]: Added recipe category decorator: class com.almostreliable.unified.compat.AlmostJEI$Decorator for recipe type: create:crushing
[11:52:59] [Render thread/INFO] [me.je.li.lo.re.AdvancedRegistration/]: Added recipe category decorator: class com.almostreliable.unified.compat.AlmostJEI$Decorator for recipe type: create:pressing
[11:52:59] [Render thread/INFO] [me.je.li.lo.re.AdvancedRegistration/]: Added recipe category decorator: class com.almostreliable.unified.compat.AlmostJEI$Decorator for recipe type: create:fan_washing
[11:52:59] [Render thread/INFO] [me.je.li.lo.re.AdvancedRegistration/]: Added recipe category decorator: class com.almostreliable.unified.compat.AlmostJEI$Decorator for recipe type: create:fan_smoking
[11:52:59] [Render thread/INFO] [me.je.li.lo.re.AdvancedRegistration/]: Added recipe category decorator: class com.almostreliable.unified.compat.AlmostJEI$Decorator for recipe type: create:fan_blasting
[11:52:59] [Render thread/INFO] [me.je.li.lo.re.AdvancedRegistration/]: Added recipe category decorator: class com.almostreliable.unified.compat.AlmostJEI$Decorator for recipe type: create:fan_haunting
[11:52:59] [Render thread/INFO] [me.je.li.lo.re.AdvancedRegistration/]: Added recipe category decorator: class com.almostreliable.unified.compat.AlmostJEI$Decorator for recipe type: create:mixing
[11:52:59] [Render thread/INFO] [me.je.li.lo.re.AdvancedRegistration/]: Added recipe category decorator: class com.almostreliable.unified.compat.AlmostJEI$Decorator for recipe type: create:automatic_shapeless
[11:52:59] [Render thread/INFO] [me.je.li.lo.re.AdvancedRegistration/]: Added recipe category decorator: class com.almostreliable.unified.compat.AlmostJEI$Decorator for recipe type: create:automatic_brewing
[11:52:59] [Render thread/INFO] [me.je.li.lo.re.AdvancedRegistration/]: Added recipe category decorator: class com.almostreliable.unified.compat.AlmostJEI$Decorator for recipe type: create:packing
[11:52:59] [Render thread/INFO] [me.je.li.lo.re.AdvancedRegistration/]: Added recipe category decorator: class com.almostreliable.unified.compat.AlmostJEI$Decorator for recipe type: create:automatic_packing
[11:52:59] [Render thread/INFO] [me.je.li.lo.re.AdvancedRegistration/]: Added recipe category decorator: class com.almostreliable.unified.compat.AlmostJEI$Decorator for recipe type: create:sawing
[11:52:59] [Render thread/INFO] [me.je.li.lo.re.AdvancedRegistration/]: Added recipe category decorator: class com.almostreliable.unified.compat.AlmostJEI$Decorator for recipe type: create:block_cutting
[11:52:59] [Render thread/INFO] [me.je.li.lo.re.AdvancedRegistration/]: Added recipe category decorator: class com.almostreliable.unified.compat.AlmostJEI$Decorator for recipe type: create:wood_cutting
[11:52:59] [Render thread/INFO] [me.je.li.lo.re.AdvancedRegistration/]: Added recipe category decorator: class com.almostreliable.unified.compat.AlmostJEI$Decorator for recipe type: create:sandpaper_polishing
[11:52:59] [Render thread/INFO] [me.je.li.lo.re.AdvancedRegistration/]: Added recipe category decorator: class com.almostreliable.unified.compat.AlmostJEI$Decorator for recipe type: create:item_application
[11:52:59] [Render thread/INFO] [me.je.li.lo.re.AdvancedRegistration/]: Added recipe category decorator: class com.almostreliable.unified.compat.AlmostJEI$Decorator for recipe type: create:deploying
[11:52:59] [Render thread/INFO] [me.je.li.lo.re.AdvancedRegistration/]: Added recipe category decorator: class com.almostreliable.unified.compat.AlmostJEI$Decorator for recipe type: create:spout_filling
[11:52:59] [Render thread/INFO] [me.je.li.lo.re.AdvancedRegistration/]: Added recipe category decorator: class com.almostreliable.unified.compat.AlmostJEI$Decorator for recipe type: create:draining
[11:52:59] [Render thread/INFO] [me.je.li.lo.re.AdvancedRegistration/]: Added recipe category decorator: class com.almostreliable.unified.compat.AlmostJEI$Decorator for recipe type: create:automatic_shaped
[11:52:59] [Render thread/INFO] [me.je.li.lo.re.AdvancedRegistration/]: Added recipe category decorator: class com.almostreliable.unified.compat.AlmostJEI$Decorator for recipe type: create:mechanical_crafting
[11:52:59] [Render thread/INFO] [me.je.li.lo.re.AdvancedRegistration/]: Added recipe category decorator: class com.almostreliable.unified.compat.AlmostJEI$Decorator for recipe type: create:sequenced_assembly
[11:52:59] [Render thread/INFO] [me.je.li.lo.re.AdvancedRegistration/]: Added recipe category decorator: class com.almostreliable.unified.compat.AlmostJEI$Decorator for recipe type: create:mystery_conversion
[11:52:59] [Render thread/INFO] [me.je.li.lo.re.AdvancedRegistration/]: Added recipe category decorator: class com.almostreliable.unified.compat.AlmostJEI$Decorator for recipe type: ic2:blast_furnace
[11:52:59] [Render thread/INFO] [me.je.li.lo.re.AdvancedRegistration/]: Added recipe category decorator: class com.almostreliable.unified.compat.AlmostJEI$Decorator for recipe type: ic2:block_cutter
[11:52:59] [Render thread/INFO] [me.je.li.lo.re.AdvancedRegistration/]: Added recipe category decorator: class com.almostreliable.unified.compat.AlmostJEI$Decorator for recipe type: ic2:centrifuge
[11:52:59] [Render thread/INFO] [me.je.li.lo.re.AdvancedRegistration/]: Added recipe category decorator: class com.almostreliable.unified.compat.AlmostJEI$Decorator for recipe type: ic2:compressor
[11:52:59] [Render thread/INFO] [me.je.li.lo.re.AdvancedRegistration/]: Added recipe category decorator: class com.almostreliable.unified.compat.AlmostJEI$Decorator for recipe type: ic2:extractor
[11:52:59] [Render thread/INFO] [me.je.li.lo.re.AdvancedRegistration/]: Added recipe category decorator: class com.almostreliable.unified.compat.AlmostJEI$Decorator for recipe type: ic2:macerator
[11:52:59] [Render thread/INFO] [me.je.li.lo.re.AdvancedRegistration/]: Added recipe category decorator: class com.almostreliable.unified.compat.AlmostJEI$Decorator for recipe type: ic2:metal_former_extruding
[11:52:59] [Render thread/INFO] [me.je.li.lo.re.AdvancedRegistration/]: Added recipe category decorator: class com.almostreliable.unified.compat.AlmostJEI$Decorator for recipe type: ic2:metal_former_rolling
[11:52:59] [Render thread/INFO] [me.je.li.lo.re.AdvancedRegistration/]: Added recipe category decorator: class com.almostreliable.unified.compat.AlmostJEI$Decorator for recipe type: ic2:metal_former_cutting
[11:52:59] [Render thread/INFO] [me.je.li.lo.re.AdvancedRegistration/]: Added recipe category decorator: class com.almostreliable.unified.compat.AlmostJEI$Decorator for recipe type: ic2:ore_washer
[11:52:59] [Render thread/INFO] [me.je.li.lo.re.AdvancedRegistration/]: Added recipe category decorator: class com.almostreliable.unified.compat.AlmostJEI$Decorator for recipe type: ae2:item_transformation
[11:52:59] [Render thread/INFO] [me.je.li.lo.re.AdvancedRegistration/]: Added recipe category decorator: class com.almostreliable.unified.compat.AlmostJEI$Decorator for recipe type: ae2:condenser
[11:52:59] [Render thread/INFO] [me.je.li.lo.re.AdvancedRegistration/]: Added recipe category decorator: class com.almostreliable.unified.compat.AlmostJEI$Decorator for recipe type: ae2:inscriber
[11:52:59] [Render thread/INFO] [me.je.li.lo.re.AdvancedRegistration/]: Added recipe category decorator: class com.almostreliable.unified.compat.AlmostJEI$Decorator for recipe type: ae2:charger
[11:52:59] [Render thread/INFO] [me.je.li.lo.re.AdvancedRegistration/]: Added recipe category decorator: class com.almostreliable.unified.compat.AlmostJEI$Decorator for recipe type: ae2:attunement
[11:52:59] [Render thread/INFO] [me.je.li.lo.re.AdvancedRegistration/]: Added recipe category decorator: class com.almostreliable.unified.compat.AlmostJEI$Decorator for recipe type: ae2:certus_growth
[11:52:59] [Render thread/INFO] [me.je.li.lo.re.AdvancedRegistration/]: Added recipe category decorator: class com.almostreliable.unified.compat.AlmostJEI$Decorator for recipe type: ae2:entropy
[11:52:59] [Render thread/INFO] [me.je.li.lo.re.AdvancedRegistration/]: Added recipe category decorator: class com.almostreliable.unified.compat.AlmostJEI$Decorator for recipe type: industrialupgrade:macerator
[11:52:59] [Render thread/INFO] [me.je.li.lo.re.AdvancedRegistration/]: Added recipe category decorator: class com.almostreliable.unified.compat.AlmostJEI$Decorator for recipe type: industrialupgrade:adv_alloy
[11:52:59] [Render thread/INFO] [me.je.li.lo.re.AdvancedRegistration/]: Added recipe category decorator: class com.almostreliable.unified.compat.AlmostJEI$Decorator for recipe type: industrialupgrade:adv_refiner
[11:52:59] [Render thread/INFO] [me.je.li.lo.re.AdvancedRegistration/]: Added recipe category decorator: class com.almostreliable.unified.compat.AlmostJEI$Decorator for recipe type: industrialupgrade:air_collector
[11:52:59] [Render thread/INFO] [me.je.li.lo.re.AdvancedRegistration/]: Added recipe category decorator: class com.almostreliable.unified.compat.AlmostJEI$Decorator for recipe type: industrialupgrade:alkailine
[11:52:59] [Render thread/INFO] [me.je.li.lo.re.AdvancedRegistration/]: Added recipe category decorator: class com.almostreliable.unified.compat.AlmostJEI$Decorator for recipe type: industrialupgrade:alloy
[11:52:59] [Render thread/INFO] [me.je.li.lo.re.AdvancedRegistration/]: Added recipe category decorator: class com.almostreliable.unified.compat.AlmostJEI$Decorator for recipe type: industrialupgrade:analyzer
[11:52:59] [Render thread/INFO] [me.je.li.lo.re.AdvancedRegistration/]: Added recipe category decorator: class com.almostreliable.unified.compat.AlmostJEI$Decorator for recipe type: industrialupgrade:anvil
[11:52:59] [Render thread/INFO] [me.je.li.lo.re.AdvancedRegistration/]: Added recipe category decorator: class com.almostreliable.unified.compat.AlmostJEI$Decorator for recipe type: industrialupgrade:apiary
[11:52:59] [Render thread/INFO] [me.je.li.lo.re.AdvancedRegistration/]: Added recipe category decorator: class com.almostreliable.unified.compat.AlmostJEI$Decorator for recipe type: industrialupgrade:battery
[11:52:59] [Render thread/INFO] [me.je.li.lo.re.AdvancedRegistration/]: Added recipe category decorator: class com.almostreliable.unified.compat.AlmostJEI$Decorator for recipe type: industrialupgrade:bee
[11:52:59] [Render thread/INFO] [me.je.li.lo.re.AdvancedRegistration/]: Added recipe category decorator: class com.almostreliable.unified.compat.AlmostJEI$Decorator for recipe type: industrialupgrade:bee_centrifuge
[11:52:59] [Render thread/INFO] [me.je.li.lo.re.AdvancedRegistration/]: Added recipe category decorator: class com.almostreliable.unified.compat.AlmostJEI$Decorator for recipe type: industrialupgrade:blast_furnace
[11:52:59] [Render thread/INFO] [me.je.li.lo.re.AdvancedRegistration/]: Added recipe category decorator: class com.almostreliable.unified.compat.AlmostJEI$Decorator for recipe type: industrialupgrade:biomass
[11:52:59] [Render thread/INFO] [me.je.li.lo.re.AdvancedRegistration/]: Added recipe category decorator: class com.almostreliable.unified.compat.AlmostJEI$Decorator for recipe type: industrialupgrade:brewing
[11:52:59] [Render thread/INFO] [me.je.li.lo.re.AdvancedRegistration/]: Added recipe category decorator: class com.almostreliable.unified.compat.AlmostJEI$Decorator for recipe type: industrialupgrade:centrifuge
[11:52:59] [Render thread/INFO] [me.je.li.lo.re.AdvancedRegistration/]: Added recipe category decorator: class com.almostreliable.unified.compat.AlmostJEI$Decorator for recipe type: industrialupgrade:charged_redstone
[11:52:59] [Render thread/INFO] [me.je.li.lo.re.AdvancedRegistration/]: Added recipe category decorator: class com.almostreliable.unified.compat.AlmostJEI$Decorator for recipe type: industrialupgrade:chemical_plant
[11:52:59] [Render thread/INFO] [me.je.li.lo.re.AdvancedRegistration/]: Added recipe category decorator: class com.almostreliable.unified.compat.AlmostJEI$Decorator for recipe type: industrialupgrade:coke_oven
[11:52:59] [Render thread/INFO] [me.je.li.lo.re.AdvancedRegistration/]: Added recipe category decorator: class com.almostreliable.unified.compat.AlmostJEI$Decorator for recipe type: industrialupgrade:space_colony
[11:52:59] [Render thread/INFO] [me.je.li.lo.re.AdvancedRegistration/]: Added recipe category decorator: class com.almostreliable.unified.compat.AlmostJEI$Decorator for recipe type: industrialupgrade:comb_mac
[11:52:59] [Render thread/INFO] [me.je.li.lo.re.AdvancedRegistration/]: Added recipe category decorator: class com.almostreliable.unified.compat.AlmostJEI$Decorator for recipe type: industrialupgrade:compressor
[11:52:59] [Render thread/INFO] [me.je.li.lo.re.AdvancedRegistration/]: Added recipe category decorator: class com.almostreliable.unified.compat.AlmostJEI$Decorator for recipe type: industrialupgrade:cross_crop
[11:52:59] [Render thread/INFO] [me.je.li.lo.re.AdvancedRegistration/]: Added recipe category decorator: class com.almostreliable.unified.compat.AlmostJEI$Decorator for recipe type: industrialupgrade:crop
[11:52:59] [Render thread/INFO] [me.je.li.lo.re.AdvancedRegistration/]: Added recipe category decorator: class com.almostreliable.unified.compat.AlmostJEI$Decorator for recipe type: industrialupgrade:crystal_charge
[11:52:59] [Render thread/INFO] [me.je.li.lo.re.AdvancedRegistration/]: Added recipe category decorator: class com.almostreliable.unified.compat.AlmostJEI$Decorator for recipe type: industrialupgrade:cutting
[11:52:59] [Render thread/INFO] [me.je.li.lo.re.AdvancedRegistration/]: Added recipe category decorator: class com.almostreliable.unified.compat.AlmostJEI$Decorator for recipe type: industrialupgrade:cyclotron
[11:52:59] [Render thread/INFO] [me.je.li.lo.re.AdvancedRegistration/]: Added recipe category decorator: class com.almostreliable.unified.compat.AlmostJEI$Decorator for recipe type: industrialupgrade:deposits
[11:52:59] [Render thread/INFO] [me.je.li.lo.re.AdvancedRegistration/]: Added recipe category decorator: class com.almostreliable.unified.compat.AlmostJEI$Decorator for recipe type: industrialupgrade:deposits_molot
[11:52:59] [Render thread/INFO] [me.je.li.lo.re.AdvancedRegistration/]: Added recipe category decorator: class com.almostreliable.unified.compat.AlmostJEI$Decorator for recipe type: industrialupgrade:distiller
[11:52:59] [Render thread/INFO] [me.je.li.lo.re.AdvancedRegistration/]: Added recipe category decorator: class com.almostreliable.unified.compat.AlmostJEI$Decorator for recipe type: industrialupgrade:double_molecular
[11:52:59] [Render thread/INFO] [me.je.li.lo.re.AdvancedRegistration/]: Added recipe category decorator: class com.almostreliable.unified.compat.AlmostJEI$Decorator for recipe type: industrialupgrade:dryer
[11:52:59] [Render thread/INFO] [me.je.li.lo.re.AdvancedRegistration/]: Added recipe category decorator: class com.almostreliable.unified.compat.AlmostJEI$Decorator for recipe type: industrialupgrade:earth_quarry
[11:52:59] [Render thread/INFO] [me.je.li.lo.re.AdvancedRegistration/]: Added recipe category decorator: class com.almostreliable.unified.compat.AlmostJEI$Decorator for recipe type: industrialupgrade:electrolyzer
[11:52:59] [Render thread/INFO] [me.je.li.lo.re.AdvancedRegistration/]: Added recipe category decorator: class com.almostreliable.unified.compat.AlmostJEI$Decorator for recipe type: industrialupgrade:electronics
[11:52:59] [Render thread/INFO] [me.je.li.lo.re.AdvancedRegistration/]: Added recipe category decorator: class com.almostreliable.unified.compat.AlmostJEI$Decorator for recipe type: industrialupgrade:enchant
[11:52:59] [Render thread/INFO] [me.je.li.lo.re.AdvancedRegistration/]: Added recipe category decorator: class com.almostreliable.unified.compat.AlmostJEI$Decorator for recipe type: industrialupgrade:enrich
[11:52:59] [Render thread/INFO] [me.je.li.lo.re.AdvancedRegistration/]: Added recipe category decorator: class com.almostreliable.unified.compat.AlmostJEI$Decorator for recipe type: industrialupgrade:extruder
[11:52:59] [Render thread/INFO] [me.je.li.lo.re.AdvancedRegistration/]: Added recipe category decorator: class com.almostreliable.unified.compat.AlmostJEI$Decorator for recipe type: industrialupgrade:extractor
[11:52:59] [Render thread/INFO] [me.je.li.lo.re.AdvancedRegistration/]: Added recipe category decorator: class com.almostreliable.unified.compat.AlmostJEI$Decorator for recipe type: industrialupgrade:farmer
[11:52:59] [Render thread/INFO] [me.je.li.lo.re.AdvancedRegistration/]: Added recipe category decorator: class com.almostreliable.unified.compat.AlmostJEI$Decorator for recipe type: industrialupgrade:fluid_adapter
[11:52:59] [Render thread/INFO] [me.je.li.lo.re.AdvancedRegistration/]: Added recipe category decorator: class com.almostreliable.unified.compat.AlmostJEI$Decorator for recipe type: industrialupgrade:fluid_heater
[11:52:59] [Render thread/INFO] [me.je.li.lo.re.AdvancedRegistration/]: Added recipe category decorator: class com.almostreliable.unified.compat.AlmostJEI$Decorator for recipe type: industrialupgrade:fluid_integrator
[11:52:59] [Render thread/INFO] [me.je.li.lo.re.AdvancedRegistration/]: Added recipe category decorator: class com.almostreliable.unified.compat.AlmostJEI$Decorator for recipe type: industrialupgrade:fluid_mixer
[11:52:59] [Render thread/INFO] [me.je.li.lo.re.AdvancedRegistration/]: Added recipe category decorator: class com.almostreliable.unified.compat.AlmostJEI$Decorator for recipe type: industrialupgrade:fluid_separator
[11:52:59] [Render thread/INFO] [me.je.li.lo.re.AdvancedRegistration/]: Added recipe category decorator: class com.almostreliable.unified.compat.AlmostJEI$Decorator for recipe type: industrialupgrade:fluid_solid_mixed
[11:52:59] [Render thread/INFO] [me.je.li.lo.re.AdvancedRegistration/]: Added recipe category decorator: class com.almostreliable.unified.compat.AlmostJEI$Decorator for recipe type: industrialupgrade:fquarry
[11:52:59] [Render thread/INFO] [me.je.li.lo.re.AdvancedRegistration/]: Added recipe category decorator: class com.almostreliable.unified.compat.AlmostJEI$Decorator for recipe type: industrialupgrade:gas_chamber
[11:52:59] [Render thread/INFO] [me.je.li.lo.re.AdvancedRegistration/]: Added recipe category decorator: class com.almostreliable.unified.compat.AlmostJEI$Decorator for recipe type: industrialupgrade:gas_turbine
[11:52:59] [Render thread/INFO] [me.je.li.lo.re.AdvancedRegistration/]: Added recipe category decorator: class com.almostreliable.unified.compat.AlmostJEI$Decorator for recipe type: industrialupgrade:gas_well
[11:52:59] [Render thread/INFO] [me.je.li.lo.re.AdvancedRegistration/]: Added recipe category decorator: class com.almostreliable.unified.compat.AlmostJEI$Decorator for recipe type: industrialupgrade:gas_combiner
[11:52:59] [Render thread/INFO] [me.je.li.lo.re.AdvancedRegistration/]: Added recipe category decorator: class com.almostreliable.unified.compat.AlmostJEI$Decorator for recipe type: industrialupgrade:gas_gen
[11:52:59] [Render thread/INFO] [me.je.li.lo.re.AdvancedRegistration/]: Added recipe category decorator: class com.almostreliable.unified.compat.AlmostJEI$Decorator for recipe type: industrialupgrade:gas_sensor
[11:52:59] [Render thread/INFO] [me.je.li.lo.re.AdvancedRegistration/]: Added recipe category decorator: class com.almostreliable.unified.compat.AlmostJEI$Decorator for recipe type: industrialupgrade:gas_pump
[11:52:59] [Render thread/INFO] [me.je.li.lo.re.AdvancedRegistration/]: Added recipe category decorator: class com.almostreliable.unified.compat.AlmostJEI$Decorator for recipe type: industrialupgrade:gearing
[11:52:59] [Render thread/INFO] [me.je.li.lo.re.AdvancedRegistration/]: Added recipe category decorator: class com.almostreliable.unified.compat.AlmostJEI$Decorator for recipe type: industrialupgrade:gen_addstone
[11:52:59] [Render thread/INFO] [me.je.li.lo.re.AdvancedRegistration/]: Added recipe category decorator: class com.almostreliable.unified.compat.AlmostJEI$Decorator for recipe type: industrialupgrade:gen_bio
[11:52:59] [Render thread/INFO] [me.je.li.lo.re.AdvancedRegistration/]: Added recipe category decorator: class com.almostreliable.unified.compat.AlmostJEI$Decorator for recipe type: industrialupgrade:gen_diesel
[11:52:59] [Render thread/INFO] [me.je.li.lo.re.AdvancedRegistration/]: Added recipe category decorator: class com.almostreliable.unified.compat.AlmostJEI$Decorator for recipe type: industrialupgrade:generator
[11:52:59] [Render thread/INFO] [me.je.li.lo.re.AdvancedRegistration/]: Added recipe category decorator: class com.almostreliable.unified.compat.AlmostJEI$Decorator for recipe type: industrialupgrade:genetic_polymizer
[11:52:59] [Render thread/INFO] [me.je.li.lo.re.AdvancedRegistration/]: Added recipe category decorator: class com.almostreliable.unified.compat.AlmostJEI$Decorator for recipe type: industrialupgrade:genetic_replicator
[11:52:59] [Render thread/INFO] [me.je.li.lo.re.AdvancedRegistration/]: Added recipe category decorator: class com.almostreliable.unified.compat.AlmostJEI$Decorator for recipe type: industrialupgrade:genetic_transposer
[11:52:59] [Render thread/INFO] [me.je.li.lo.re.AdvancedRegistration/]: Added recipe category decorator: class com.almostreliable.unified.compat.AlmostJEI$Decorator for recipe type: industrialupgrade:genetic_stabilizer
[11:52:59] [Render thread/INFO] [me.je.li.lo.re.AdvancedRegistration/]: Added recipe category decorator: class com.almostreliable.unified.compat.AlmostJEI$Decorator for recipe type: industrialupgrade:gen_helium
[11:52:59] [Render thread/INFO] [me.je.li.lo.re.AdvancedRegistration/]: Added recipe category decorator: class com.almostreliable.unified.compat.AlmostJEI$Decorator for recipe type: industrialupgrade:gen_hyd
[11:52:59] [Render thread/INFO] [me.je.li.lo.re.AdvancedRegistration/]: Added recipe category decorator: class com.almostreliable.unified.compat.AlmostJEI$Decorator for recipe type: industrialupgrade:gen_lava
[11:52:59] [Render thread/INFO] [me.je.li.lo.re.AdvancedRegistration/]: Added recipe category decorator: class com.almostreliable.unified.compat.AlmostJEI$Decorator for recipe type: industrialupgrade:gen_matter
[11:52:59] [Render thread/INFO] [me.je.li.lo.re.AdvancedRegistration/]: Added recipe category decorator: class com.almostreliable.unified.compat.AlmostJEI$Decorator for recipe type: industrialupgrade:gen_neu
[11:52:59] [Render thread/INFO] [me.je.li.lo.re.AdvancedRegistration/]: Added recipe category decorator: class com.almostreliable.unified.compat.AlmostJEI$Decorator for recipe type: industrialupgrade:gen_obs
[11:52:59] [Render thread/INFO] [me.je.li.lo.re.AdvancedRegistration/]: Added recipe category decorator: class com.almostreliable.unified.compat.AlmostJEI$Decorator for recipe type: industrialupgrade:gen_petrol
[11:52:59] [Render thread/INFO] [me.je.li.lo.re.AdvancedRegistration/]: Added recipe category decorator: class com.almostreliable.unified.compat.AlmostJEI$Decorator for recipe type: industrialupgrade:gen_rad1
[11:52:59] [Render thread/INFO] [me.je.li.lo.re.AdvancedRegistration/]: Added recipe category decorator: class com.almostreliable.unified.compat.AlmostJEI$Decorator for recipe type: industrialupgrade:gen_rad
[11:52:59] [Render thread/INFO] [me.je.li.lo.re.AdvancedRegistration/]: Added recipe category decorator: class com.almostreliable.unified.compat.AlmostJEI$Decorator for recipe type: industrialupgrade:gen_red
[11:52:59] [Render thread/INFO] [me.je.li.lo.re.AdvancedRegistration/]: Added recipe category decorator: class com.almostreliable.unified.compat.AlmostJEI$Decorator for recipe type: industrialupgrade:gen_se
[11:52:59] [Render thread/INFO] [me.je.li.lo.re.AdvancedRegistration/]: Added recipe category decorator: class com.almostreliable.unified.compat.AlmostJEI$Decorator for recipe type: industrialupgrade:gen_star
[11:52:59] [Render thread/INFO] [me.je.li.lo.re.AdvancedRegistration/]: Added recipe category decorator: class com.almostreliable.unified.compat.AlmostJEI$Decorator for recipe type: industrialupgrade:gen_stone
[11:52:59] [Render thread/INFO] [me.je.li.lo.re.AdvancedRegistration/]: Added recipe category decorator: class com.almostreliable.unified.compat.AlmostJEI$Decorator for recipe type: industrialupgrade:geothermal
[11:52:59] [Render thread/INFO] [me.je.li.lo.re.AdvancedRegistration/]: Added recipe category decorator: class com.almostreliable.unified.compat.AlmostJEI$Decorator for recipe type: industrialupgrade:graphite
[11:52:59] [Render thread/INFO] [me.je.li.lo.re.AdvancedRegistration/]: Added recipe category decorator: class com.almostreliable.unified.compat.AlmostJEI$Decorator for recipe type: industrialupgrade:handlerho
[11:52:59] [Render thread/INFO] [me.je.li.lo.re.AdvancedRegistration/]: Added recipe category decorator: class com.almostreliable.unified.compat.AlmostJEI$Decorator for recipe type: industrialupgrade:strong_anvil
[11:52:59] [Render thread/INFO] [me.je.li.lo.re.AdvancedRegistration/]: Added recipe category decorator: class com.almostreliable.unified.compat.AlmostJEI$Decorator for recipe type: industrialupgrade:imp_alloy_smelter
[11:52:59] [Render thread/INFO] [me.je.li.lo.re.AdvancedRegistration/]: Added recipe category decorator: class com.almostreliable.unified.compat.AlmostJEI$Decorator for recipe type: industrialupgrade:imp_refiner
[11:52:59] [Render thread/INFO] [me.je.li.lo.re.AdvancedRegistration/]: Added recipe category decorator: class com.almostreliable.unified.compat.AlmostJEI$Decorator for recipe type: industrialupgrade:incubator
[11:52:59] [Render thread/INFO] [me.je.li.lo.re.AdvancedRegistration/]: Added recipe category decorator: class com.almostreliable.unified.compat.AlmostJEI$Decorator for recipe type: industrialupgrade:industrial_ore_purifier
[11:52:59] [Render thread/INFO] [me.je.li.lo.re.AdvancedRegistration/]: Added recipe category decorator: class com.almostreliable.unified.compat.AlmostJEI$Decorator for recipe type: industrialupgrade:inoculator
[11:52:59] [Render thread/INFO] [me.je.li.lo.re.AdvancedRegistration/]: Added recipe category decorator: class com.almostreliable.unified.compat.AlmostJEI$Decorator for recipe type: industrialupgrade:insulator
[11:52:59] [Render thread/INFO] [me.je.li.lo.re.AdvancedRegistration/]: Added recipe category decorator: class com.almostreliable.unified.compat.AlmostJEI$Decorator for recipe type: industrialupgrade:item_divider
[11:52:59] [Render thread/INFO] [me.je.li.lo.re.AdvancedRegistration/]: Added recipe category decorator: class com.almostreliable.unified.compat.AlmostJEI$Decorator for recipe type: industrialupgrade:item_divider_fluid
[11:52:59] [Render thread/INFO] [me.je.li.lo.re.AdvancedRegistration/]: Added recipe category decorator: class com.almostreliable.unified.compat.AlmostJEI$Decorator for recipe type: industrialupgrade:laser
[11:52:59] [Render thread/INFO] [me.je.li.lo.re.AdvancedRegistration/]: Added recipe category decorator: class com.almostreliable.unified.compat.AlmostJEI$Decorator for recipe type: industrialupgrade:matter
[11:52:59] [Render thread/INFO] [me.je.li.lo.re.AdvancedRegistration/]: Added recipe category decorator: class com.almostreliable.unified.compat.AlmostJEI$Decorator for recipe type: industrialupgrade:microchip
[11:52:59] [Render thread/INFO] [me.je.li.lo.re.AdvancedRegistration/]: Added recipe category decorator: class com.almostreliable.unified.compat.AlmostJEI$Decorator for recipe type: industrialupgrade:mini_smeltery
[11:52:59] [Render thread/INFO] [me.je.li.lo.re.AdvancedRegistration/]: Added recipe category decorator: class com.almostreliable.unified.compat.AlmostJEI$Decorator for recipe type: industrialupgrade:modulator
[11:52:59] [Render thread/INFO] [me.je.li.lo.re.AdvancedRegistration/]: Added recipe category decorator: class com.almostreliable.unified.compat.AlmostJEI$Decorator for recipe type: industrialupgrade:modulator1
[11:52:59] [Render thread/INFO] [me.je.li.lo.re.AdvancedRegistration/]: Added recipe category decorator: class com.almostreliable.unified.compat.AlmostJEI$Decorator for recipe type: industrialupgrade:molecular
[11:52:59] [Render thread/INFO] [me.je.li.lo.re.AdvancedRegistration/]: Added recipe category decorator: class com.almostreliable.unified.compat.AlmostJEI$Decorator for recipe type: industrialupgrade:moon_spooter
[11:52:59] [Render thread/INFO] [me.je.li.lo.re.AdvancedRegistration/]: Added recipe category decorator: class com.almostreliable.unified.compat.AlmostJEI$Decorator for recipe type: industrialupgrade:multiblock
[11:52:59] [Render thread/INFO] [me.je.li.lo.re.AdvancedRegistration/]: Added recipe category decorator: class com.almostreliable.unified.compat.AlmostJEI$Decorator for recipe type: industrialupgrade:mutatron
[11:52:59] [Render thread/INFO] [me.je.li.lo.re.AdvancedRegistration/]: Added recipe category decorator: class com.almostreliable.unified.compat.AlmostJEI$Decorator for recipe type: industrialupgrade:neutron_separator
[11:52:59] [Render thread/INFO] [me.je.li.lo.re.AdvancedRegistration/]: Added recipe category decorator: class com.almostreliable.unified.compat.AlmostJEI$Decorator for recipe type: industrialupgrade:oil_pump
[11:52:59] [Render thread/INFO] [me.je.li.lo.re.AdvancedRegistration/]: Added recipe category decorator: class com.almostreliable.unified.compat.AlmostJEI$Decorator for recipe type: industrialupgrade:oil_purifier
[11:52:59] [Render thread/INFO] [me.je.li.lo.re.AdvancedRegistration/]: Added recipe category decorator: class com.almostreliable.unified.compat.AlmostJEI$Decorator for recipe type: industrialupgrade:ore_washing
[11:52:59] [Render thread/INFO] [me.je.li.lo.re.AdvancedRegistration/]: Added recipe category decorator: class com.almostreliable.unified.compat.AlmostJEI$Decorator for recipe type: industrialupgrade:painting
[11:52:59] [Render thread/INFO] [me.je.li.lo.re.AdvancedRegistration/]: Added recipe category decorator: class com.almostreliable.unified.compat.AlmostJEI$Decorator for recipe type: industrialupgrade:pelletes
[11:52:59] [Render thread/INFO] [me.je.li.lo.re.AdvancedRegistration/]: Added recipe category decorator: class com.almostreliable.unified.compat.AlmostJEI$Decorator for recipe type: industrialupgrade:per_alloy
[11:52:59] [Render thread/INFO] [me.je.li.lo.re.AdvancedRegistration/]: Added recipe category decorator: class com.almostreliable.unified.compat.AlmostJEI$Decorator for recipe type: industrialupgrade:plastic_creator_plate
[11:52:59] [Render thread/INFO] [me.je.li.lo.re.AdvancedRegistration/]: Added recipe category decorator: class com.almostreliable.unified.compat.AlmostJEI$Decorator for recipe type: industrialupgrade:plastic_creator
[11:52:59] [Render thread/INFO] [me.je.li.lo.re.AdvancedRegistration/]: Added recipe category decorator: class com.almostreliable.unified.compat.AlmostJEI$Decorator for recipe type: industrialupgrade:polymizer
[11:52:59] [Render thread/INFO] [me.je.li.lo.re.AdvancedRegistration/]: Added recipe category decorator: class com.almostreliable.unified.compat.AlmostJEI$Decorator for recipe type: industrialupgrade:positrons
[11:52:59] [Render thread/INFO] [me.je.li.lo.re.AdvancedRegistration/]: Added recipe category decorator: class com.almostreliable.unified.compat.AlmostJEI$Decorator for recipe type: industrialupgrade:primal_laser
[11:52:59] [Render thread/INFO] [me.je.li.lo.re.AdvancedRegistration/]: Added recipe category decorator: class com.almostreliable.unified.compat.AlmostJEI$Decorator for recipe type: industrialupgrade:primal_fluid_integrator
[11:52:59] [Render thread/INFO] [me.je.li.lo.re.AdvancedRegistration/]: Added recipe category decorator: class com.almostreliable.unified.compat.AlmostJEI$Decorator for recipe type: industrialupgrade:primal_rolling
[11:52:59] [Render thread/INFO] [me.je.li.lo.re.AdvancedRegistration/]: Added recipe category decorator: class com.almostreliable.unified.compat.AlmostJEI$Decorator for recipe type: industrialupgrade:privatizer
[11:52:59] [Render thread/INFO] [me.je.li.lo.re.AdvancedRegistration/]: Added recipe category decorator: class com.almostreliable.unified.compat.AlmostJEI$Decorator for recipe type: industrialupgrade:probe_assembler
[11:52:59] [Render thread/INFO] [me.je.li.lo.re.AdvancedRegistration/]: Added recipe category decorator: class com.almostreliable.unified.compat.AlmostJEI$Decorator for recipe type: industrialupgrade:programming
[11:52:59] [Render thread/INFO] [me.je.li.lo.re.AdvancedRegistration/]: Added recipe category decorator: class com.almostreliable.unified.compat.AlmostJEI$Decorator for recipe type: industrialupgrade:quantum_molecular
[11:52:59] [Render thread/INFO] [me.je.li.lo.re.AdvancedRegistration/]: Added recipe category decorator: class com.almostreliable.unified.compat.AlmostJEI$Decorator for recipe type: industrialupgrade:quantum_miner
[11:52:59] [Render thread/INFO] [me.je.li.lo.re.AdvancedRegistration/]: Added recipe category decorator: class com.almostreliable.unified.compat.AlmostJEI$Decorator for recipe type: industrialupgrade:quarry
[11:52:59] [Render thread/INFO] [me.je.li.lo.re.AdvancedRegistration/]: Added recipe category decorator: class com.almostreliable.unified.compat.AlmostJEI$Decorator for recipe type: industrialupgrade:quarry_comb
[11:52:59] [Render thread/INFO] [me.je.li.lo.re.AdvancedRegistration/]: Added recipe category decorator: class com.almostreliable.unified.compat.AlmostJEI$Decorator for recipe type: industrialupgrade:quarry_macerator
[11:52:59] [Render thread/INFO] [me.je.li.lo.re.AdvancedRegistration/]: Added recipe category decorator: class com.almostreliable.unified.compat.AlmostJEI$Decorator for recipe type: industrialupgrade:radiation_ore_handler
[11:52:59] [Render thread/INFO] [me.je.li.lo.re.AdvancedRegistration/]: Added recipe category decorator: class com.almostreliable.unified.compat.AlmostJEI$Decorator for recipe type: industrialupgrade:recycler
[11:52:59] [Render thread/INFO] [me.je.li.lo.re.AdvancedRegistration/]: Added recipe category decorator: class com.almostreliable.unified.compat.AlmostJEI$Decorator for recipe type: industrialupgrade:refiner
[11:52:59] [Render thread/INFO] [me.je.li.lo.re.AdvancedRegistration/]: Added recipe category decorator: class com.almostreliable.unified.compat.AlmostJEI$Decorator for recipe type: industrialupgrade:refractory_furnace
[11:52:59] [Render thread/INFO] [me.je.li.lo.re.AdvancedRegistration/]: Added recipe category decorator: class com.almostreliable.unified.compat.AlmostJEI$Decorator for recipe type: industrialupgrade:refractory_furnace_primal
[11:52:59] [Render thread/INFO] [me.je.li.lo.re.AdvancedRegistration/]: Added recipe category decorator: class com.almostreliable.unified.compat.AlmostJEI$Decorator for recipe type: industrialupgrade:refrigerator
[11:52:59] [Render thread/INFO] [me.je.li.lo.re.AdvancedRegistration/]: Added recipe category decorator: class com.almostreliable.unified.compat.AlmostJEI$Decorator for recipe type: industrialupgrade:replicator
[11:52:59] [Render thread/INFO] [me.je.li.lo.re.AdvancedRegistration/]: Added recipe category decorator: class com.almostreliable.unified.compat.AlmostJEI$Decorator for recipe type: industrialupgrade:reverse_transriptor
[11:52:59] [Render thread/INFO] [me.je.li.lo.re.AdvancedRegistration/]: Added recipe category decorator: class com.almostreliable.unified.compat.AlmostJEI$Decorator for recipe type: industrialupgrade:rna_collector
[11:52:59] [Render thread/INFO] [me.je.li.lo.re.AdvancedRegistration/]: Added recipe category decorator: class com.almostreliable.unified.compat.AlmostJEI$Decorator for recipe type: industrialupgrade:rocket
[11:52:59] [Render thread/INFO] [me.je.li.lo.re.AdvancedRegistration/]: Added recipe category decorator: class com.almostreliable.unified.compat.AlmostJEI$Decorator for recipe type: industrialupgrade:rod_factory
[11:52:59] [Render thread/INFO] [me.je.li.lo.re.AdvancedRegistration/]: Added recipe category decorator: class com.almostreliable.unified.compat.AlmostJEI$Decorator for recipe type: industrialupgrade:rolling
[11:52:59] [Render thread/INFO] [me.je.li.lo.re.AdvancedRegistration/]: Added recipe category decorator: class com.almostreliable.unified.compat.AlmostJEI$Decorator for recipe type: industrialupgrade:rotors
[11:52:59] [Render thread/INFO] [me.je.li.lo.re.AdvancedRegistration/]: Added recipe category decorator: class com.almostreliable.unified.compat.AlmostJEI$Decorator for recipe type: industrialupgrade:rotors1
[11:52:59] [Render thread/INFO] [me.je.li.lo.re.AdvancedRegistration/]: Added recipe category decorator: class com.almostreliable.unified.compat.AlmostJEI$Decorator for recipe type: industrialupgrade:rotors_upgrade
[11:52:59] [Render thread/INFO] [me.je.li.lo.re.AdvancedRegistration/]: Added recipe category decorator: class com.almostreliable.unified.compat.AlmostJEI$Decorator for recipe type: industrialupgrade:rovers
[11:52:59] [Render thread/INFO] [me.je.li.lo.re.AdvancedRegistration/]: Added recipe category decorator: class com.almostreliable.unified.compat.AlmostJEI$Decorator for recipe type: industrialupgrade:satellite_assembler
[11:52:59] [Render thread/INFO] [me.je.li.lo.re.AdvancedRegistration/]: Added recipe category decorator: class com.almostreliable.unified.compat.AlmostJEI$Decorator for recipe type: industrialupgrade:sawmill
[11:52:59] [Render thread/INFO] [me.je.li.lo.re.AdvancedRegistration/]: Added recipe category decorator: class com.almostreliable.unified.compat.AlmostJEI$Decorator for recipe type: industrialupgrade:scrap
[11:52:59] [Render thread/INFO] [me.je.li.lo.re.AdvancedRegistration/]: Added recipe category decorator: class com.almostreliable.unified.compat.AlmostJEI$Decorator for recipe type: industrialupgrade:sharpener
[11:52:59] [Render thread/INFO] [me.je.li.lo.re.AdvancedRegistration/]: Added recipe category decorator: class com.almostreliable.unified.compat.AlmostJEI$Decorator for recipe type: industrialupgrade:silicon
[11:52:59] [Render thread/INFO] [me.je.li.lo.re.AdvancedRegistration/]: Added recipe category decorator: class com.almostreliable.unified.compat.AlmostJEI$Decorator for recipe type: industrialupgrade:single_fluid_adapter
[11:52:59] [Render thread/INFO] [me.je.li.lo.re.AdvancedRegistration/]: Added recipe category decorator: class com.almostreliable.unified.compat.AlmostJEI$Decorator for recipe type: industrialupgrade:smeltery_controller
[11:52:59] [Render thread/INFO] [me.je.li.lo.re.AdvancedRegistration/]: Added recipe category decorator: class com.almostreliable.unified.compat.AlmostJEI$Decorator for recipe type: industrialupgrade:smeltery_casting
[11:52:59] [Render thread/INFO] [me.je.li.lo.re.AdvancedRegistration/]: Added recipe category decorator: class com.almostreliable.unified.compat.AlmostJEI$Decorator for recipe type: industrialupgrade:smeltery_furnace
[11:52:59] [Render thread/INFO] [me.je.li.lo.re.AdvancedRegistration/]: Added recipe category decorator: class com.almostreliable.unified.compat.AlmostJEI$Decorator for recipe type: industrialupgrade:socket
[11:52:59] [Render thread/INFO] [me.je.li.lo.re.AdvancedRegistration/]: Added recipe category decorator: class com.almostreliable.unified.compat.AlmostJEI$Decorator for recipe type: industrialupgrade:solid_electrolyzer
[11:52:59] [Render thread/INFO] [me.je.li.lo.re.AdvancedRegistration/]: Added recipe category decorator: class com.almostreliable.unified.compat.AlmostJEI$Decorator for recipe type: industrialupgrade:solid_fluid_integrator
[11:52:59] [Render thread/INFO] [me.je.li.lo.re.AdvancedRegistration/]: Added recipe category decorator: class com.almostreliable.unified.compat.AlmostJEI$Decorator for recipe type: industrialupgrade:solid_matter
[11:52:59] [Render thread/INFO] [me.je.li.lo.re.AdvancedRegistration/]: Added recipe category decorator: class com.almostreliable.unified.compat.AlmostJEI$Decorator for recipe type: industrialupgrade:solid_mixer
[11:52:59] [Render thread/INFO] [me.je.li.lo.re.AdvancedRegistration/]: Added recipe category decorator: class com.almostreliable.unified.compat.AlmostJEI$Decorator for recipe type: industrialupgrade:space_body
[11:52:59] [Render thread/INFO] [me.je.li.lo.re.AdvancedRegistration/]: Added recipe category decorator: class com.almostreliable.unified.compat.AlmostJEI$Decorator for recipe type: industrialupgrade:squeezer
[11:52:59] [Render thread/INFO] [me.je.li.lo.re.AdvancedRegistration/]: Added recipe category decorator: class com.almostreliable.unified.compat.AlmostJEI$Decorator for recipe type: industrialupgrade:stamp
[11:52:59] [Render thread/INFO] [me.je.li.lo.re.AdvancedRegistration/]: Added recipe category decorator: class com.almostreliable.unified.compat.AlmostJEI$Decorator for recipe type: industrialupgrade:sunnarium
[11:52:59] [Render thread/INFO] [me.je.li.lo.re.AdvancedRegistration/]: Added recipe category decorator: class com.almostreliable.unified.compat.AlmostJEI$Decorator for recipe type: industrialupgrade:sunnarium_panel
[11:52:59] [Render thread/INFO] [me.je.li.lo.re.AdvancedRegistration/]: Added recipe category decorator: class com.almostreliable.unified.compat.AlmostJEI$Decorator for recipe type: industrialupgrade:synthesis
[11:52:59] [Render thread/INFO] [me.je.li.lo.re.AdvancedRegistration/]: Added recipe category decorator: class com.almostreliable.unified.compat.AlmostJEI$Decorator for recipe type: industrialupgrade:triple_solid_mixer
[11:52:59] [Render thread/INFO] [me.je.li.lo.re.AdvancedRegistration/]: Added recipe category decorator: class com.almostreliable.unified.compat.AlmostJEI$Decorator for recipe type: industrialupgrade:tuner
[11:52:59] [Render thread/INFO] [me.je.li.lo.re.AdvancedRegistration/]: Added recipe category decorator: class com.almostreliable.unified.compat.AlmostJEI$Decorator for recipe type: industrialupgrade:upgrade_block
[11:52:59] [Render thread/INFO] [me.je.li.lo.re.AdvancedRegistration/]: Added recipe category decorator: class com.almostreliable.unified.compat.AlmostJEI$Decorator for recipe type: industrialupgrade:upgrade_machine
[11:52:59] [Render thread/INFO] [me.je.li.lo.re.AdvancedRegistration/]: Added recipe category decorator: class com.almostreliable.unified.compat.AlmostJEI$Decorator for recipe type: industrialupgrade:upgrade_rover
[11:52:59] [Render thread/INFO] [me.je.li.lo.re.AdvancedRegistration/]: Added recipe category decorator: class com.almostreliable.unified.compat.AlmostJEI$Decorator for recipe type: industrialupgrade:vein
[11:52:59] [Render thread/INFO] [me.je.li.lo.re.AdvancedRegistration/]: Added recipe category decorator: class com.almostreliable.unified.compat.AlmostJEI$Decorator for recipe type: industrialupgrade:water_generator
[11:52:59] [Render thread/INFO] [me.je.li.lo.re.AdvancedRegistration/]: Added recipe category decorator: class com.almostreliable.unified.compat.AlmostJEI$Decorator for recipe type: industrialupgrade:water_rotors
[11:52:59] [Render thread/INFO] [me.je.li.lo.re.AdvancedRegistration/]: Added recipe category decorator: class com.almostreliable.unified.compat.AlmostJEI$Decorator for recipe type: industrialupgrade:water_rotors_upgrade
[11:52:59] [Render thread/INFO] [me.je.li.lo.re.AdvancedRegistration/]: Added recipe category decorator: class com.almostreliable.unified.compat.AlmostJEI$Decorator for recipe type: industrialupgrade:welding
[11:52:59] [Render thread/INFO] [me.je.li.lo.re.AdvancedRegistration/]: Added recipe category decorator: class com.almostreliable.unified.compat.AlmostJEI$Decorator for recipe type: industrialupgrade:wire_insulator
[11:52:59] [Render thread/INFO] [me.je.li.lo.re.AdvancedRegistration/]: Added recipe category decorator: class com.almostreliable.unified.compat.AlmostJEI$Decorator for recipe type: industrialupgrade:world_collector_aer
[11:52:59] [Render thread/INFO] [me.je.li.lo.re.AdvancedRegistration/]: Added recipe category decorator: class com.almostreliable.unified.compat.AlmostJEI$Decorator for recipe type: industrialupgrade:world_collector_aqua
[11:52:59] [Render thread/INFO] [me.je.li.lo.re.AdvancedRegistration/]: Added recipe category decorator: class com.almostreliable.unified.compat.AlmostJEI$Decorator for recipe type: industrialupgrade:world_collector_crystalyzer
[11:52:59] [Render thread/INFO] [me.je.li.lo.re.AdvancedRegistration/]: Added recipe category decorator: class com.almostreliable.unified.compat.AlmostJEI$Decorator for recipe type: industrialupgrade:world_collector_earth
[11:52:59] [Render thread/INFO] [me.je.li.lo.re.AdvancedRegistration/]: Added recipe category decorator: class com.almostreliable.unified.compat.AlmostJEI$Decorator for recipe type: industrialupgrade:world_collector_end
[11:52:59] [Render thread/INFO] [me.je.li.lo.re.AdvancedRegistration/]: Added recipe category decorator: class com.almostreliable.unified.compat.AlmostJEI$Decorator for recipe type: industrialupgrade:world_collector_nether
[11:52:59] [Render thread/INFO] [me.je.li.lo.re.AdvancedRegistration/]: Added recipe category decorator: class com.almostreliable.unified.compat.AlmostJEI$Decorator for recipe type: industrialupgrade:scrapbox
[11:52:59] [Render thread/INFO] [me.je.li.lo.re.AdvancedRegistration/]: Added recipe category decorator: class com.almostreliable.unified.compat.AlmostJEI$Decorator for recipe type: industrialupgrade:environmental_transformations
[11:52:59] [Render thread/INFO] [me.je.li.lo.re.AdvancedRegistration/]: Added recipe category decorator: class com.almostreliable.unified.compat.AlmostJEI$Decorator for recipe type: thermal:furnace
[11:52:59] [Render thread/INFO] [me.je.li.lo.re.AdvancedRegistration/]: Added recipe category decorator: class com.almostreliable.unified.compat.AlmostJEI$Decorator for recipe type: thermal:sawmill
[11:52:59] [Render thread/INFO] [me.je.li.lo.re.AdvancedRegistration/]: Added recipe category decorator: class com.almostreliable.unified.compat.AlmostJEI$Decorator for recipe type: thermal:pulverizer
[11:52:59] [Render thread/INFO] [me.je.li.lo.re.AdvancedRegistration/]: Added recipe category decorator: class com.almostreliable.unified.compat.AlmostJEI$Decorator for recipe type: thermal:smelter
[11:52:59] [Render thread/INFO] [me.je.li.lo.re.AdvancedRegistration/]: Added recipe category decorator: class com.almostreliable.unified.compat.AlmostJEI$Decorator for recipe type: thermal:insolator
[11:52:59] [Render thread/INFO] [me.je.li.lo.re.AdvancedRegistration/]: Added recipe category decorator: class com.almostreliable.unified.compat.AlmostJEI$Decorator for recipe type: thermal:centrifuge
[11:52:59] [Render thread/INFO] [me.je.li.lo.re.AdvancedRegistration/]: Added recipe category decorator: class com.almostreliable.unified.compat.AlmostJEI$Decorator for recipe type: thermal:press
[11:52:59] [Render thread/INFO] [me.je.li.lo.re.AdvancedRegistration/]: Added recipe category decorator: class com.almostreliable.unified.compat.AlmostJEI$Decorator for recipe type: thermal:crucible
[11:52:59] [Render thread/INFO] [me.je.li.lo.re.AdvancedRegistration/]: Added recipe category decorator: class com.almostreliable.unified.compat.AlmostJEI$Decorator for recipe type: thermal:chiller
[11:52:59] [Render thread/INFO] [me.je.li.lo.re.AdvancedRegistration/]: Added recipe category decorator: class com.almostreliable.unified.compat.AlmostJEI$Decorator for recipe type: thermal:refinery
[11:52:59] [Render thread/INFO] [me.je.li.lo.re.AdvancedRegistration/]: Added recipe category decorator: class com.almostreliable.unified.compat.AlmostJEI$Decorator for recipe type: thermal:pyrolyzer
[11:52:59] [Render thread/INFO] [me.je.li.lo.re.AdvancedRegistration/]: Added recipe category decorator: class com.almostreliable.unified.compat.AlmostJEI$Decorator for recipe type: thermal:bottler
[11:52:59] [Render thread/INFO] [me.je.li.lo.re.AdvancedRegistration/]: Added recipe category decorator: class com.almostreliable.unified.compat.AlmostJEI$Decorator for recipe type: thermal:brewer
[11:52:59] [Render thread/INFO] [me.je.li.lo.re.AdvancedRegistration/]: Added recipe category decorator: class com.almostreliable.unified.compat.AlmostJEI$Decorator for recipe type: thermal:crystallizer
[11:52:59] [Render thread/INFO] [me.je.li.lo.re.AdvancedRegistration/]: Added recipe category decorator: class com.almostreliable.unified.compat.AlmostJEI$Decorator for recipe type: thermal:pulverizer_catalyst
[11:52:59] [Render thread/INFO] [me.je.li.lo.re.AdvancedRegistration/]: Added recipe category decorator: class com.almostreliable.unified.compat.AlmostJEI$Decorator for recipe type: thermal:smelter_catalyst
[11:52:59] [Render thread/INFO] [me.je.li.lo.re.AdvancedRegistration/]: Added recipe category decorator: class com.almostreliable.unified.compat.AlmostJEI$Decorator for recipe type: thermal:insolator_catalyst
[11:52:59] [Render thread/INFO] [me.je.li.lo.re.AdvancedRegistration/]: Added recipe category decorator: class com.almostreliable.unified.compat.AlmostJEI$Decorator for recipe type: thermal:stirling_fuel
[11:52:59] [Render thread/INFO] [me.je.li.lo.re.AdvancedRegistration/]: Added recipe category decorator: class com.almostreliable.unified.compat.AlmostJEI$Decorator for recipe type: thermal:compression_fuel
[11:52:59] [Render thread/INFO] [me.je.li.lo.re.AdvancedRegistration/]: Added recipe category decorator: class com.almostreliable.unified.compat.AlmostJEI$Decorator for recipe type: thermal:magmatic_fuel
[11:52:59] [Render thread/INFO] [me.je.li.lo.re.AdvancedRegistration/]: Added recipe category decorator: class com.almostreliable.unified.compat.AlmostJEI$Decorator for recipe type: thermal:numismatic_fuel
[11:52:59] [Render thread/INFO] [me.je.li.lo.re.AdvancedRegistration/]: Added recipe category decorator: class com.almostreliable.unified.compat.AlmostJEI$Decorator for recipe type: thermal:lapidary_fuel
[11:52:59] [Render thread/INFO] [me.je.li.lo.re.AdvancedRegistration/]: Added recipe category decorator: class com.almostreliable.unified.compat.AlmostJEI$Decorator for recipe type: thermal:disenchantment_fuel
[11:52:59] [Render thread/INFO] [me.je.li.lo.re.AdvancedRegistration/]: Added recipe category decorator: class com.almostreliable.unified.compat.AlmostJEI$Decorator for recipe type: thermal:gourmand_fuel
[11:52:59] [Render thread/INFO] [me.je.li.lo.re.AdvancedRegistration/]: Added recipe category decorator: class com.almostreliable.unified.compat.AlmostJEI$Decorator for recipe type: jei:information
[11:52:59] [Render thread/INFO] [me.je.li.lo.PluginCaller/]: Registering advanced plugins: almostunified:jei took 27.89 ms
[11:52:59] [Render thread/INFO] [me.je.li.lo.PluginCaller/]: Registering advanced plugins: jei:debug ...
[11:52:59] [Render thread/INFO] [me.je.li.lo.PluginCaller/]: Registering advanced plugins: jei:debug took 10.50 ?s
[11:52:59] [Render thread/INFO] [me.je.li.lo.PluginCaller/]: Registering advanced plugins: jei:gui ...
[11:52:59] [Render thread/INFO] [me.je.li.lo.PluginCaller/]: Registering advanced plugins: jei:gui took 3.899 ?s
[11:52:59] [Render thread/INFO] [me.je.li.lo.PluginCaller/]: Registering advanced plugins: jei:forge_gui ...
[11:52:59] [Render thread/INFO] [me.je.li.lo.PluginCaller/]: Registering advanced plugins: jei:forge_gui took 3.399 ?s
[11:52:59] [Render thread/INFO] [me.je.li.lo.PluginCaller/]: Registering advanced plugins: ae2:core ...
[11:52:59] [Render thread/INFO] [me.je.li.lo.re.AdvancedRegistration/]: Added recipe manager plugin: class appeng.integration.modules.jei.FacadeRegistryPlugin
[11:52:59] [Render thread/INFO] [me.je.li.lo.PluginCaller/]: Registering advanced plugins: ae2:core took 873.2 ?s
[11:52:59] [Render thread/INFO] [me.je.li.lo.PluginCaller/]: Registering advanced plugins: industrialupgrade:jei ...
[11:52:59] [Render thread/INFO] [me.je.li.lo.PluginCaller/]: Registering advanced plugins: industrialupgrade:jei took 5.000 ?s
[11:52:59] [Render thread/INFO] [me.je.li.lo.PluginCaller/]: Registering advanced plugins: thermal:expansion ...
[11:52:59] [Render thread/INFO] [me.je.li.lo.re.AdvancedRegistration/]: Added recipe manager plugin: class cofh.thermal.expansion.compat.jei.machine.PotionFluidRecipeManagerPlugin
[11:52:59] [Render thread/INFO] [me.je.li.lo.PluginCaller/]: Registering advanced plugins: thermal:expansion took 869.8 ?s
[11:52:59] [Render thread/INFO] [me.je.li.lo.PluginCaller/]: Registering advanced plugins: jei:internal ...
[11:52:59] [Render thread/INFO] [me.je.li.lo.PluginCaller/]: Registering advanced plugins: jei:internal took 5.200 ?s
[11:52:59] [Render thread/INFO] [me.je.co.ut.LoggedTimer/]: Building recipe registry...
[11:52:59] [Render thread/INFO] [me.je.co.ut.LoggedTimer/]: Building recipe registry took 12.91 ms
[11:52:59] [Render thread/INFO] [me.je.li.lo.PluginCaller/]: Registering recipes: jei:minecraft ...
[11:52:59] [Render thread/INFO] [me.je.li.lo.PluginCaller/]: Registering recipes: jei:minecraft took 163.7 ms
[11:52:59] [Render thread/INFO] [me.je.li.lo.PluginCaller/]: Registering recipes: createbigcannons:jei_plugin ...
[11:52:59] [Render thread/INFO] [me.je.li.lo.PluginCaller/]: Registering recipes: createbigcannons:jei_plugin took 12.82 ms
[11:52:59] [Render thread/INFO] [me.je.li.lo.PluginCaller/]: Registering recipes: quarryplus:jei_recipe ...
[11:52:59] [Render thread/INFO] [me.je.li.lo.PluginCaller/]: Registering recipes: quarryplus:jei_recipe took 3.148 ms
[11:52:59] [Render thread/INFO] [me.je.li.lo.PluginCaller/]: Registering recipes: tacz:jei ...
[11:52:59] [Render thread/INFO] [me.je.li.lo.PluginCaller/]: Registering recipes: tacz:jei took 11.69 ms
[11:52:59] [Render thread/INFO] [me.je.li.lo.PluginCaller/]: Registering recipes: waystones:jei ...
[11:52:59] [Render thread/INFO] [me.je.li.lo.PluginCaller/]: Registering recipes: waystones:jei took 118.8 ?s
[11:52:59] [Render thread/INFO] [me.je.li.lo.PluginCaller/]: Registering recipes: hordes:infection ...
[11:52:59] [Render thread/INFO] [me.je.li.lo.PluginCaller/]: Registering recipes: hordes:infection took 284.5 ?s
[11:52:59] [Render thread/INFO] [me.je.li.lo.PluginCaller/]: Registering recipes: minecraft:jeresources ...
[11:52:59] [Render thread/INFO] [me.je.li.lo.PluginCaller/]: Registering recipes: minecraft:jeresources took 86.12 ms
[11:52:59] [Render thread/INFO] [me.je.li.lo.PluginCaller/]: Registering recipes: cofh_core:default ...
[11:52:59] [Render thread/INFO] [me.je.li.lo.PluginCaller/]: Registering recipes: cofh_core:default took 5.500 ?s
[11:52:59] [Render thread/INFO] [me.je.li.lo.PluginCaller/]: Registering recipes: thermal:core ...
[11:52:59] [Render thread/INFO] [me.je.li.lo.PluginCaller/]: Registering recipes: thermal:core took 464.9 ?s
[11:52:59] [Render thread/INFO] [me.je.li.lo.PluginCaller/]: Registering recipes: waila:jei ...
[11:52:59] [Render thread/INFO] [me.je.li.lo.PluginCaller/]: Registering recipes: waila:jei took 3.700 ?s
[11:52:59] [Render thread/INFO] [me.je.li.lo.PluginCaller/]: Registering recipes: curios:curios ...
[11:52:59] [Render thread/INFO] [me.je.li.lo.PluginCaller/]: Registering recipes: curios:curios took 3.500 ?s
[11:52:59] [Render thread/INFO] [me.je.li.lo.PluginCaller/]: Registering recipes: create:jei_plugin ...
[11:52:59] [Render thread/INFO] [me.je.li.lo.PluginCaller/]: Registering recipes: create:jei_plugin took 151.4 ms
[11:52:59] [Render thread/INFO] [me.je.li.lo.PluginCaller/]: Registering recipes: ic2:plugin ...
[11:52:59] [Render thread/INFO] [me.je.li.lo.PluginCaller/]: Registering recipes: ic2:plugin took 1.550 ms
[11:52:59] [Render thread/INFO] [me.je.li.lo.PluginCaller/]: Registering recipes: almostunified:jei ...
[11:52:59] [Render thread/INFO] [me.je.li.lo.PluginCaller/]: Registering recipes: almostunified:jei took 3.800 ?s
[11:52:59] [Render thread/INFO] [me.je.li.lo.PluginCaller/]: Registering recipes: jei:debug ...
[11:52:59] [Render thread/INFO] [me.je.li.lo.PluginCaller/]: Registering recipes: jei:debug took 8.600 ?s
[11:52:59] [Render thread/INFO] [me.je.li.lo.PluginCaller/]: Registering recipes: jei:gui ...
[11:52:59] [Render thread/INFO] [me.je.li.lo.PluginCaller/]: Registering recipes: jei:gui took 3.800 ?s
[11:52:59] [Render thread/INFO] [me.je.li.lo.PluginCaller/]: Registering recipes: jei:forge_gui ...
[11:52:59] [Render thread/INFO] [me.je.li.lo.PluginCaller/]: Registering recipes: jei:forge_gui took 3.700 ?s
[11:52:59] [Render thread/INFO] [me.je.li.lo.PluginCaller/]: Registering recipes: ae2:core ...
[11:52:59] [Render thread/INFO] [me.je.li.lo.PluginCaller/]: Registering recipes: ae2:core took 20.27 ms
[11:52:59] [Render thread/INFO] [me.je.li.lo.PluginCaller/]: Registering recipes: industrialupgrade:jei ...
There is no recipe category registered for: RecipeType[uid=industrialupgrade:anti_upgrade, recipeClass=class com.denfop.integration.jei.antiupgradeblock.AntiUpgradeBlockHandler]
A recipe category must be registered in order to use this recipe type.
[11:52:59] [Render thread/INFO] [me.je.li.lo.PluginCaller/]: Registering recipes: industrialupgrade:jei took 99.88 ms
[11:52:59] [Render thread/INFO] [me.je.li.lo.PluginCaller/]: Registering recipes: thermal:expansion ...
[11:52:59] [Render thread/INFO] [me.je.li.lo.PluginCaller/]: Registering recipes: thermal:expansion took 9.049 ms
[11:52:59] [Render thread/INFO] [me.je.li.lo.PluginCaller/]: Registering recipes: jei:internal ...
[11:52:59] [Render thread/INFO] [me.je.li.lo.PluginCaller/]: Registering recipes: jei:internal took 5.701 ?s
[11:52:59] [Render thread/INFO] [me.je.li.lo.PluginCaller/]: Registering recipes transfer handlers: jei:minecraft ...
[11:52:59] [Render thread/INFO] [me.je.li.lo.PluginCaller/]: Registering recipes transfer handlers: jei:minecraft took 1.374 ms
[11:52:59] [Render thread/INFO] [me.je.li.lo.PluginCaller/]: Registering recipes transfer handlers: createbigcannons:jei_plugin ...
[11:52:59] [Render thread/INFO] [me.je.li.lo.PluginCaller/]: Registering recipes transfer handlers: createbigcannons:jei_plugin took 6.800 ?s
[11:52:59] [Render thread/INFO] [me.je.li.lo.PluginCaller/]: Registering recipes transfer handlers: quarryplus:jei_recipe ...
[11:52:59] [Render thread/INFO] [me.je.li.lo.PluginCaller/]: Registering recipes transfer handlers: quarryplus:jei_recipe took 5.301 ?s
[11:52:59] [Render thread/INFO] [me.je.li.lo.PluginCaller/]: Registering recipes transfer handlers: tacz:jei ...
[11:52:59] [Render thread/INFO] [me.je.li.lo.PluginCaller/]: Registering recipes transfer handlers: tacz:jei took 3.600 ?s
[11:52:59] [Render thread/INFO] [me.je.li.lo.PluginCaller/]: Registering recipes transfer handlers: waystones:jei ...
[11:52:59] [Render thread/INFO] [me.je.li.lo.PluginCaller/]: Registering recipes transfer handlers: waystones:jei took 3.701 ?s
[11:52:59] [Render thread/INFO] [me.je.li.lo.PluginCaller/]: Registering recipes transfer handlers: hordes:infection ...
[11:52:59] [Render thread/INFO] [me.je.li.lo.PluginCaller/]: Registering recipes transfer handlers: hordes:infection took 4.200 ?s
[11:52:59] [Render thread/INFO] [me.je.li.lo.PluginCaller/]: Registering recipes transfer handlers: minecraft:jeresources ...
[11:52:59] [Render thread/INFO] [me.je.li.lo.PluginCaller/]: Registering recipes transfer handlers: minecraft:jeresources took 3.500 ?s
[11:52:59] [Render thread/INFO] [me.je.li.lo.PluginCaller/]: Registering recipes transfer handlers: cofh_core:default ...
[11:52:59] [Render thread/INFO] [me.je.li.lo.PluginCaller/]: Registering recipes transfer handlers: cofh_core:default took 4.600 ?s
[11:52:59] [Render thread/INFO] [me.je.li.lo.PluginCaller/]: Registering recipes transfer handlers: thermal:core ...
[11:52:59] [Render thread/INFO] [me.je.li.lo.PluginCaller/]: Registering recipes transfer handlers: thermal:core took 3.999 ?s
[11:52:59] [Render thread/INFO] [me.je.li.lo.PluginCaller/]: Registering recipes transfer handlers: waila:jei ...
[11:52:59] [Render thread/INFO] [me.je.li.lo.PluginCaller/]: Registering recipes transfer handlers: waila:jei took 4.599 ?s
[11:52:59] [Render thread/INFO] [me.je.li.lo.PluginCaller/]: Registering recipes transfer handlers: curios:curios ...
[11:52:59] [Render thread/INFO] [me.je.li.lo.PluginCaller/]: Registering recipes transfer handlers: curios:curios took 3.699 ?s
[11:52:59] [Render thread/INFO] [me.je.li.lo.PluginCaller/]: Registering recipes transfer handlers: create:jei_plugin ...
[11:52:59] [Render thread/INFO] [me.je.li.lo.PluginCaller/]: Registering recipes transfer handlers: create:jei_plugin took 629.0 ?s
[11:52:59] [Render thread/INFO] [me.je.li.lo.PluginCaller/]: Registering recipes transfer handlers: ic2:plugin ...
[11:52:59] [Render thread/INFO] [me.je.li.lo.PluginCaller/]: Registering recipes transfer handlers: ic2:plugin took 4.101 ?s
[11:52:59] [Render thread/INFO] [me.je.li.lo.PluginCaller/]: Registering recipes transfer handlers: almostunified:jei ...
[11:52:59] [Render thread/INFO] [me.je.li.lo.PluginCaller/]: Registering recipes transfer handlers: almostunified:jei took 4.501 ?s
[11:52:59] [Render thread/INFO] [me.je.li.lo.PluginCaller/]: Registering recipes transfer handlers: jei:debug ...
[11:52:59] [Render thread/INFO] [me.je.li.lo.PluginCaller/]: Registering recipes transfer handlers: jei:debug took 3.801 ?s
[11:52:59] [Render thread/INFO] [me.je.li.lo.PluginCaller/]: Registering recipes transfer handlers: jei:gui ...
[11:52:59] [Render thread/INFO] [me.je.li.lo.PluginCaller/]: Registering recipes transfer handlers: jei:gui took 5.801 ?s
[11:52:59] [Render thread/INFO] [me.je.li.lo.PluginCaller/]: Registering recipes transfer handlers: jei:forge_gui ...
[11:52:59] [Render thread/INFO] [me.je.li.lo.PluginCaller/]: Registering recipes transfer handlers: jei:forge_gui took 3.700 ?s
[11:52:59] [Render thread/INFO] [me.je.li.lo.PluginCaller/]: Registering recipes transfer handlers: ae2:core ...
[11:52:59] [Render thread/INFO] [me.je.li.lo.PluginCaller/]: Registering recipes transfer handlers: ae2:core took 1.513 ms
[11:52:59] [Render thread/INFO] [me.je.li.lo.PluginCaller/]: Registering recipes transfer handlers: industrialupgrade:jei ...
[11:52:59] [Render thread/INFO] [me.je.li.lo.PluginCaller/]: Registering recipes transfer handlers: industrialupgrade:jei took 5.600 ?s
[11:52:59] [Render thread/INFO] [me.je.li.lo.PluginCaller/]: Registering recipes transfer handlers: thermal:expansion ...
[11:52:59] [Render thread/INFO] [me.je.li.lo.PluginCaller/]: Registering recipes transfer handlers: thermal:expansion took 3.401 ?s
[11:52:59] [Render thread/INFO] [me.je.li.lo.PluginCaller/]: Registering recipes transfer handlers: jei:internal ...
[11:52:59] [Render thread/INFO] [me.je.li.lo.PluginCaller/]: Registering recipes transfer handlers: jei:internal took 3.500 ?s
[11:52:59] [Render thread/INFO] [me.je.co.ut.LoggedTimer/]: Building runtime...
[11:52:59] [Render thread/INFO] [me.je.li.lo.PluginCaller/]: Registering gui handlers: jei:minecraft ...
[11:52:59] [Render thread/INFO] [me.je.li.lo.PluginCaller/]: Registering gui handlers: jei:minecraft took 1.264 ms
[11:52:59] [Render thread/INFO] [me.je.li.lo.PluginCaller/]: Registering gui handlers: createbigcannons:jei_plugin ...
[11:52:59] [Render thread/INFO] [me.je.li.lo.PluginCaller/]: Registering gui handlers: createbigcannons:jei_plugin took 4.899 ?s
[11:52:59] [Render thread/INFO] [me.je.li.lo.PluginCaller/]: Registering gui handlers: quarryplus:jei_recipe ...
[11:52:59] [Render thread/INFO] [me.je.li.lo.PluginCaller/]: Registering gui handlers: quarryplus:jei_recipe took 17.30 ?s
[11:52:59] [Render thread/INFO] [me.je.li.lo.PluginCaller/]: Registering gui handlers: tacz:jei ...
[11:52:59] [Render thread/INFO] [me.je.li.lo.PluginCaller/]: Registering gui handlers: tacz:jei took 3.600 ?s
[11:52:59] [Render thread/INFO] [me.je.li.lo.PluginCaller/]: Registering gui handlers: waystones:jei ...
[11:52:59] [Render thread/INFO] [me.je.li.lo.PluginCaller/]: Registering gui handlers: waystones:jei took 4.201 ?s
[11:52:59] [Render thread/INFO] [me.je.li.lo.PluginCaller/]: Registering gui handlers: hordes:infection ...
[11:52:59] [Render thread/INFO] [me.je.li.lo.PluginCaller/]: Registering gui handlers: hordes:infection took 4.201 ?s
[11:52:59] [Render thread/INFO] [me.je.li.lo.PluginCaller/]: Registering gui handlers: minecraft:jeresources ...
[11:52:59] [Render thread/INFO] [me.je.li.lo.PluginCaller/]: Registering gui handlers: minecraft:jeresources took 4.101 ?s
[11:52:59] [Render thread/INFO] [me.je.li.lo.PluginCaller/]: Registering gui handlers: cofh_core:default ...
[11:52:59] [Render thread/INFO] [me.je.li.lo.PluginCaller/]: Registering gui handlers: cofh_core:default took 530.8 ?s
[11:52:59] [Render thread/INFO] [me.je.li.lo.PluginCaller/]: Registering gui handlers: thermal:core ...
[11:52:59] [Render thread/INFO] [me.je.li.lo.PluginCaller/]: Registering gui handlers: thermal:core took 22.20 ?s
[11:52:59] [Render thread/INFO] [me.je.li.lo.PluginCaller/]: Registering gui handlers: waila:jei ...
[11:52:59] [Render thread/INFO] [me.je.li.lo.PluginCaller/]: Registering gui handlers: waila:jei took 3.501 ?s
[11:52:59] [Render thread/INFO] [me.je.li.lo.PluginCaller/]: Registering gui handlers: curios:curios ...
[11:52:59] [Render thread/INFO] [me.je.li.lo.PluginCaller/]: Registering gui handlers: curios:curios took 326.7 ?s
[11:52:59] [Render thread/INFO] [me.je.li.lo.PluginCaller/]: Registering gui handlers: create:jei_plugin ...
[11:52:59] [Render thread/INFO] [me.je.li.lo.PluginCaller/]: Registering gui handlers: create:jei_plugin took 462.0 ?s
[11:52:59] [Render thread/INFO] [me.je.li.lo.PluginCaller/]: Registering gui handlers: ic2:plugin ...
[11:52:59] [Render thread/INFO] [me.je.li.lo.PluginCaller/]: Registering gui handlers: ic2:plugin took 4.199 ?s
[11:52:59] [Render thread/INFO] [me.je.li.lo.PluginCaller/]: Registering gui handlers: almostunified:jei ...
[11:52:59] [Render thread/INFO] [me.je.li.lo.PluginCaller/]: Registering gui handlers: almostunified:jei took 3.800 ?s
[11:52:59] [Render thread/INFO] [me.je.li.lo.PluginCaller/]: Registering gui handlers: jei:debug ...
[11:52:59] [Render thread/INFO] [me.je.li.lo.PluginCaller/]: Registering gui handlers: jei:debug took 8.700 ?s
[11:52:59] [Render thread/INFO] [me.je.li.lo.PluginCaller/]: Registering gui handlers: jei:gui ...
[11:52:59] [Render thread/INFO] [me.je.li.lo.PluginCaller/]: Registering gui handlers: jei:gui took 2.923 ms
[11:52:59] [Render thread/INFO] [me.je.li.lo.PluginCaller/]: Registering gui handlers: jei:forge_gui ...
[11:52:59] [Render thread/INFO] [me.je.li.lo.PluginCaller/]: Registering gui handlers: jei:forge_gui took 3.900 ?s
[11:52:59] [Render thread/INFO] [me.je.li.lo.PluginCaller/]: Registering gui handlers: ae2:core ...
[11:52:59] [Render thread/INFO] [me.je.li.lo.PluginCaller/]: Registering gui handlers: ae2:core took 521.2 ?s
[11:52:59] [Render thread/INFO] [me.je.li.lo.PluginCaller/]: Registering gui handlers: industrialupgrade:jei ...
[11:52:59] [Render thread/INFO] [me.je.li.lo.PluginCaller/]: Registering gui handlers: industrialupgrade:jei took 4.500 ?s
[11:52:59] [Render thread/INFO] [me.je.li.lo.PluginCaller/]: Registering gui handlers: thermal:expansion ...
[11:52:59] [Render thread/INFO] [me.je.li.lo.PluginCaller/]: Registering gui handlers: thermal:expansion took 83.80 ?s
[11:52:59] [Render thread/INFO] [me.je.li.lo.PluginCaller/]: Registering gui handlers: jei:internal ...
[11:52:59] [Render thread/INFO] [me.je.li.lo.PluginCaller/]: Registering gui handlers: jei:internal took 4.300 ?s
[11:52:59] [Render thread/INFO] [me.je.li.lo.PluginCaller/]: Registering Runtime: jei:minecraft ...
[11:52:59] [Render thread/INFO] [me.je.li.lo.PluginCaller/]: Registering Runtime: jei:minecraft took 10.30 ?s
[11:52:59] [Render thread/INFO] [me.je.li.lo.PluginCaller/]: Registering Runtime: createbigcannons:jei_plugin ...
[11:52:59] [Render thread/INFO] [me.je.li.lo.PluginCaller/]: Registering Runtime: createbigcannons:jei_plugin took 3.400 ?s
[11:52:59] [Render thread/INFO] [me.je.li.lo.PluginCaller/]: Registering Runtime: quarryplus:jei_recipe ...
[11:52:59] [Render thread/INFO] [me.je.li.lo.PluginCaller/]: Registering Runtime: quarryplus:jei_recipe took 4.300 ?s
[11:52:59] [Render thread/INFO] [me.je.li.lo.PluginCaller/]: Registering Runtime: tacz:jei ...
[11:52:59] [Render thread/INFO] [me.je.li.lo.PluginCaller/]: Registering Runtime: tacz:jei took 3.399 ?s
[11:52:59] [Render thread/INFO] [me.je.li.lo.PluginCaller/]: Registering Runtime: waystones:jei ...
[11:52:59] [Render thread/INFO] [me.je.li.lo.PluginCaller/]: Registering Runtime: waystones:jei took 11.40 ?s
[11:52:59] [Render thread/INFO] [me.je.li.lo.PluginCaller/]: Registering Runtime: hordes:infection ...
[11:52:59] [Render thread/INFO] [me.je.li.lo.PluginCaller/]: Registering Runtime: hordes:infection took 5.600 ?s
[11:52:59] [Render thread/INFO] [me.je.li.lo.PluginCaller/]: Registering Runtime: minecraft:jeresources ...
[11:52:59] [Render thread/INFO] [me.je.li.lo.PluginCaller/]: Registering Runtime: minecraft:jeresources took 18.00 ?s
[11:52:59] [Render thread/INFO] [me.je.li.lo.PluginCaller/]: Registering Runtime: cofh_core:default ...
[11:52:59] [Render thread/INFO] [me.je.li.lo.PluginCaller/]: Registering Runtime: cofh_core:default took 2.801 ?s
[11:52:59] [Render thread/INFO] [me.je.li.lo.PluginCaller/]: Registering Runtime: thermal:core ...
[11:52:59] [Render thread/INFO] [me.je.li.lo.PluginCaller/]: Registering Runtime: thermal:core took 2.700 ?s
[11:52:59] [Render thread/INFO] [me.je.li.lo.PluginCaller/]: Registering Runtime: waila:jei ...
[11:52:59] [Render thread/INFO] [me.je.li.lo.PluginCaller/]: Registering Runtime: waila:jei took 2.701 ?s
[11:52:59] [Render thread/INFO] [me.je.li.lo.PluginCaller/]: Registering Runtime: curios:curios ...
[11:52:59] [Render thread/INFO] [me.je.li.lo.PluginCaller/]: Registering Runtime: curios:curios took 2.701 ?s
[11:52:59] [Render thread/INFO] [me.je.li.lo.PluginCaller/]: Registering Runtime: create:jei_plugin ...
[11:52:59] [Render thread/INFO] [me.je.li.lo.PluginCaller/]: Registering Runtime: create:jei_plugin took 2.600 ?s
[11:52:59] [Render thread/INFO] [me.je.li.lo.PluginCaller/]: Registering Runtime: ic2:plugin ...
[11:52:59] [Render thread/INFO] [me.je.li.lo.PluginCaller/]: Registering Runtime: ic2:plugin took 2.800 ?s
[11:52:59] [Render thread/INFO] [me.je.li.lo.PluginCaller/]: Registering Runtime: almostunified:jei ...
[11:52:59] [Render thread/INFO] [me.je.li.lo.PluginCaller/]: Registering Runtime: almostunified:jei took 2.699 ?s
[11:52:59] [Render thread/INFO] [me.je.li.lo.PluginCaller/]: Registering Runtime: jei:debug ...
[11:52:59] [Render thread/INFO] [me.je.li.lo.PluginCaller/]: Registering Runtime: jei:debug took 2.901 ?s
[11:52:59] [Render thread/INFO] [me.je.li.lo.PluginCaller/]: Registering Runtime: jei:gui ...
[11:52:59] [Render thread/INFO] [me.je.li.lo.PluginCaller/]: Registering Runtime: jei:gui took 2.599 ?s
[11:52:59] [Render thread/INFO] [me.je.li.lo.PluginCaller/]: Registering Runtime: jei:forge_gui ...
[11:52:59] [Render thread/INFO] [me.je.gu.st.JeiGuiStarter/]: Starting JEI GUI
[11:52:59] [Render thread/INFO] [me.je.co.ut.LoggedTimer/]: Building ingredient list...
[11:52:59] [Render thread/INFO] [me.je.co.ut.LoggedTimer/]: Building ingredient list took 29.42 ms
[11:52:59] [Render thread/INFO] [me.je.co.ut.LoggedTimer/]: Building ingredient filter...
[11:52:59] [Render thread/INFO] [me.je.gu.in.IngredientFilter/]: Adding 10998 ingredients
[11:53:00] [Render thread/INFO] [me.je.gu.in.IngredientFilter/]: Added 10998 ingredients
[11:53:00] [Render thread/INFO] [me.je.co.ut.LoggedTimer/]: Building ingredient filter took 630.3 ms
[11:53:00] [Render thread/INFO] [me.je.li.lo.PluginCaller/]: Registering Runtime: jei:forge_gui took 740.3 ms
[11:53:00] [Render thread/INFO] [me.je.li.lo.PluginCaller/]: Registering Runtime: ae2:core ...
[11:53:00] [Render thread/INFO] [me.je.li.lo.PluginCaller/]: Registering Runtime: ae2:core took 4.000 ?s
[11:53:00] [Render thread/INFO] [me.je.li.lo.PluginCaller/]: Registering Runtime: industrialupgrade:jei ...
[11:53:00] [Render thread/INFO] [me.je.li.lo.PluginCaller/]: Registering Runtime: industrialupgrade:jei took 2.901 ?s
[11:53:00] [Render thread/INFO] [me.je.li.lo.PluginCaller/]: Registering Runtime: thermal:expansion ...
[11:53:00] [Render thread/INFO] [me.je.li.lo.PluginCaller/]: Registering Runtime: thermal:expansion took 3.100 ?s
[11:53:00] [Render thread/INFO] [me.je.li.lo.PluginCaller/]: Registering Runtime: jei:internal ...
[11:53:00] [Render thread/INFO] [me.je.li.lo.PluginCaller/]: Registering Runtime: jei:internal took 2.800 ?s
[11:53:00] [Render thread/INFO] [me.je.co.ut.LoggedTimer/]: Building runtime took 759.1 ms
[11:53:00] [Render thread/INFO] [me.je.li.lo.PluginCaller/]: Sending Runtime: jei:minecraft ...
[11:53:00] [Render thread/INFO] [me.je.li.lo.PluginCaller/]: Sending Runtime: jei:minecraft took 9.800 ?s
[11:53:00] [Render thread/INFO] [me.je.li.lo.PluginCaller/]: Sending Runtime: createbigcannons:jei_plugin ...
[11:53:00] [Render thread/INFO] [me.je.li.lo.PluginCaller/]: Sending Runtime: createbigcannons:jei_plugin took 3.500 ?s
[11:53:00] [Render thread/INFO] [me.je.li.lo.PluginCaller/]: Sending Runtime: quarryplus:jei_recipe ...
[11:53:00] [Render thread/INFO] [me.je.li.lo.PluginCaller/]: Sending Runtime: quarryplus:jei_recipe took 5.101 ?s
[11:53:00] [Render thread/INFO] [me.je.li.lo.PluginCaller/]: Sending Runtime: tacz:jei ...
[11:53:00] [Render thread/INFO] [me.je.li.lo.PluginCaller/]: Sending Runtime: tacz:jei took 7.000 ?s
[11:53:00] [Render thread/INFO] [me.je.li.lo.PluginCaller/]: Sending Runtime: waystones:jei ...
[11:53:00] [Render thread/INFO] [me.je.li.lo.PluginCaller/]: Sending Runtime: waystones:jei took 10.90 ?s
[11:53:00] [Render thread/INFO] [me.je.li.lo.PluginCaller/]: Sending Runtime: hordes:infection ...
[11:53:00] [Render thread/INFO] [me.je.li.lo.PluginCaller/]: Sending Runtime: hordes:infection took 3.400 ?s
[11:53:00] [Render thread/INFO] [me.je.li.lo.PluginCaller/]: Sending Runtime: minecraft:jeresources ...
[11:53:00] [Render thread/INFO] [me.je.li.lo.PluginCaller/]: Sending Runtime: minecraft:jeresources took 10.90 ?s
[11:53:00] [Render thread/INFO] [me.je.li.lo.PluginCaller/]: Sending Runtime: cofh_core:default ...
[11:53:00] [Render thread/INFO] [me.je.li.lo.PluginCaller/]: Sending Runtime: cofh_core:default took 2.899 ?s
[11:53:00] [Render thread/INFO] [me.je.li.lo.PluginCaller/]: Sending Runtime: thermal:core ...
[11:53:00] [Render thread/INFO] [me.je.li.lo.PluginCaller/]: Sending Runtime: thermal:core took 3.300 ?s
[11:53:00] [Render thread/INFO] [me.je.li.lo.PluginCaller/]: Sending Runtime: waila:jei ...
[11:53:00] [Render thread/INFO] [mc.mo.wa.WailaClient/]: [WTHIT] Show recipe action set for Just Enough Items
[11:53:00] [Render thread/INFO] [me.je.li.lo.PluginCaller/]: Sending Runtime: waila:jei took 200.8 ?s
[11:53:00] [Render thread/INFO] [me.je.li.lo.PluginCaller/]: Sending Runtime: curios:curios ...
[11:53:00] [Render thread/INFO] [me.je.li.lo.PluginCaller/]: Sending Runtime: curios:curios took 5.000 ?s
[11:53:00] [Render thread/INFO] [me.je.li.lo.PluginCaller/]: Sending Runtime: create:jei_plugin ...
[11:53:00] [Render thread/INFO] [me.je.li.lo.PluginCaller/]: Sending Runtime: create:jei_plugin took 2.701 ?s
[11:53:00] [Render thread/INFO] [me.je.li.lo.PluginCaller/]: Sending Runtime: ic2:plugin ...
[11:53:00] [Render thread/INFO] [me.je.li.lo.PluginCaller/]: Sending Runtime: ic2:plugin took 2.701 ?s
[11:53:00] [Render thread/INFO] [me.je.li.lo.PluginCaller/]: Sending Runtime: almostunified:jei ...
[11:53:00] [Render thread/INFO] [AlmostUnified/]: [AutoHiding] Hiding 1/2 items for tag '#forge:storage_blocks/raw_lead' -> [industrialupgrade:raw_block/raw_lead]
[11:53:00] [Render thread/INFO] [AlmostUnified/]: [AutoHiding] Hiding 2/4 items for tag '#forge:ores/sulfur' -> [industrialupgrade:baseore2/sulfur, industrialupgrade:blockspace2/io_sulfur]
[11:53:00] [Render thread/INFO] [AlmostUnified/]: [AutoHiding] Hiding 2/3 items for tag '#forge:ingots/silver' -> [ic2:silver_ingot, industrialupgrade:itemingots/silver_ingot]
[11:53:00] [Render thread/INFO] [AlmostUnified/]: [AutoHiding] Hiding 2/3 items for tag '#forge:ingots/tin' -> [ic2:tin_ingot, industrialupgrade:itemingots/tin_ingot]
[11:53:00] [Render thread/INFO] [AlmostUnified/]: [AutoHiding] Hiding 1/2 items for tag '#forge:raw_materials/lead' -> [industrialupgrade:raw_metals/raw_lead]
[11:53:00] [Render thread/INFO] [AlmostUnified/]: [AutoHiding] Hiding 2/4 items for tag '#forge:ores/zinc' -> [industrialupgrade:blockspace/charon_zinc, industrialupgrade:baseore/zinc]
[11:53:00] [Render thread/INFO] [AlmostUnified/]: [AutoHiding] Hiding 1/2 items for tag '#forge:nuggets/electrum' -> [industrialupgrade:nugget/electrum]
[11:53:00] [Render thread/INFO] [AlmostUnified/]: [AutoHiding] Hiding 1/2 items for tag '#forge:gears/electrum' -> [industrialupgrade:gear/electrum]
[11:53:00] [Render thread/INFO] [AlmostUnified/]: [AutoHiding] Hiding 2/3 items for tag '#forge:dusts/iron' -> [industrialupgrade:itemdust/iron_dust, ic2:iron_dust]
[11:53:00] [Render thread/INFO] [AlmostUnified/]: [AutoHiding] Hiding 1/2 items for tag '#forge:dusts/nickel' -> [industrialupgrade:itemdust/nickel_dust]
[11:53:00] [Render thread/INFO] [AlmostUnified/]: [AutoHiding] Hiding 1/2 items for tag '#forge:storage_blocks/raw_zinc' -> [industrialupgrade:raw_block/raw_zinc]
[11:53:00] [Render thread/INFO] [AlmostUnified/]: [AutoHiding] Hiding 1/2 items for tag '#forge:gears/silver' -> [industrialupgrade:gear/silver]
[11:53:00] [Render thread/INFO] [AlmostUnified/]: [AutoHiding] Hiding 2/3 items for tag '#forge:dusts/emerald' -> [industrialupgrade:itemdust/emerald_dust, ic2:emerald_dust]
[11:53:00] [Render thread/INFO] [AlmostUnified/]: [AutoHiding] Hiding 1/2 items for tag '#forge:nuggets/copper' -> [thermal:copper_nugget]
[11:53:00] [Render thread/INFO] [AlmostUnified/]: [AutoHiding] Hiding 1/2 items for tag '#forge:nuggets/bronze' -> [createbigcannons:bronze_scrap]
[11:53:00] [Render thread/INFO] [AlmostUnified/]: [AutoHiding] Hiding 1/2 items for tag '#forge:storage_blocks/nickel' -> [industrialupgrade:baseblockingot/nickel]
[11:53:00] [Render thread/INFO] [AlmostUnified/]: [AutoHiding] Hiding 1/3 items for tag '#forge:ores/apatite' -> [industrialupgrade:blockspace2/haumea_apatite]
[11:53:00] [Render thread/INFO] [AlmostUnified/]: [AutoHiding] Hiding 2/3 items for tag '#forge:ingots/lead' -> [ic2:lead_ingot, industrialupgrade:itemingots/lead_ingot]
[11:53:00] [Render thread/INFO] [AlmostUnified/]: [AutoHiding] Hiding 3/4 items for tag '#forge:plates/iron' -> [ic2:iron_plate, industrialupgrade:itemplates/iron_plate, thermal:iron_plate]
[11:53:00] [Render thread/INFO] [AlmostUnified/]: [AutoHiding] Hiding 1/2 items for tag '#forge:storage_blocks/raw_nickel' -> [industrialupgrade:raw_block/raw_nickel]
[11:53:00] [Render thread/INFO] [AlmostUnified/]: [AutoHiding] Hiding 2/3 items for tag '#forge:dusts/copper' -> [industrialupgrade:itemdust/copper_dust, ic2:copper_dust]
[11:53:00] [Render thread/INFO] [AlmostUnified/]: [AutoHiding] Hiding 1/3 items for tag '#forge:ores/emerald' -> [industrialupgrade:blockspace2/io_emerald_ore]
[11:53:00] [Render thread/INFO] [AlmostUnified/]: [AutoHiding] Hiding 2/3 items for tag '#forge:dusts/gold' -> [ic2:gold_dust, industrialupgrade:itemdust/gold_dust]
[11:53:00] [Render thread/INFO] [AlmostUnified/]: [AutoHiding] Hiding 2/3 items for tag '#forge:plates/bronze' -> [industrialupgrade:itemplates/bronze_plate, ic2:bronze_plate]
[11:53:00] [Render thread/INFO] [AlmostUnified/]: [AutoHiding] Hiding 1/2 items for tag '#forge:storage_blocks/electrum' -> [industrialupgrade:baseblockingot/electrum]
[11:53:00] [Render thread/INFO] [AlmostUnified/]: [AutoHiding] Hiding 1/2 items for tag '#forge:ingots/invar' -> [industrialupgrade:itemingots/invar_ingot]
[11:53:00] [Render thread/INFO] [AlmostUnified/]: [AutoHiding] Hiding 2/4 items for tag '#forge:ores/silver' -> [industrialupgrade:blockspace2/makemake_silver, industrialupgrade:baseore/silver]
[11:53:00] [Render thread/INFO] [AlmostUnified/]: [AutoHiding] Hiding 1/2 items for tag '#forge:storage_blocks/zinc' -> [industrialupgrade:baseblockingot/zinc]
[11:53:00] [Render thread/INFO] [AlmostUnified/]: [AutoHiding] Hiding 1/2 items for tag '#forge:plates/silver' -> [industrialupgrade:itemplates/silver_plate]
[11:53:00] [Render thread/INFO] [AlmostUnified/]: [AutoHiding] Hiding 1/2 items for tag '#forge:gems/diamond' -> [ic2:industrial_diamond]
[11:53:00] [Render thread/INFO] [AlmostUnified/]: [AutoHiding] Hiding 4/6 items for tag '#forge:ores/lead' -> [ic2:deepslate_lead_ore, industrialupgrade:blockspace/dione_lead_ore, ic2:lead_ore, industrialupgrade:classicore/lead]
[11:53:00] [Render thread/INFO] [AlmostUnified/]: [AutoHiding] Hiding 1/2 items for tag '#forge:storage_blocks/tin' -> [industrialupgrade:blockresource/tin_block]
[11:53:00] [Render thread/INFO] [AlmostUnified/]: [AutoHiding] Hiding 1/2 items for tag '#forge:storage_blocks/raw_tin' -> [industrialupgrade:raw_block/raw_tin]
[11:53:00] [Render thread/INFO] [AlmostUnified/]: [AutoHiding] Hiding 2/3 items for tag '#forge:plates/lead' -> [ic2:lead_plate, industrialupgrade:itemplates/lead_plate]
[11:53:00] [Render thread/INFO] [AlmostUnified/]: [AutoHiding] Hiding 1/2 items for tag '#forge:plates/nickel' -> [industrialupgrade:itemplates/nickel_plate]
[11:53:00] [Render thread/INFO] [AlmostUnified/]: [AutoHiding] Hiding 1/2 items for tag '#forge:gems/sapphire' -> [industrialupgrade:preciousgem/sapphire_gem]
[11:53:00] [Render thread/INFO] [AlmostUnified/]: [AutoHiding] Hiding 1/2 items for tag '#forge:plates/electrum' -> [industrialupgrade:itemplates/electrum_plate]
[11:53:00] [Render thread/INFO] [AlmostUnified/]: [AutoHiding] Hiding 1/2 items for tag '#forge:storage_blocks/sapphire' -> [industrialupgrade:blockprecious/sapphire_block]
[11:53:00] [Render thread/INFO] [AlmostUnified/]: [AutoHiding] Hiding 1/2 items for tag '#forge:gears/nickel' -> [industrialupgrade:gear/nickel]
[11:53:00] [Render thread/INFO] [AlmostUnified/]: [AutoHiding] Hiding 2/3 items for tag '#forge:ingots/bronze' -> [industrialupgrade:itemingots/bronze_ingot, ic2:bronze_ingot]
[11:53:00] [Render thread/INFO] [AlmostUnified/]: [AutoHiding] Hiding 1/2 items for tag '#forge:raw_materials/tin' -> [industrialupgrade:raw_metals/raw_tin]
[11:53:00] [Render thread/INFO] [AlmostUnified/]: [AutoHiding] Hiding 1/2 items for tag '#forge:storage_blocks/raw_silver' -> [industrialupgrade:raw_block/raw_silver]
[11:53:00] [Render thread/INFO] [AlmostUnified/]: [AutoHiding] Hiding 1/3 items for tag '#forge:ores/ruby' -> [industrialupgrade:blockpreciousore/ruby_ore]
[11:53:00] [Render thread/INFO] [AlmostUnified/]: [AutoHiding] Hiding 2/3 items for tag '#forge:plates/obsidian' -> [ic2:obsidian_plate, industrialupgrade:itemplates/obsidian_plate]
[11:53:00] [Render thread/INFO] [AlmostUnified/]: [AutoHiding] Hiding 1/2 items for tag '#forge:ingots/electrum' -> [industrialupgrade:itemingots/electrum_ingot]
[11:53:00] [Render thread/INFO] [AlmostUnified/]: [AutoHiding] Hiding 1/2 items for tag '#forge:gems/ruby' -> [industrialupgrade:preciousgem/ruby_gem]
[11:53:00] [Render thread/INFO] [AlmostUnified/]: [AutoHiding] Hiding 1/2 items for tag '#forge:nuggets/silver' -> [industrialupgrade:nugget/silver]
[11:53:00] [Render thread/INFO] [AlmostUnified/]: [AutoHiding] Hiding 1/2 items for tag '#forge:raw_materials/nickel' -> [industrialupgrade:raw_metals/raw_nickel]
[11:53:00] [Render thread/INFO] [AlmostUnified/]: [AutoHiding] Hiding 4/6 items for tag '#forge:ores/tin' -> [industrialupgrade:blockspace3/moon_tin_ore, ic2:deepslate_tin_ore, industrialupgrade:classicore/tin, ic2:tin_ore]
[11:53:00] [Render thread/INFO] [AlmostUnified/]: [AutoHiding] Hiding 1/2 items for tag '#forge:storage_blocks/lead' -> [industrialupgrade:blockresource/lead_block]
[11:53:00] [Render thread/INFO] [AlmostUnified/]: [AutoHiding] Hiding 1/2 items for tag '#forge:nuggets/invar' -> [industrialupgrade:nugget/invar]
[11:53:00] [Render thread/INFO] [AlmostUnified/]: [AutoHiding] Hiding 2/3 items for tag '#forge:dusts/diamond' -> [industrialupgrade:itemdust/diamond_dust, ic2:diamond_dust]
[11:53:00] [Render thread/INFO] [AlmostUnified/]: [AutoHiding] Hiding 1/2 items for tag '#forge:dusts/electrum' -> [industrialupgrade:itemdust/electrum_dust]
[11:53:00] [Render thread/INFO] [AlmostUnified/]: [AutoHiding] Hiding 1/2 items for tag '#forge:storage_blocks/invar' -> [industrialupgrade:baseblockingot/invar]
[11:53:00] [Render thread/INFO] [AlmostUnified/]: [AutoHiding] Hiding 2/4 items for tag '#forge:ores/nickel' -> [industrialupgrade:blockspace4/titan_nickel_ore, industrialupgrade:baseore/nickel]
[11:53:00] [Render thread/INFO] [AlmostUnified/]: [AutoHiding] Hiding 2/3 items for tag '#forge:dusts/silver' -> [ic2:silver_dust, industrialupgrade:itemdust/silver_dust]
[11:53:00] [Render thread/INFO] [AlmostUnified/]: [AutoHiding] Hiding 1/2 items for tag '#forge:raw_materials/silver' -> [industrialupgrade:raw_metals/raw_silver]
[11:53:00] [Render thread/INFO] [AlmostUnified/]: [AutoHiding] Hiding 1/3 items for tag '#forge:ores/lapis' -> [industrialupgrade:blockspace/callisto_lapis_ore]
[11:53:00] [Render thread/INFO] [AlmostUnified/]: [AutoHiding] Hiding 1/2 items for tag '#forge:ingots/zinc' -> [industrialupgrade:itemingots/zinc_ingot]
[11:53:00] [Render thread/INFO] [AlmostUnified/]: [AutoHiding] Hiding 1/2 items for tag '#forge:storage_blocks/bronze' -> [industrialupgrade:blockresource/bronze_block]
[11:53:00] [Render thread/INFO] [AlmostUnified/]: [AutoHiding] Hiding 1/2 items for tag '#forge:dusts/bronze' -> [industrialupgrade:itemdust/bronze_dust]
[11:53:00] [Render thread/INFO] [AlmostUnified/]: [AutoHiding] Hiding 2/3 items for tag '#forge:dusts/lead' -> [industrialupgrade:itemdust/lead_dust, ic2:lead_dust]
[11:53:00] [Render thread/INFO] [AlmostUnified/]: [AutoHiding] Hiding 1/2 items for tag '#forge:storage_blocks/silver' -> [industrialupgrade:baseblockingot/silver]
[11:53:00] [Render thread/INFO] [AlmostUnified/]: [AutoHiding] Hiding 3/4 items for tag '#forge:plates/copper' -> [thermal:copper_plate, industrialupgrade:itemplates/copper_plate, ic2:copper_plate]
[11:53:00] [Render thread/INFO] [AlmostUnified/]: [AutoHiding] Hiding 2/3 items for tag '#forge:dusts/obsidian' -> [industrialupgrade:itemdust/obsidian_dust, ic2:obsidian_dust]
[11:53:00] [Render thread/INFO] [AlmostUnified/]: [AutoHiding] Hiding 1/3 items for tag '#forge:ores/iron' -> [industrialupgrade:blockspace/ceres_iron_ore]
[11:53:00] [Render thread/INFO] [AlmostUnified/]: [AutoHiding] Hiding 2/3 items for tag '#forge:plates/tin' -> [ic2:tin_plate, industrialupgrade:itemplates/tin_plate]
[11:53:00] [Render thread/INFO] [AlmostUnified/]: [AutoHiding] Hiding 3/6 items for tag '#forge:ores/gold' -> [industrialupgrade:blockspace2/makemake_gold, byg:blue_nether_gold_ore, byg:brimstone_nether_gold_ore]
[11:53:00] [Render thread/INFO] [AlmostUnified/]: [AutoHiding] Hiding 2/3 items for tag '#forge:dusts/sulfur' -> [ic2:sulfur_dust, industrialupgrade:itemdust/sulfur_dust]
[11:53:00] [Render thread/INFO] [AlmostUnified/]: [AutoHiding] Hiding 1/2 items for tag '#forge:dusts/invar' -> [industrialupgrade:itemdust/invar_dust]
[11:53:00] [Render thread/INFO] [AlmostUnified/]: [AutoHiding] Hiding 2/3 items for tag '#forge:dusts/lapis' -> [ic2:lapis_dust, industrialupgrade:itemdust/lapis_dust]
[11:53:00] [Render thread/INFO] [AlmostUnified/]: [AutoHiding] Hiding 1/3 items for tag '#forge:ores/copper' -> [industrialupgrade:blockspace/ceres_copper_ore]
[11:53:00] [Render thread/INFO] [AlmostUnified/]: [AutoHiding] Hiding 1/2 items for tag '#forge:gears/invar' -> [industrialupgrade:gear/invar]
[11:53:00] [Render thread/INFO] [AlmostUnified/]: [AutoHiding] Hiding 2/4 items for tag '#forge:ores/diamond' -> [industrialupgrade:blockspace2/haumea_diamond, industrialupgrade:blockspace4/venus_diamond_ore]
[11:53:00] [Render thread/INFO] [AlmostUnified/]: [AutoHiding] Hiding 1/2 items for tag '#forge:nuggets/nickel' -> [industrialupgrade:nugget/nickel]
[11:53:00] [Render thread/INFO] [AlmostUnified/]: [AutoHiding] Hiding 2/3 items for tag '#forge:dusts/tin' -> [ic2:tin_dust, industrialupgrade:itemdust/tin_dust]
[11:53:00] [Render thread/INFO] [AlmostUnified/]: [AutoHiding] Hiding 1/2 items for tag '#forge:ingots/nickel' -> [industrialupgrade:itemingots/nickel_ingot]
[11:53:00] [Render thread/INFO] [AlmostUnified/]: [AutoHiding] Hiding 1/2 items for tag '#forge:storage_blocks/ruby' -> [industrialupgrade:blockprecious/ruby_block]
[11:53:00] [Render thread/INFO] [AlmostUnified/]: [AutoHiding] Hiding 1/2 items for tag '#forge:nuggets/zinc' -> [industrialupgrade:nugget/zinc]
[11:53:00] [Render thread/INFO] [AlmostUnified/]: [AutoHiding] Hiding 3/4 items for tag '#forge:plates/gold' -> [thermal:gold_plate, ic2:gold_plate, industrialupgrade:itemplates/gold_plate]
[11:53:00] [Render thread/INFO] [AlmostUnified/]: [AutoHiding] Hiding 1/2 items for tag '#forge:plates/invar' -> [industrialupgrade:itemplates/invar_plate]
[11:53:00] [Render thread/INFO] [AlmostUnified/]: [AutoHiding] Hiding 1/2 items for tag '#forge:raw_materials/zinc' -> [industrialupgrade:raw_metals/raw_zinc]
[11:53:00] [Render thread/INFO] [AlmostUnified/]: [AutoHiding] Hiding 1/3 items for tag '#forge:ores/sapphire' -> [industrialupgrade:blockpreciousore/sapphire_ore]
[11:53:00] [Render thread/INFO] [me.je.li.in.IngredientManager/]: Ingredients are being removed at runtime: 121 net.minecraft.world.item.ItemStack
[11:53:00] [Render thread/INFO] [me.je.li.lo.PluginCaller/]: Sending Runtime: almostunified:jei took 20.87 ms
[11:53:00] [Render thread/INFO] [me.je.li.lo.PluginCaller/]: Sending Runtime: jei:debug ...
[11:53:00] [Render thread/INFO] [me.je.li.lo.PluginCaller/]: Sending Runtime: jei:debug took 6.099 ?s
[11:53:00] [Render thread/INFO] [me.je.li.lo.PluginCaller/]: Sending Runtime: jei:gui ...
[11:53:00] [Render thread/INFO] [me.je.li.lo.PluginCaller/]: Sending Runtime: jei:gui took 3.499 ?s
[11:53:00] [Render thread/INFO] [me.je.li.lo.PluginCaller/]: Sending Runtime: jei:forge_gui ...
[11:53:00] [Render thread/INFO] [me.je.li.lo.PluginCaller/]: Sending Runtime: jei:forge_gui took 2.701 ?s
[11:53:00] [Render thread/INFO] [me.je.li.lo.PluginCaller/]: Sending Runtime: ae2:core ...
[11:53:00] [Render thread/INFO] [me.je.li.in.IngredientManager/]: Ingredients are being removed at runtime: 9 net.minecraft.world.item.ItemStack
[11:53:00] [Render thread/INFO] [me.je.li.lo.PluginCaller/]: Sending Runtime: ae2:core took 39.19 ms
[11:53:00] [Render thread/INFO] [me.je.li.lo.PluginCaller/]: Sending Runtime: industrialupgrade:jei ...
[11:53:00] [Render thread/INFO] [me.je.li.lo.PluginCaller/]: Sending Runtime: industrialupgrade:jei took 4.901 ?s
[11:53:00] [Render thread/INFO] [me.je.li.lo.PluginCaller/]: Sending Runtime: thermal:expansion ...
[11:53:00] [Render thread/INFO] [me.je.li.lo.PluginCaller/]: Sending Runtime: thermal:expansion took 3.401 ?s
[11:53:00] [Render thread/INFO] [me.je.li.lo.PluginCaller/]: Sending Runtime: jei:internal ...
[11:53:00] [Render thread/INFO] [me.je.li.lo.PluginCaller/]: Sending Runtime: jei:internal took 3.299 ?s
[11:53:00] [Render thread/INFO] [me.je.co.ut.LoggedTimer/]: Starting JEI took 1.938 s
[11:53:00] [Render thread/INFO] [minecraft/ChatComponent]: [System] [CHAT] Ic2SmokeTest has completed the challenge [Cover Me in Debris]
[11:53:00] [Render thread/INFO] [minecraft/ChatComponent]: [System] [CHAT] ================\nIndustrialUpgrade 3.4.0.9\nYou can check out the mod Intro menu.\nIt contains information about the mod, version, updates, addons, FAQ, development team and useful links.\nYou can open the Intro using the assigned key in the controls settings or through the mod button.\n================
[11:53:00] [Render thread/INFO] [minecraft/ChatComponent]: [System] [CHAT] Need help or want to follow updates? [Discord]
[11:53:00] [Render thread/INFO] [mc.mo.wa.ne.Packets/]: [WTHIT] Received config from the server: {"minecraft:override.invisible_entity":true,"minecraft:attribute.horse_jump_height":true,"minecraft:spawner_type":true,"wailax:progress.enabled_block":true,"minecraft:note_block.type":true,"minecraft:level.composter":true,"minecraft:override.infested":true,"minecraft:attribute.horse_speed":true,"wailax:item.enabled_entity":true,"wailax:progress.enabled_entity":true,"minecraft:redstone.lever":true,"minecraft:item_entity":true,"minecraft:breaking_progress.enabled":true,"minecraft:jukebox.record":true,"wailax:energy.enabled_entity":true,"minecraft:timer.breed":true,"wailax:fluid.enabled_block":true,"minecraft:redstone.comparator":true,"minecraft:attribute.panda_genes":true,"wailax:item.enabled_block":true,"minecraft:override.trapped_chest":true,"minecraft:attribute.health":true,"wailax:item.nbt":true,"minecraft:attribute.armor":true,"minecraft:pet.owner":true,"wailax:energy.enabled_block":true,"minecraft:attribute.absorption":true,"wailax:fluid.enabled_entity":true,"minecraft:redstone.level":true,"minecraft:timer.grow":true,"minecraft:level.honey":true,"minecraft:crop_progress":true,"minecraft:redstone.repeater":true,"minecraft:player_head.name":true,"minecraft:override.powder_snow":true}
[11:53:00] [Render thread/INFO] [minecraft/AdvancementList]: Loaded 22 advancements
[11:53:00] [Render thread/INFO] [minecraft/AdvancementList]: Loaded 29 advancements
[11:53:01] [pool-8-thread-1/INFO] [by.gd.ut.DesktopUtil/]: check internet connection https://auth.tlauncher.org/skin/api/check.bin timeout 1500 ms
[TLSkinCape] Current TLSkinCape version is 1.38 built at 2025-10-20T10:20:17.354+03:00[Europe/Moscow].
[TLSkinCape] Current Minecraft version is 1.18#11800.
[11:53:01] [pool-7-thread-1/INFO] [by.gd.ht.do.im.FileCacheServiceImpl/]: do head request -> https://auth.tlauncher.org/skin/v1/profile/texture/login/Ic2SmokeTest RequestMetadata(lastModified=null, eTag=W/99914b932bd37a50b983c5e7c90ae93b, sha1=bf21a9e8fbc5a3846fb05b4fa0859e0917b2202f) local file C:\Users\mot\AppData\Roaming\.minecraft\cache\https_auth.tlauncher.org\skin\v1\profile\texture\login\Ic2SmokeTest
[11:53:01] [pool-8-thread-1/INFO] [by.gd.ut.DesktopUtil/]: passed auth.tlauncher.org within 800 ms
[11:53:01] [Render thread/WARN] [minecraft/SoundEngine]: Unable to play empty soundEvent: minecraft:entity.tropical_fish.ambient
[11:53:02] [Render thread/INFO] [minecraft/ChatComponent]: [System] [CHAT] JourneyMap: Press [О]
[11:53:02] [Render thread/WARN] [minecraft/SoundEngine]: Unable to play empty soundEvent: minecraft:entity.salmon.ambient
